代碼,題組,構念（中）,構念（英）,題幹（中）,題幹（英）,題目（中）,題目（英）,選項（中）,選項（英）,臺灣各選項%,OECD各選項%,Annex B 表
SC001Q01TA,SC001,,,,Which of the following definitions best describes the community in which your school is located?,,Which of the following definitions best describes the community in which your school is located?,"A village, hamlet or rural area (fewer than 3 000 people) | A small town (3 000 to about 15 000 people) | A town (15 000 to about 100 000 people) | A city (100 000 to about 1 000 000 people) | A large city (1 000 000 to about 10 000 000 people) | A megacity (with over 10 000 000 people)","A village, hamlet or rural area (fewer than 3 000 people) | A small town (3 000 to about 15 000 people) | A town (15 000 to about 100 000 people) | A city (100 000 to about 1 000 000 people) | A large city (1 000 000 to about 10 000 000 people) | A megacity (with over 10 000 000 people)",,,
SC002Q01TA_P,SC002,,,,"As of <February 1, 2025>, what was the total school enrolment (number of students)?",,Percentage of boys,,,,,
SC002Q02TA_P,SC002,,,,"As of <February 1, 2025>, what was the total school enrolment (number of students)?",,Percentage of girls,,,,,
SC003Q01TA,SC003,,,,What is the average size of <test language> classes in <national modal grade for 15-year-olds> in your school?,,What is the average size of <test language> classes in <national modal grade for 15-year-olds> in your school?,15 students or fewer | 16-20 students | 21-25 students | 26-30 students | 31-35 students | 36-40 students | 41-45 students | 46-50 students | More than 50 students,15 students or fewer | 16-20 students | 21-25 students | 26-30 students | 31-35 students | 36-40 students | 41-45 students | 46-50 students | More than 50 students,,,
SC004Q01TA_Q,SC004,,,,The goal of the following set of questions is to gather information about the student-<digital device> ratio for students in the <national modal grade for 15-year-olds> at your school.,,"At your school, what is the total number of students in the <national",Bottom international quartile - Median: 12 | Second international quartile - Median: 39 | Third international quartile - Median: 89 | Top international quartile - Median: 203 | not administered/not applicable | no response,Bottom international quartile - Median: 12 | Second international quartile - Median: 39 | Third international quartile - Median: 89 | Top international quartile - Median: 203 | not administered/not applicable | no response,,,
SC004Q02TA_Q,SC004,,,,The goal of the following set of questions is to gather information about the student-<digital device> ratio for students in the <national modal grade for 15-year-olds> at your school.,,"Approximately, how many desktop or laptop computers are available for",Bottom international quartile - Median: 6 | Second international quartile - Median: 23 | Third international quartile - Median: 45 | Top international quartile - Median: 120 | not administered/not applicable | no response,Bottom international quartile - Median: 6 | Second international quartile - Median: 23 | Third international quartile - Median: 45 | Top international quartile - Median: 120 | not administered/not applicable | no response,,,
SC004Q03TA_Q,SC004,,,,The goal of the following set of questions is to gather information about the student-<digital device> ratio for students in the <national modal grade for 15-year-olds> at your school.,,"Approximately, how many of these desktop, laptop or computers are con",Bottom international quartile - Median: 2 | Second international quartile - Median: 20 | Third international quartile - Median: 41 | Top international quartile - Median: 118 | not administered/not applicable | no response,Bottom international quartile - Median: 2 | Second international quartile - Median: 20 | Third international quartile - Median: 41 | Top international quartile - Median: 118 | not administered/not applicable | no response,,,
SC004Q07NA_Q,SC004,,,,The goal of the following set of questions is to gather information about the student-<digital device> ratio for students in the <national modal grade for 15-year-olds> at your school.,,"Approximately, how many desktop or laptop computers with internet con",Bottom international quartile - Median: 2 | Second international quartile - Median: 12 | Third international quartile - Median: 35 | Top international quartile - Median: 87 | not administered/not applicable | no response,Bottom international quartile - Median: 2 | Second international quartile - Median: 12 | Third international quartile - Median: 35 | Top international quartile - Median: 87 | not administered/not applicable | no response,,,
SC004Q08DA_Q,SC004,,,,The goal of the following set of questions is to gather information about the student-<digital device> ratio for students in the <national modal grade for 15-year-olds> at your school.,,"Approximately, how many tablet devices (e.g. <iPad®>, <Galaxy Book®",Bottom international quartile | Second international quartile | Third international quartile | Top international quartile | not administered/not applicable | no response,Bottom international quartile | Second international quartile | Third international quartile | Top international quartile | not administered/not applicable | no response,,,
SC004Q09DA_Q,SC004,,,,The goal of the following set of questions is to gather information about the student-<digital device> ratio for students in the <national modal grade for 15-year-olds> at your school.,,"Approximately, how many e-book readers (i.e. portable device for read",Bottom international quartile | Second international quartile | Third international quartile | Top international quartile | not administered/not applicable | no response,Bottom international quartile | Second international quartile | Third international quartile | Top international quartile | not administered/not applicable | no response,,,
SC011Q01TA,SC011,,,,Which of the following statements best describes the schooling available to students in your location?,,Which of the following statements best describes the schooling available to students in your location?,There are two or more other schools in this area that compete for our students | There is one other school in this area that competes for our students | There are no other schools in this area that compete for our students | valid skip (filter rule) | system missing | not administered/not applicable | invalid | no response,There are two or more other schools in this area that compete for our students | There is one other school in this area that competes for our students | There are no other schools in this area that compete for our students | valid skip (filter rule) | system missing | not administered/not applicable | invalid | no response,,,
SC012Q01TA,SC012,,,,How often are the following factors considered when students are admitted to your school?,,Student’s record of academic performance (including placement tests),從不 | 有時 | Always | valid skip (filter rule) | system missing | not administered/not applicable | invalid | no response,Never | Sometimes | Always | valid skip (filter rule) | system missing | not administered/not applicable | invalid | no response,,,
SC012Q02TA,SC012,,,,How often are the following factors considered when students are admitted to your school?,,Recommendation of feeder schools,從不 | 有時 | Always | valid skip (filter rule) | system missing | not administered/not applicable | invalid | no response,Never | Sometimes | Always | valid skip (filter rule) | system missing | not administered/not applicable | invalid | no response,,,
SC012Q03TA,SC012,,,,How often are the following factors considered when students are admitted to your school?,,Parents’ or guardians’ endorsement of the instructional or religious philosophy of the school,從不 | 有時 | Always | valid skip (filter rule) | system missing | not administered/not applicable | invalid | no response,Never | Sometimes | Always | valid skip (filter rule) | system missing | not administered/not applicable | invalid | no response,,,
SC012Q04TA,SC012,,,,How often are the following factors considered when students are admitted to your school?,,Whether the student requires or is interested in a special programme,從不 | 有時 | Always | valid skip (filter rule) | system missing | not administered/not applicable | invalid | no response,Never | Sometimes | Always | valid skip (filter rule) | system missing | not administered/not applicable | invalid | no response,,,
SC012Q05TA,SC012,,,,How often are the following factors considered when students are admitted to your school?,,Preference given to family members of current or former students,從不 | 有時 | Always | valid skip (filter rule) | system missing | not administered/not applicable | invalid | no response,Never | Sometimes | Always | valid skip (filter rule) | system missing | not administered/not applicable | invalid | no response,,,
SC012Q06TA,SC012,,,,How often are the following factors considered when students are admitted to your school?,,Residence in a particular area,從不 | 有時 | Always | valid skip (filter rule) | system missing | not administered/not applicable | invalid | no response,Never | Sometimes | Always | valid skip (filter rule) | system missing | not administered/not applicable | invalid | no response,,,
SC012Q08JA,SC012,,,,How often are the following factors considered when students are admitted to your school?,,Student’s disciplinary record in this or another school,從不 | 有時 | Always | valid skip (filter rule) | system missing | not administered/not applicable | invalid | no response,Never | Sometimes | Always | valid skip (filter rule) | system missing | not administered/not applicable | invalid | no response,,,
SC012Q10JA,SC012,,,,How often are the following factors considered when students are admitted to your school?,,Student’s parental status or pregnancy,從不 | 有時 | Always | valid skip (filter rule) | system missing | not administered/not applicable | invalid | no response,Never | Sometimes | Always | valid skip (filter rule) | system missing | not administered/not applicable | invalid | no response,,,
SC012Q11JA,SC012,,,,How often are the following factors considered when students are admitted to your school?,,Student’s working status,從不 | 有時 | Always | valid skip (filter rule) | system missing | not administered/not applicable | invalid | no response,Never | Sometimes | Always | valid skip (filter rule) | system missing | not administered/not applicable | invalid | no response,,,
SC012Q12JA,SC012,,,,How often are the following factors considered when students are admitted to your school?,,Student’s cultural or ethnic background,從不 | 有時 | Always | valid skip (filter rule) | system missing | not administered/not applicable | invalid | no response,Never | Sometimes | Always | valid skip (filter rule) | system missing | not administered/not applicable | invalid | no response,,,
SC012Q13DA,SC012,,,,How often are the following factors considered when students are admitted to your school?,,Whether the student has special learning needs,從不 | 有時 | Always | valid skip (filter rule) | system missing | not administered/not applicable | invalid | no response,Never | Sometimes | Always | valid skip (filter rule) | system missing | not administered/not applicable | invalid | no response,,,
SC013Q01TA,SC013,,,,Is your school a public or a private school?,,Is your school a public or a private school?,A public school | A private school,A public school | A private school,,,
SC016Q01TA_Q,SC016,,,,About what percentage of your total funding for a typical school year comes from the following sources?,,"Government (includes departments, local, regional, state and national)",From 0 to 25% | More than 25% to 50% | More than 50% to 75% | More than 75% | not administered/not applicable | no response,From 0 to 25% | More than 25% to 50% | More than 50% to 75% | More than 75% | not administered/not applicable | no response,,,
SC016Q02TA_Q,SC016,,,,About what percentage of your total funding for a typical school year comes from the following sources?,,Student fees or school charges paid by parents or guardians,From 0 to 25% | More than 25% to 50% | More than 50% to 75% | More than 75% | not administered/not applicable | no response,From 0 to 25% | More than 25% to 50% | More than 50% to 75% | More than 75% | not administered/not applicable | no response,,,
SC016Q03TA_Q,SC016,,,,About what percentage of your total funding for a typical school year comes from the following sources?,,"Benefactors, donations, bequests, sponsorships, parent or guardian fundraising",From 0 to 25% | More than 25% to 50% | More than 50% to 75% | More than 75% | not administered/not applicable | no response,From 0 to 25% | More than 25% to 50% | More than 50% to 75% | More than 75% | not administered/not applicable | no response,,,
SC016Q04TA_Q,SC016,,,,About what percentage of your total funding for a typical school year comes from the following sources?,,Other,From 0 to 25% | More than 25% to 50% | More than 50% to 75% | More than 75% | not administered/not applicable | no response,From 0 to 25% | More than 25% to 50% | More than 50% to 75% | More than 75% | not administered/not applicable | no response,,,
SC017Q01NA,SC017,教育人力不足,Shortage of education staff,貴校提供教學的能力是否受到下列問題的阻礙？,Is your school’s capacity to provide instruction hindered by any of the following issues?,教學人力不足,A lack of teaching staff,完全不會 | 很少 | 有一些 | A lot | valid skip (filter rule) | system missing | not administered/not applicable | invalid | no response,Not at all | Very little | To some extent | A lot | valid skip (filter rule) | system missing | not administered/not applicable | invalid | no response,完全不會=23.95 | 很少=47.86 | 有一些=25.82 | A lot=2.37,完全不會=28.78 | 很少=32.25 | 有一些=28.85 | A lot=10.12,Table I.B1.4.71
SC017Q02NA,SC017,教育人力不足,Shortage of education staff,貴校提供教學的能力是否受到下列問題的阻礙？,Is your school’s capacity to provide instruction hindered by any of the following issues?,教學人員不足額或資格不符,Inadequate or poorly qualified teaching staff,完全不會 | 很少 | 有一些 | A lot | valid skip (filter rule) | system missing | not administered/not applicable | invalid | no response,Not at all | Very little | To some extent | A lot | valid skip (filter rule) | system missing | not administered/not applicable | invalid | no response,完全不會=19.32 | 很少=70.22 | 有一些=8.68 | A lot=1.78,完全不會=35.97 | 很少=39.52 | 有一些=20.12 | A lot=4.39,Table I.B1.4.71
SC017Q03NA,SC017,教育人力不足,Shortage of education staff,貴校提供教學的能力是否受到下列問題的阻礙？,Is your school’s capacity to provide instruction hindered by any of the following issues?,助理人力不足,A lack of assisting staff,完全不會 | 很少 | 有一些 | A lot | valid skip (filter rule) | system missing | not administered/not applicable | invalid | no response,Not at all | Very little | To some extent | A lot | valid skip (filter rule) | system missing | not administered/not applicable | invalid | no response,完全不會=35.09 | 很少=45.08 | 有一些=17.32 | A lot=2.5,完全不會=32.76 | 很少=28.67 | 有一些=25.72 | A lot=12.85,Table I.B1.4.71
SC017Q04NA,SC017,教育人力不足,Shortage of education staff,貴校提供教學的能力是否受到下列問題的阻礙？,Is your school’s capacity to provide instruction hindered by any of the following issues?,助理人員不足額或資格不符,Inadequate or poorly qualified assisting staff,完全不會 | 很少 | 有一些 | A lot | valid skip (filter rule) | system missing | not administered/not applicable | invalid | no response,Not at all | Very little | To some extent | A lot | valid skip (filter rule) | system missing | not administered/not applicable | invalid | no response,完全不會=37.36 | 很少=54.0 | 有一些=7.67 | A lot=0.97,完全不會=47.71 | 很少=31.06 | 有一些=15.72 | A lot=5.5,Table I.B1.4.71
SC017Q05NA,SC017,教學材料不足,Shortage of educational material,貴校提供教學的能力是否受到下列問題的阻礙？,Is your school’s capacity to provide instruction hindered by any of the following issues?,教學材料不足（例如教科書、資訊設備、圖書館或實驗室材料）,"A lack of educational material (e.g., textbooks, IT equipment, library or laboratory material)",完全不會 | 很少 | 有一些 | A lot | valid skip (filter rule) | system missing | not administered/not applicable | invalid | no response,Not at all | Very little | To some extent | A lot | valid skip (filter rule) | system missing | not administered/not applicable | invalid | no response,完全不會=60.28 | 很少=33.21 | 有一些=6.44 | A lot=0.07,完全不會=43.79 | 很少=29.13 | 有一些=20.24 | A lot=6.85,Table I.B1.4.83
SC017Q06NA,SC017,教學材料不足,Shortage of educational material,貴校提供教學的能力是否受到下列問題的阻礙？,Is your school’s capacity to provide instruction hindered by any of the following issues?,教學材料不足額或品質不佳（例如教科書、資訊設備、圖書館或實驗室材料）,"Inadequate or poor quality educational material (e.g., textbooks, IT equipment, library or laboratory material)",完全不會 | 很少 | 有一些 | A lot | valid skip (filter rule) | system missing | not administered/not applicable | invalid | no response,Not at all | Very little | To some extent | A lot | valid skip (filter rule) | system missing | not administered/not applicable | invalid | no response,完全不會=64.86 | 很少=28.85 | 有一些=6.21 | A lot=0.07,完全不會=44.25 | 很少=31.46 | 有一些=19.11 | A lot=5.18,Table I.B1.4.83
SC017Q07NA,SC017,教學材料不足,Shortage of educational material,貴校提供教學的能力是否受到下列問題的阻礙？,Is your school’s capacity to provide instruction hindered by any of the following issues?,硬體設施不足（例如建築、場地、空調、照明與隔音）,"A lack of physical infrastructure (e.g., building, grounds, heating/cooling, lighting and acoustic systems)",完全不會 | 很少 | 有一些 | A lot | valid skip (filter rule) | system missing | not administered/not applicable | invalid | no response,Not at all | Very little | To some extent | A lot | valid skip (filter rule) | system missing | not administered/not applicable | invalid | no response,完全不會=60.79 | 很少=31.48 | 有一些=6.82 | A lot=0.91,完全不會=40.36 | 很少=26.83 | 有一些=20.57 | A lot=12.24,Table I.B1.4.83
SC017Q08NA,SC017,教學材料不足,Shortage of educational material,貴校提供教學的能力是否受到下列問題的阻礙？,Is your school’s capacity to provide instruction hindered by any of the following issues?,硬體設施不足額或品質不佳（例如建築、場地、空調、照明與隔音）,"Inadequate or poor quality physical infrastructure (e.g., building, grounds, heating/cooling, lighting and acoustic systems)",完全不會 | 很少 | 有一些 | A lot | valid skip (filter rule) | system missing | not administered/not applicable | invalid | no response,Not at all | Very little | To some extent | A lot | valid skip (filter rule) | system missing | not administered/not applicable | invalid | no response,完全不會=63.8 | 很少=28.65 | 有一些=7.37 | A lot=0.18,完全不會=40.27 | 很少=28.17 | 有一些=20.57 | A lot=10.99,Table I.B1.4.83
SC017Q09JA,SC017,教育人力不足,Shortage of education staff,貴校提供教學的能力是否受到下列問題的阻礙？,Is your school’s capacity to provide instruction hindered by any of the following issues?,,"A lack of <digital resources> (e.g. desktop or laptop computers, internet access, learning management systems or school learning platforms)",完全不會 | 很少 | 有一些 | A lot | valid skip (filter rule) | system missing | not administered/not applicable | invalid | no response,Not at all | Very little | To some extent | A lot | valid skip (filter rule) | system missing | not administered/not applicable | invalid | no response,,,Table I.B1.4.71
SC017Q10JA,SC017,教育人力不足,Shortage of education staff,貴校提供教學的能力是否受到下列問題的阻礙？,Is your school’s capacity to provide instruction hindered by any of the following issues?,,"Inadequate or poor quality <digital resources> (e.g. desktop or laptop computers, internet access, learning management systems or school learning platforms)",完全不會 | 很少 | 有一些 | A lot | valid skip (filter rule) | system missing | not administered/not applicable | invalid | no response,Not at all | Very little | To some extent | A lot | valid skip (filter rule) | system missing | not administered/not applicable | invalid | no response,,,Table I.B1.4.71
SC018Q01TA_01_Q,SC018,,,,How many of the following teachers are on the staff of your school?,,Teachers in TOTAL (full time),Bottom international quartile - Median: 9 | Second international quartile - Median: 22 | Third international quartile - Median: 42 | Top international quartile - Median: 83 | not administered/not applicable | no response,Bottom international quartile - Median: 9 | Second international quartile - Median: 22 | Third international quartile - Median: 42 | Top international quartile - Median: 83 | not administered/not applicable | no response,,,
SC018Q01TA_02_Q,SC018,,,,How many of the following teachers are on the staff of your school?,,Teachers in TOTAL (part time),Bottom international quartile - Median: 0 | Second international quartile - Median: 3 | Third international quartile - Median: 8 | Top international quartile - Median: 23 | not administered/not applicable | no response,Bottom international quartile - Median: 0 | Second international quartile - Median: 3 | Third international quartile - Median: 8 | Top international quartile - Median: 23 | not administered/not applicable | no response,,,
SC018Q02TA_01_Q,SC018,,,,How many of the following teachers are on the staff of your school?,,Teachers <fully certified> by <the appropriate authority> (full time),Bottom international quartile - Median: 3 | Second international quartile - Median: 16 | Third international quartile - Median: 36 | Top international quartile - Median: 76 | not administered/not applicable | no response,Bottom international quartile - Median: 3 | Second international quartile - Median: 16 | Third international quartile - Median: 36 | Top international quartile - Median: 76 | not administered/not applicable | no response,,,
SC018Q02TA_02_Q,SC018,,,,How many of the following teachers are on the staff of your school?,,Teachers <fully certified> by <the appropriate authority> (part time),Bottom international quartile - Median: 0 | Second international quartile - Median: 1 | Third international quartile - Median: 5 | Top international quartile - Median: 19 | not administered/not applicable | no response,Bottom international quartile - Median: 0 | Second international quartile - Median: 1 | Third international quartile - Median: 5 | Top international quartile - Median: 19 | not administered/not applicable | no response,,,
SC018Q08JA_01_Q,SC018,,,,How many of the following teachers are on the staff of your school?,,Teachers with an <ISCED Level 6 –Bachelor’s or equivalent level> qualification (full time),Bottom international quartile - Median: 1 | Second international quartile - Median: 9 | Third international quartile - Median: 25 | Top international quartile - Median: 63 | not administered/not applicable | no response,Bottom international quartile - Median: 1 | Second international quartile - Median: 9 | Third international quartile - Median: 25 | Top international quartile - Median: 63 | not administered/not applicable | no response,,,
SC018Q08JA_02_Q,SC018,,,,How many of the following teachers are on the staff of your school?,,Teachers with an <ISCED Level 6 –Bachelor’s or equivalent level> qualification (part time),Bottom international quartile - Median: 0 | Second international quartile - Median: 1 | Third international quartile - Median: 3 | Top international quartile - Median: 13 | not administered/not applicable | no response,Bottom international quartile - Median: 0 | Second international quartile - Median: 1 | Third international quartile - Median: 3 | Top international quartile - Median: 13 | not administered/not applicable | no response,,,
SC018Q09JA_01_Q,SC018,,,,How many of the following teachers are on the staff of your school?,,Teachers with an <ISCED Level 7 – Master’s or equivalent level> qualification (full time),Bottom international quartile - Median: 0 | Second international quartile - Median: 3 | Third international quartile - Median: 10 | Top international quartile - Median: 35 | not administered/not applicable | no response,Bottom international quartile - Median: 0 | Second international quartile - Median: 3 | Third international quartile - Median: 10 | Top international quartile - Median: 35 | not administered/not applicable | no response,,,
SC018Q09JA_02_Q,SC018,,,,How many of the following teachers are on the staff of your school?,,Teachers with an <ISCED Level 7 – Master’s or equivalent level> qualification (part time),Bottom international quartile | Second international quartile | Third international quartile | Top international quartile | not administered/not applicable | no response,Bottom international quartile | Second international quartile | Third international quartile | Top international quartile | not administered/not applicable | no response,,,
SC018Q10JA_01_Q,SC018,,,,How many of the following teachers are on the staff of your school?,,Teachers with an <ISCED Level 8 – Doctoral or equivalent level> qualification (full time),Bottom international quartile | Second international quartile | Third international quartile | Top international quartile | not administered/not applicable | no response,Bottom international quartile | Second international quartile | Third international quartile | Top international quartile | not administered/not applicable | no response,,,
SC018Q10JA_02_Q,SC018,,,,How many of the following teachers are on the staff of your school?,,Teachers with an <ISCED Level 8 – Doctoral or equivalent level> qualification (part time),Bottom international quartile | Second international quartile | Third international quartile | Top international quartile | not administered/not applicable | no response,Bottom international quartile | Second international quartile | Third international quartile | Top international quartile | not administered/not applicable | no response,,,
SC025Q01NA,SC025,,,,"During the last three months, what percentage of teaching staff in your school has attended a programme of professional development?",,All teaching staff at your school,,,,,
SC025Q02NA,SC025,,,,"During the last three months, what percentage of teaching staff in your school has attended a programme of professional development?",,Science teaching staff at your school,,,,,
SC032Q01TA,SC032,,,,"During <the last academic year>, have any of the following methods been used to monitor the practice of teachers at your school?",,Tests or assessments of student achievement,是 | 否 | valid skip (filter rule) | system missing | not administered/not applicable | invalid | no response,Yes | No | valid skip (filter rule) | system missing | not administered/not applicable | invalid | no response,,,
SC032Q02TA,SC032,,,,"During <the last academic year>, have any of the following methods been used to monitor the practice of teachers at your school?",,"Teacher peer review (of lesson plans, assessment instruments, lessons)",是 | 否 | valid skip (filter rule) | system missing | not administered/not applicable | invalid | no response,Yes | No | valid skip (filter rule) | system missing | not administered/not applicable | invalid | no response,,,
SC032Q03TA,SC032,,,,"During <the last academic year>, have any of the following methods been used to monitor the practice of teachers at your school?",,Principal or senior staff observations of lessons,是 | 否 | valid skip (filter rule) | system missing | not administered/not applicable | invalid | no response,Yes | No | valid skip (filter rule) | system missing | not administered/not applicable | invalid | no response,,,
SC032Q04TA,SC032,,,,"During <the last academic year>, have any of the following methods been used to monitor the practice of teachers at your school?",,Observation of classes by inspectors or other persons external to the school,是 | 否 | valid skip (filter rule) | system missing | not administered/not applicable | invalid | no response,Yes | No | valid skip (filter rule) | system missing | not administered/not applicable | invalid | no response,,,
SC034Q01NA,SC034,學校的學生評量方式,Student assessment practices at school,一般而言，貴校〈15 歲學生所在年級〉的學生多常以下列方式被評量？,"Generally, in your school, how often are students <in national modal grade for 15-year-olds> assessed using the following methods?",,"Mandatory <standardised tests>, e.g. <country specific example>",從不 | 1-2 times a year | 3-5 times a year | Monthly | More than once a month,Never | 1-2 times a year | 3-5 times a year | Monthly | More than once a month,,,Table I.B1.4.176
SC034Q02NA,SC034,學校的學生評量方式,Student assessment practices at school,一般而言，貴校〈15 歲學生所在年級〉的學生多常以下列方式被評量？,"Generally, in your school, how often are students <in national modal grade for 15-year-olds> assessed using the following methods?",,Non-mandatory <standardised tests> (e.g. publicly or commercially available standardised test material like <country specif,從不 | 1-2 times a year | 3-5 times a year | Monthly | More than once a month,Never | 1-2 times a year | 3-5 times a year | Monthly | More than once a month,,,Table I.B1.4.176
SC034Q03TA,SC034,學校的學生評量方式,Student assessment practices at school,一般而言，貴校〈15 歲學生所在年級〉的學生多常以下列方式被評量？,"Generally, in your school, how often are students <in national modal grade for 15-year-olds> assessed using the following methods?",教師自編測驗,Teacher-developed tests,從不 | 1-2 times a year | 3-5 times a year | Monthly | More than once a month,Never | 1-2 times a year | 3-5 times a year | Monthly | More than once a month,從不=1.9 | 1-2 times per year=4.42 | 3-5 times per year=9.71 | Monthly=18.81 | More than once a month=65.16,從不=2.85 | 1-2 times per year=7.54 | 3-5 times per year=27.62 | Monthly=26.33 | More than once a month=35.66,Table I.B1.4.176
SC034Q04TA,SC034,學校的學生評量方式,Student assessment practices at school,一般而言，貴校〈15 歲學生所在年級〉的學生多常以下列方式被評量？,"Generally, in your school, how often are students <in national modal grade for 15-year-olds> assessed using the following methods?",教師的評判式評分,Teachers’ judgmental ratings,從不 | 1-2 times a year | 3-5 times a year | Monthly | More than once a month,Never | 1-2 times a year | 3-5 times a year | Monthly | More than once a month,從不=4.76 | 1-2 times per year=15.37 | 3-5 times per year=15.12 | Monthly=17.97 | More than once a month=46.77,從不=9.0 | 1-2 times per year=12.46 | 3-5 times per year=19.5 | Monthly=15.97 | More than once a month=43.07,Table I.B1.4.176
SC035Q01NA_A,SC035,,,,"In your school, are <standardised tests> and/or teacher-developed tests of students in <national modal grade for 15-year-olds> used for any of the following purposes?",,To guide students’ learning (<Standardised-tests>),是 | 否 | valid skip (filter rule) | system missing | not administered/not applicable | invalid | no response,Yes | No | valid skip (filter rule) | system missing | not administered/not applicable | invalid | no response,,,
SC035Q01NA_B,SC035,,,,"In your school, are <standardised tests> and/or teacher-developed tests of students in <national modal grade for 15-year-olds> used for any of the following purposes?",,To guide students’ learning (Teacher-developed tests),是 | 否 | valid skip (filter rule) | system missing | not administered/not applicable | invalid | no response,Yes | No | valid skip (filter rule) | system missing | not administered/not applicable | invalid | no response,,,
SC035Q02TA_A,SC035,,,,"In your school, are <standardised tests> and/or teacher-developed tests of students in <national modal grade for 15-year-olds> used for any of the following purposes?",,To inform parents or guardians about their child’s progress (<Standardised-tests>),是 | 否 | valid skip (filter rule) | system missing | not administered/not applicable | invalid | no response,Yes | No | valid skip (filter rule) | system missing | not administered/not applicable | invalid | no response,,,
SC035Q02TA_B,SC035,,,,"In your school, are <standardised tests> and/or teacher-developed tests of students in <national modal grade for 15-year-olds> used for any of the following purposes?",,To inform parents or guardians about their child’s progress (Teacher-developed tests),是 | 否 | valid skip (filter rule) | system missing | not administered/not applicable | invalid | no response,Yes | No | valid skip (filter rule) | system missing | not administered/not applicable | invalid | no response,,,
SC035Q03TA_A,SC035,,,,"In your school, are <standardised tests> and/or teacher-developed tests of students in <national modal grade for 15-year-olds> used for any of the following purposes?",,To make decisions about students’ retention or promotion (<Standardised-tests>),是 | 否 | valid skip (filter rule) | system missing | not administered/not applicable | invalid | no response,Yes | No | valid skip (filter rule) | system missing | not administered/not applicable | invalid | no response,,,
SC035Q03TA_B,SC035,,,,"In your school, are <standardised tests> and/or teacher-developed tests of students in <national modal grade for 15-year-olds> used for any of the following purposes?",,To make decisions about students’ retention or promotion (Teacher-developed tests),是 | 否 | valid skip (filter rule) | system missing | not administered/not applicable | invalid | no response,Yes | No | valid skip (filter rule) | system missing | not administered/not applicable | invalid | no response,,,
SC035Q04TA_A,SC035,,,,"In your school, are <standardised tests> and/or teacher-developed tests of students in <national modal grade for 15-year-olds> used for any of the following purposes?",,To group students for instructional purposes (<Standardised-tests>),是 | 否 | valid skip (filter rule) | system missing | not administered/not applicable | invalid | no response,Yes | No | valid skip (filter rule) | system missing | not administered/not applicable | invalid | no response,,,
SC035Q04TA_B,SC035,,,,"In your school, are <standardised tests> and/or teacher-developed tests of students in <national modal grade for 15-year-olds> used for any of the following purposes?",,To group students for instructional purposes (Teacher-developed tests),是 | 否 | valid skip (filter rule) | system missing | not administered/not applicable | invalid | no response,Yes | No | valid skip (filter rule) | system missing | not administered/not applicable | invalid | no response,,,
SC035Q05TA_A,SC035,,,,"In your school, are <standardised tests> and/or teacher-developed tests of students in <national modal grade for 15-year-olds> used for any of the following purposes?",,To compare the school to <district or national> performance (<Standardised-tests>),是 | 否 | valid skip (filter rule) | system missing | not administered/not applicable | invalid | no response,Yes | No | valid skip (filter rule) | system missing | not administered/not applicable | invalid | no response,,,
SC035Q05TA_B,SC035,,,,"In your school, are <standardised tests> and/or teacher-developed tests of students in <national modal grade for 15-year-olds> used for any of the following purposes?",,To compare the school to <district or national> performance (Teacher-developed tests),是 | 否 | valid skip (filter rule) | system missing | not administered/not applicable | invalid | no response,Yes | No | valid skip (filter rule) | system missing | not administered/not applicable | invalid | no response,,,
SC035Q06TA_A,SC035,,,,"In your school, are <standardised tests> and/or teacher-developed tests of students in <national modal grade for 15-year-olds> used for any of the following purposes?",,To monitor the school’s progress from year to year (<Standardised-tests>),是 | 否 | valid skip (filter rule) | system missing | not administered/not applicable | invalid | no response,Yes | No | valid skip (filter rule) | system missing | not administered/not applicable | invalid | no response,,,
SC035Q06TA_B,SC035,,,,"In your school, are <standardised tests> and/or teacher-developed tests of students in <national modal grade for 15-year-olds> used for any of the following purposes?",,To monitor the school’s progress from year to year (Teacher-developed tests),是 | 否 | valid skip (filter rule) | system missing | not administered/not applicable | invalid | no response,Yes | No | valid skip (filter rule) | system missing | not administered/not applicable | invalid | no response,,,
SC035Q07TA_A,SC035,,,,"In your school, are <standardised tests> and/or teacher-developed tests of students in <national modal grade for 15-year-olds> used for any of the following purposes?",,To make judgements about teachers’ effectiveness (<Standardised-tests>),是 | 否 | valid skip (filter rule) | system missing | not administered/not applicable | invalid | no response,Yes | No | valid skip (filter rule) | system missing | not administered/not applicable | invalid | no response,,,
SC035Q07TA_B,SC035,,,,"In your school, are <standardised tests> and/or teacher-developed tests of students in <national modal grade for 15-year-olds> used for any of the following purposes?",,To make judgements about teachers’ effectiveness (Teacher-developed tests),是 | 否 | valid skip (filter rule) | system missing | not administered/not applicable | invalid | no response,Yes | No | valid skip (filter rule) | system missing | not administered/not applicable | invalid | no response,,,
SC035Q08TA_A,SC035,,,,"In your school, are <standardised tests> and/or teacher-developed tests of students in <national modal grade for 15-year-olds> used for any of the following purposes?",,To identify aspects of instruction or the curriculum that could be improved (<Standardi,是 | 否 | valid skip (filter rule) | system missing | not administered/not applicable | invalid | no response,Yes | No | valid skip (filter rule) | system missing | not administered/not applicable | invalid | no response,,,
SC035Q08TA_B,SC035,,,,"In your school, are <standardised tests> and/or teacher-developed tests of students in <national modal grade for 15-year-olds> used for any of the following purposes?",,To identify aspects of instruction or the curriculum that could be improved (Teacher-de,是 | 否 | valid skip (filter rule) | system missing | not administered/not applicable | invalid | no response,Yes | No | valid skip (filter rule) | system missing | not administered/not applicable | invalid | no response,,,
SC035Q09NA_A,SC035,,,,"In your school, are <standardised tests> and/or teacher-developed tests of students in <national modal grade for 15-year-olds> used for any of the following purposes?",,To adapt teaching to the students’ needs (<Standardised-tests>),是 | 否 | valid skip (filter rule) | system missing | not administered/not applicable | invalid | no response,Yes | No | valid skip (filter rule) | system missing | not administered/not applicable | invalid | no response,,,
SC035Q09NA_B,SC035,,,,"In your school, are <standardised tests> and/or teacher-developed tests of students in <national modal grade for 15-year-olds> used for any of the following purposes?",,To adapt teaching to the students’ needs (Teacher-developed tests),是 | 否 | valid skip (filter rule) | system missing | not administered/not applicable | invalid | no response,Yes | No | valid skip (filter rule) | system missing | not administered/not applicable | invalid | no response,,,
SC035Q10TA_A,SC035,,,,"In your school, are <standardised tests> and/or teacher-developed tests of students in <national modal grade for 15-year-olds> used for any of the following purposes?",,To compare the school with other schools (<Standardised-tests>),是 | 否 | valid skip (filter rule) | system missing | not administered/not applicable | invalid | no response,Yes | No | valid skip (filter rule) | system missing | not administered/not applicable | invalid | no response,,,
SC035Q10TA_B,SC035,,,,"In your school, are <standardised tests> and/or teacher-developed tests of students in <national modal grade for 15-year-olds> used for any of the following purposes?",,To compare the school with other schools (Teacher-developed tests),是 | 否 | valid skip (filter rule) | system missing | not administered/not applicable | invalid | no response,Yes | No | valid skip (filter rule) | system missing | not administered/not applicable | invalid | no response,,,
SC035Q11NA_A,SC035,,,,"In your school, are <standardised tests> and/or teacher-developed tests of students in <national modal grade for 15-year-olds> used for any of the following purposes?",,To award certificates to students (<Standardised-tests>),是 | 否 | valid skip (filter rule) | system missing | not administered/not applicable | invalid | no response,Yes | No | valid skip (filter rule) | system missing | not administered/not applicable | invalid | no response,,,
SC035Q11NA_B,SC035,,,,"In your school, are <standardised tests> and/or teacher-developed tests of students in <national modal grade for 15-year-olds> used for any of the following purposes?",,To award certificates to students (Teacher-developed tests),是 | 否 | valid skip (filter rule) | system missing | not administered/not applicable | invalid | no response,Yes | No | valid skip (filter rule) | system missing | not administered/not applicable | invalid | no response,,,
SC037Q01TA,SC037,學校品質保證與改進機制,Quality assurance and improvement actions at school,貴校是否存在下列品質保證與改進機制？它們由誰主導？,Do the following arrangements aimed at quality assurance and improvements exist in your school and where do they come from?,內部評鑑／自我評鑑,Internal evaluation/Self-evaluation,"Yes, this is mandatory, e.g. based on district or ministry policies | Yes, based on school initiative | 否 | valid skip (filter rule) | system missing | not administered/not applicable | invalid | no response","Yes, this is mandatory, e.g. based on district or ministry policies | Yes, based on school initiative | No | valid skip (filter rule) | system missing | not administered/not applicable | invalid | no response","Yes, 
this is mandatory, e.g. based on district or ministry policies=66.84 | Yes, 
based on school initiative=30.42 | 否=2.74","Yes, 
this is mandatory, e.g. based on district or ministry policies=58.73 | Yes, 
based on school initiative=38.69 | 否=2.58",Table I.B1.4.179
SC037Q02TA,SC037,學校品質保證與改進機制,Quality assurance and improvement actions at school,貴校是否存在下列品質保證與改進機制？它們由誰主導？,Do the following arrangements aimed at quality assurance and improvements exist in your school and where do they come from?,外部評鑑,External evaluation,"Yes, this is mandatory, e.g. based on district or ministry policies | Yes, based on school initiative | 否 | valid skip (filter rule) | system missing | not administered/not applicable | invalid | no response","Yes, this is mandatory, e.g. based on district or ministry policies | Yes, based on school initiative | No | valid skip (filter rule) | system missing | not administered/not applicable | invalid | no response","Yes, 
this is mandatory, e.g. based on district or ministry policies=72.74 | Yes, 
based on school initiative=10.3 | 否=16.96","Yes, 
this is mandatory, e.g. based on district or ministry policies=67.79 | Yes, 
based on school initiative=15.16 | 否=17.05",Table I.B1.4.179
SC037Q03TA,SC037,學校品質保證與改進機制,Quality assurance and improvement actions at school,貴校是否存在下列品質保證與改進機制？它們由誰主導？,Do the following arrangements aimed at quality assurance and improvements exist in your school and where do they come from?,以書面明訂學校的課程樣貌與教育目標,Written specification of the school’s curricular profile and educational goals,"Yes, this is mandatory, e.g. based on district or ministry policies | Yes, based on school initiative | 否 | valid skip (filter rule) | system missing | not administered/not applicable | invalid | no response","Yes, this is mandatory, e.g. based on district or ministry policies | Yes, based on school initiative | No | valid skip (filter rule) | system missing | not administered/not applicable | invalid | no response","Yes, 
this is mandatory, e.g. based on district or ministry policies=66.99 | Yes, 
based on school initiative=31.35 | 否=1.66","Yes, 
this is mandatory, e.g. based on district or ministry policies=60.93 | Yes, 
based on school initiative=32.42 | 否=6.65",Table I.B1.4.179
SC037Q04TA,SC037,學校品質保證與改進機制,Quality assurance and improvement actions at school,貴校是否存在下列品質保證與改進機制？它們由誰主導？,Do the following arrangements aimed at quality assurance and improvements exist in your school and where do they come from?,以書面明訂學生表現標準,Written specification of student performance standards,"Yes, this is mandatory, e.g. based on district or ministry policies | Yes, based on school initiative | 否 | valid skip (filter rule) | system missing | not administered/not applicable | invalid | no response","Yes, this is mandatory, e.g. based on district or ministry policies | Yes, based on school initiative | No | valid skip (filter rule) | system missing | not administered/not applicable | invalid | no response","Yes, 
this is mandatory, e.g. based on district or ministry policies=47.3 | Yes, 
based on school initiative=48.37 | 否=4.34","Yes, 
this is mandatory, e.g. based on district or ministry policies=52.31 | Yes, 
based on school initiative=35.96 | 否=11.73",Table I.B1.4.179
SC037Q05NA,SC037,學校品質保證與改進機制,Quality assurance and improvement actions at school,貴校是否存在下列品質保證與改進機制？它們由誰主導？,Do the following arrangements aimed at quality assurance and improvements exist in your school and where do they come from?,系統性記錄教師或學生出勤與專業發展等資料,Systematic recording of data such as teacher or student attendance and professional development,"Yes, this is mandatory, e.g. based on district or ministry policies | Yes, based on school initiative | 否 | valid skip (filter rule) | system missing | not administered/not applicable | invalid | no response","Yes, this is mandatory, e.g. based on district or ministry policies | Yes, based on school initiative | No | valid skip (filter rule) | system missing | not administered/not applicable | invalid | no response","Yes, 
this is mandatory, e.g. based on district or ministry policies=52.21 | Yes, 
based on school initiative=46.81 | 否=0.99","Yes, 
this is mandatory, e.g. based on district or ministry policies=57.41 | Yes, 
based on school initiative=38.96 | 否=3.63",Table I.B1.4.179
SC037Q06NA,SC037,學校品質保證與改進機制,Quality assurance and improvement actions at school,貴校是否存在下列品質保證與改進機制？它們由誰主導？,Do the following arrangements aimed at quality assurance and improvements exist in your school and where do they come from?,系統性記錄學生測驗結果與畢業率,Systematic recording of student test results and graduation rates,"Yes, this is mandatory, e.g. based on district or ministry policies | Yes, based on school initiative | 否 | valid skip (filter rule) | system missing | not administered/not applicable | invalid | no response","Yes, this is mandatory, e.g. based on district or ministry policies | Yes, based on school initiative | No | valid skip (filter rule) | system missing | not administered/not applicable | invalid | no response","Yes, 
this is mandatory, e.g. based on district or ministry policies=53.14 | Yes, 
based on school initiative=45.58 | 否=1.28","Yes, 
this is mandatory, e.g. based on district or ministry policies=57.33 | Yes, 
based on school initiative=39.89 | 否=2.78",Table I.B1.4.179
SC037Q07TA,SC037,學校品質保證與改進機制,Quality assurance and improvement actions at school,貴校是否存在下列品質保證與改進機制？它們由誰主導？,Do the following arrangements aimed at quality assurance and improvements exist in your school and where do they come from?,向學生蒐集書面回饋（例如對課程、教師或資源的意見）,"Seeking written feedback from students (e.g. regarding lessons, teachers or resources)","Yes, this is mandatory, e.g. based on district or ministry policies | Yes, based on school initiative | 否 | valid skip (filter rule) | system missing | not administered/not applicable | invalid | no response","Yes, this is mandatory, e.g. based on district or ministry policies | Yes, based on school initiative | No | valid skip (filter rule) | system missing | not administered/not applicable | invalid | no response","Yes, 
this is mandatory, e.g. based on district or ministry policies=22.57 | Yes, 
based on school initiative=68.98 | 否=8.44","Yes, 
this is mandatory, e.g. based on district or ministry policies=16.22 | Yes, 
based on school initiative=61.89 | 否=21.89",Table I.B1.4.179
SC037Q08TA,SC037,學校品質保證與改進機制,Quality assurance and improvement actions at school,貴校是否存在下列品質保證與改進機制？它們由誰主導？,Do the following arrangements aimed at quality assurance and improvements exist in your school and where do they come from?,教師師徒制,Teacher mentoring,"Yes, this is mandatory, e.g. based on district or ministry policies | Yes, based on school initiative | 否 | valid skip (filter rule) | system missing | not administered/not applicable | invalid | no response","Yes, this is mandatory, e.g. based on district or ministry policies | Yes, based on school initiative | No | valid skip (filter rule) | system missing | not administered/not applicable | invalid | no response","Yes, 
this is mandatory, e.g. based on district or ministry policies=28.75 | Yes, 
based on school initiative=65.74 | 否=5.51","Yes, 
this is mandatory, e.g. based on district or ministry policies=20.58 | Yes, 
based on school initiative=66.34 | 否=13.08",Table I.B1.4.179
SC037Q09TA,SC037,學校品質保證與改進機制,Quality assurance and improvement actions at school,貴校是否存在下列品質保證與改進機制？它們由誰主導？,Do the following arrangements aimed at quality assurance and improvements exist in your school and where do they come from?,與一位以上專家進行至少持續半年、以學校改進為目標的定期諮詢,Regular consultation aimed at school improvement with one or more experts over a period of at least six months,"Yes, this is mandatory, e.g. based on district or ministry policies | Yes, based on school initiative | 否 | valid skip (filter rule) | system missing | not administered/not applicable | invalid | no response","Yes, this is mandatory, e.g. based on district or ministry policies | Yes, based on school initiative | No | valid skip (filter rule) | system missing | not administered/not applicable | invalid | no response","Yes, 
this is mandatory, e.g. based on district or ministry policies=18.59 | Yes, 
based on school initiative=34.78 | 否=46.63","Yes, 
this is mandatory, e.g. based on district or ministry policies=14.75 | Yes, 
based on school initiative=45.37 | 否=39.87",Table I.B1.4.179
SC037Q12DA,SC037,學校品質保證與改進機制,Quality assurance and improvement actions at school,貴校是否存在下列品質保證與改進機制？它們由誰主導？,Do the following arrangements aimed at quality assurance and improvements exist in your school and where do they come from?,,Implementation of a standardised policy for <school science> subjects (i.e. school curriculum with shared instructional materials,"Yes, this is mandatory, e.g. based on district or ministry policies | Yes, based on school initiative | 否 | valid skip (filter rule) | system missing | not administered/not applicable | invalid | no response","Yes, this is mandatory, e.g. based on district or ministry policies | Yes, based on school initiative | No | valid skip (filter rule) | system missing | not administered/not applicable | invalid | no response",,,Table I.B1.4.179
SC042Q01TA,SC042,能力分組,Ability grouping,,What is your school’s policy about this for students in <national modal grade for 15-year-olds>?,,Students are grouped by ability into different classes.,For all subjects | For some subjects | Not for any subjects | valid skip (filter rule) | system missing | not administered/not applicable | invalid | no response,For all subjects | For some subjects | Not for any subjects | valid skip (filter rule) | system missing | not administered/not applicable | invalid | no response,For all subjects=2.33 | For some subjects=18.58 | Not for any subject=79.09,For all subjects=6.25 | For some subjects=29.53 | Not for any subject=64.22,Table I.B1.4.170
SC042Q02TA,SC042,科學課的能力分組,Science class ability grouping,,What is your school’s policy about this for students in <national modal grade for 15-year-olds>?,,Students are grouped by ability within their classes.,For all subjects | For some subjects | Not for any subjects | valid skip (filter rule) | system missing | not administered/not applicable | invalid | no response,For all subjects | For some subjects | Not for any subjects | valid skip (filter rule) | system missing | not administered/not applicable | invalid | no response,For all classes=7.78 | For some classes=26.7 | Not for any classes=65.52,For all classes=6.0 | For some classes=25.58 | Not for any classes=68.41,Table I.B1.4.171
SC053Q01TA,SC053,,,,"<This academic year>, which of the following activities does your school offer to students in the <national modal grade for 15-year-olds>?",,"Band, orchestra or choir",是 | 否 | valid skip (filter rule) | system missing | not administered/not applicable | invalid | no response,Yes | No | valid skip (filter rule) | system missing | not administered/not applicable | invalid | no response,,,
SC053Q02TA,SC053,,,,"<This academic year>, which of the following activities does your school offer to students in the <national modal grade for 15-year-olds>?",,School play or school musical,是 | 否 | valid skip (filter rule) | system missing | not administered/not applicable | invalid | no response,Yes | No | valid skip (filter rule) | system missing | not administered/not applicable | invalid | no response,,,
SC053Q03TA,SC053,,,,"<This academic year>, which of the following activities does your school offer to students in the <national modal grade for 15-year-olds>?",,"School yearbook, newspaper or magazine",是 | 否 | valid skip (filter rule) | system missing | not administered/not applicable | invalid | no response,Yes | No | valid skip (filter rule) | system missing | not administered/not applicable | invalid | no response,,,
SC053Q04TA,SC053,,,,"<This academic year>, which of the following activities does your school offer to students in the <national modal grade for 15-year-olds>?",,"Volunteering or service activities, e.g. <national examples>",是 | 否 | valid skip (filter rule) | system missing | not administered/not applicable | invalid | no response,Yes | No | valid skip (filter rule) | system missing | not administered/not applicable | invalid | no response,,,
SC053Q05NA,SC053,,,,"<This academic year>, which of the following activities does your school offer to students in the <national modal grade for 15-year-olds>?",,Science club,是 | 否 | valid skip (filter rule) | system missing | not administered/not applicable | invalid | no response,Yes | No | valid skip (filter rule) | system missing | not administered/not applicable | invalid | no response,,,
SC053Q06NA,SC053,,,,"<This academic year>, which of the following activities does your school offer to students in the <national modal grade for 15-year-olds>?",,"Science competitions, e.g. <national examples>",是 | 否 | valid skip (filter rule) | system missing | not administered/not applicable | invalid | no response,Yes | No | valid skip (filter rule) | system missing | not administered/not applicable | invalid | no response,,,
SC053Q07TA,SC053,,,,"<This academic year>, which of the following activities does your school offer to students in the <national modal grade for 15-year-olds>?",,Chess club,是 | 否 | valid skip (filter rule) | system missing | not administered/not applicable | invalid | no response,Yes | No | valid skip (filter rule) | system missing | not administered/not applicable | invalid | no response,,,
SC053Q08TA,SC053,,,,"<This academic year>, which of the following activities does your school offer to students in the <national modal grade for 15-year-olds>?",,Club with a focus on computers (e.g. programming or coding),是 | 否 | valid skip (filter rule) | system missing | not administered/not applicable | invalid | no response,Yes | No | valid skip (filter rule) | system missing | not administered/not applicable | invalid | no response,,,
SC053Q09TA,SC053,,,,"<This academic year>, which of the following activities does your school offer to students in the <national modal grade for 15-year-olds>?",,Art club or art activities,是 | 否 | valid skip (filter rule) | system missing | not administered/not applicable | invalid | no response,Yes | No | valid skip (filter rule) | system missing | not administered/not applicable | invalid | no response,,,
SC053Q10TA,SC053,,,,"<This academic year>, which of the following activities does your school offer to students in the <national modal grade for 15-year-olds>?",,Sporting team or sporting activities,是 | 否 | valid skip (filter rule) | system missing | not administered/not applicable | invalid | no response,Yes | No | valid skip (filter rule) | system missing | not administered/not applicable | invalid | no response,,,
SC053Q17DA,SC053,,,,"<This academic year>, which of the following activities does your school offer to students in the <national modal grade for 15-year-olds>?",,Environmental protection activities,是 | 否 | valid skip (filter rule) | system missing | not administered/not applicable | invalid | no response,Yes | No | valid skip (filter rule) | system missing | not administered/not applicable | invalid | no response,,,
SC059Q06NA,SC059,,,,Are the following statements true for the <science department> of your school?,,We have enough laboratory material that all courses can regularly use it.,是 | 否 | valid skip (filter rule) | system missing | not administered/not applicable | invalid | no response,Yes | No | valid skip (filter rule) | system missing | not administered/not applicable | invalid | no response,,,
SC059Q07NA,SC059,,,,Are the following statements true for the <science department> of your school?,,We have extra laboratory staff that help support <school science> teaching.,是 | 否 | valid skip (filter rule) | system missing | not administered/not applicable | invalid | no response,Yes | No | valid skip (filter rule) | system missing | not administered/not applicable | invalid | no response,,,
SC059Q08NA,SC059,,,,Are the following statements true for the <science department> of your school?,,Our school spends extra money on up-to-date <school science> equipment.,是 | 否 | valid skip (filter rule) | system missing | not administered/not applicable | invalid | no response,Yes | No | valid skip (filter rule) | system missing | not administered/not applicable | invalid | no response,,,
SC059Q09DA,SC059,,,,Are the following statements true for the <science department> of your school?,,Good <school science> teachers are harder to attract compared with other subject teachers.,是 | 否 | valid skip (filter rule) | system missing | not administered/not applicable | invalid | no response,Yes | No | valid skip (filter rule) | system missing | not administered/not applicable | invalid | no response,,,
SC059Q10DA,SC059,,,,Are the following statements true for the <science department> of your school?,,The laboratory materials are in good shape.,是 | 否 | valid skip (filter rule) | system missing | not administered/not applicable | invalid | no response,Yes | No | valid skip (filter rule) | system missing | not administered/not applicable | invalid | no response,,,
SC064Q01TA_Q,SC064,,,,"During <the last academic year>, what proportion of students’ parents or guardians participated in the following school-related activities?",,Discussed their child’s progress with a teacher on the parents’ or guardians’ own initiative,Bottom international quartile - Median: 10 | Second international quartile - Median: 25 | Third international quartile - Median: 50 | Top international quartile - Median: 87 | not administered/not applicable | no response,Bottom international quartile - Median: 10 | Second international quartile - Median: 25 | Third international quartile - Median: 50 | Top international quartile - Median: 87 | not administered/not applicable | no response,,,
SC064Q02TA_Q,SC064,,,,"During <the last academic year>, what proportion of students’ parents or guardians participated in the following school-related activities?",,Discussed their child’s progress on the initiative of one of their child’s teachers,Bottom international quartile - Median: 11 | Second international quartile - Median: 45 | Third international quartile - Median: 70 | Top international quartile - Median: 100 | not administered/not applicable | no response,Bottom international quartile - Median: 11 | Second international quartile - Median: 45 | Third international quartile - Median: 70 | Top international quartile - Median: 100 | not administered/not applicable | no response,,,
SC064Q03TA_Q,SC064,,,,"During <the last academic year>, what proportion of students’ parents or guardians participated in the following school-related activities?",,Participated in local school government (e.g. parent council or school management committee),Bottom international quartile - Median: 1 | Second international quartile - Median: 10 | Third international quartile - Median: 30 | Top international quartile - Median: 90 | not administered/not applicable | no response,Bottom international quartile - Median: 1 | Second international quartile - Median: 10 | Third international quartile - Median: 30 | Top international quartile - Median: 90 | not administered/not applicable | no response,,,
SC064Q04NA_Q,SC064,,,,"During <the last academic year>, what proportion of students’ parents or guardians participated in the following school-related activities?",,"Volunteered in physical or extra-curricular activities, (e.g. building maintenance, carpentry, gardening or yard",Bottom international quartile - Median: 0 | Second international quartile - Median: 6 | Third international quartile - Median: 25 | Top international quartile - Median: 75 | not administered/not applicable | no response,Bottom international quartile - Median: 0 | Second international quartile - Median: 6 | Third international quartile - Median: 25 | Top international quartile - Median: 75 | not administered/not applicable | no response,,,
SC064Q05WA_Q,SC064,,,,"During <the last academic year>, what proportion of students’ parents or guardians participated in the following school-related activities?",,Discussed their child’s behaviour with a teacher on the parents’ or guardians’ own initiative,Bottom international quartile - Median: 5 | Second international quartile - Median: 24 | Third international quartile - Median: 50 | Top international quartile - Median: 85 | not administered/not applicable | no response,Bottom international quartile - Median: 5 | Second international quartile - Median: 24 | Third international quartile - Median: 50 | Top international quartile - Median: 85 | not administered/not applicable | no response,,,
SC064Q06WA_Q,SC064,,,,"During <the last academic year>, what proportion of students’ parents or guardians participated in the following school-related activities?",,Discussed their child’s behaviour on the initiative of one of their child’s teachers,Bottom international quartile - Median: 10 | Second international quartile - Median: 30 | Third international quartile - Median: 60 | Top international quartile - Median: 94 | not administered/not applicable | no response,Bottom international quartile - Median: 10 | Second international quartile - Median: 30 | Third international quartile - Median: 60 | Top international quartile - Median: 94 | not administered/not applicable | no response,,,
SC064Q07WA_Q,SC064,,,,"During <the last academic year>, what proportion of students’ parents or guardians participated in the following school-related activities?",,Assisted in fundraising for the school,Bottom international quartile - Median: 0 | Second international quartile - Median: 1 | Third international quartile - Median: 10 | Top international quartile - Median: 63 | not administered/not applicable | no response,Bottom international quartile - Median: 0 | Second international quartile - Median: 1 | Third international quartile - Median: 10 | Top international quartile - Median: 63 | not administered/not applicable | no response,,,
SC150Q01IA,SC150,,,,Does your school offer any of the following options to students in <national modal grade for 15-year-olds> whose <heritage language> is not the <test language>?,,These students attend regular classes and receive additional periods of instruction aimed at,是 | 否 | valid skip (filter rule) | system missing | not administered/not applicable | invalid | no response,Yes | No | valid skip (filter rule) | system missing | not administered/not applicable | invalid | no response,,,
SC150Q02IA,SC150,,,,Does your school offer any of the following options to students in <national modal grade for 15-year-olds> whose <heritage language> is not the <test language>?,,"Before transferring to regular classes, these students attend a preparatory programme aimed a",是 | 否 | valid skip (filter rule) | system missing | not administered/not applicable | invalid | no response,Yes | No | valid skip (filter rule) | system missing | not administered/not applicable | invalid | no response,,,
SC150Q03IA,SC150,,,,Does your school offer any of the following options to students in <national modal grade for 15-year-olds> whose <heritage language> is not the <test language>?,,"Before transferring to regular classes, these students receive some instruction in school sub",是 | 否 | valid skip (filter rule) | system missing | not administered/not applicable | invalid | no response,Yes | No | valid skip (filter rule) | system missing | not administered/not applicable | invalid | no response,,,
SC150Q04IA,SC150,,,,Does your school offer any of the following options to students in <national modal grade for 15-year-olds> whose <heritage language> is not the <test language>?,,These students receive significant amounts of instruction in their <heritage language> aimed,是 | 否 | valid skip (filter rule) | system missing | not administered/not applicable | invalid | no response,Yes | No | valid skip (filter rule) | system missing | not administered/not applicable | invalid | no response,,,
SC150Q05IA,SC150,,,,Does your school offer any of the following options to students in <national modal grade for 15-year-olds> whose <heritage language> is not the <test language>?,,Class size is reduced to cater to the special needs of these students.,是 | 否 | valid skip (filter rule) | system missing | not administered/not applicable | invalid | no response,Yes | No | valid skip (filter rule) | system missing | not administered/not applicable | invalid | no response,,,
SC155Q01HA,SC155,學校運用數位裝置強化教學的能力,School's capacity to enhance teaching and learning using digital devices,關於貴校運用數位裝置強化教與學的能力，你同意以下說法到什麼程度？,To what extent do you agree with the following statements about your school’s capacity to enhance learning and teaching using digital devices?,連上網路的數位裝置數量足夠,The number of digital devices connected to the Internet is sufficient,非常不同意 | 不同意 | 同意 | 非常同意 | valid skip (filter rule) | system missing | not administered/not applicable | invalid | no response,Strongly disagree | Disagree | Agree | Strongly agree | valid skip (filter rule) | system missing | not administered/not applicable | invalid | no response,非常不同意=1.6 | 不同意=3.56 | 同意=54.3 | 非常同意=40.55,非常不同意=7.09 | 不同意=15.1 | 同意=35.9 | 非常同意=41.9,Table I.B1.4.14
SC155Q02HA,SC155,學校運用數位裝置強化教學的能力,School's capacity to enhance teaching and learning using digital devices,關於貴校運用數位裝置強化教與學的能力，你同意以下說法到什麼程度？,To what extent do you agree with the following statements about your school’s capacity to enhance learning and teaching using digital devices?,學校的網路頻寬或速度足夠,The school’s Internet bandwidth or speed is sufficient,非常不同意 | 不同意 | 同意 | 非常同意 | valid skip (filter rule) | system missing | not administered/not applicable | invalid | no response,Strongly disagree | Disagree | Agree | Strongly agree | valid skip (filter rule) | system missing | not administered/not applicable | invalid | no response,非常不同意=1.95 | 不同意=7.08 | 同意=56.77 | 非常同意=34.2,非常不同意=9.21 | 不同意=17.32 | 同意=39.14 | 非常同意=34.33,Table I.B1.4.14
SC155Q03HA,SC155,學校運用數位裝置強化教學的能力,School's capacity to enhance teaching and learning using digital devices,關於貴校運用數位裝置強化教與學的能力，你同意以下說法到什麼程度？,To what extent do you agree with the following statements about your school’s capacity to enhance learning and teaching using digital devices?,可供教學使用的數位裝置數量足夠,The number of digital devices for instruction is sufficient,非常不同意 | 不同意 | 同意 | 非常同意 | valid skip (filter rule) | system missing | not administered/not applicable | invalid | no response,Strongly disagree | Disagree | Agree | Strongly agree | valid skip (filter rule) | system missing | not administered/not applicable | invalid | no response,非常不同意=1.47 | 不同意=5.84 | 同意=57.27 | 非常同意=35.42,非常不同意=7.89 | 不同意=18.75 | 同意=35.93 | 非常同意=37.43,Table I.B1.4.14
SC155Q04HA,SC155,學校運用數位裝置強化教學的能力,School's capacity to enhance teaching and learning using digital devices,關於貴校運用數位裝置強化教與學的能力，你同意以下說法到什麼程度？,To what extent do you agree with the following statements about your school’s capacity to enhance learning and teaching using digital devices?,學校的數位裝置運算能力足夠,Digital devices at the school are sufficiently powerful in terms of computing capacity,非常不同意 | 不同意 | 同意 | 非常同意 | valid skip (filter rule) | system missing | not administered/not applicable | invalid | no response,Strongly disagree | Disagree | Agree | Strongly agree | valid skip (filter rule) | system missing | not administered/not applicable | invalid | no response,非常不同意=1.18 | 不同意=10.84 | 同意=62.08 | 非常同意=25.9,非常不同意=7.91 | 不同意=18.38 | 同意=42.03 | 非常同意=31.67,Table I.B1.4.14
SC155Q05HA,SC155,學校運用數位裝置強化教學的能力,School's capacity to enhance teaching and learning using digital devices,關於貴校運用數位裝置強化教與學的能力，你同意以下說法到什麼程度？,To what extent do you agree with the following statements about your school’s capacity to enhance learning and teaching using digital devices?,合適軟體的可取得性足夠,The availability of adequate software is sufficient,非常不同意 | 不同意 | 同意 | 非常同意 | valid skip (filter rule) | system missing | not administered/not applicable | invalid | no response,Strongly disagree | Disagree | Agree | Strongly agree | valid skip (filter rule) | system missing | not administered/not applicable | invalid | no response,非常不同意=1.19 | 不同意=11.1 | 同意=62.15 | 非常同意=25.57,非常不同意=7.05 | 不同意=19.84 | 同意=44.51 | 非常同意=28.61,Table I.B1.4.14
SC155Q06HA,SC155,學校運用數位裝置強化教學的能力,School's capacity to enhance teaching and learning using digital devices,關於貴校運用數位裝置強化教與學的能力，你同意以下說法到什麼程度？,To what extent do you agree with the following statements about your school’s capacity to enhance learning and teaching using digital devices?,教師具備將數位裝置融入教學所需的技術與教學能力,Teachers have the necessary technical and pedagogical skills to integrate digital devices in instruction,非常不同意 | 不同意 | 同意 | 非常同意 | valid skip (filter rule) | system missing | not administered/not applicable | invalid | no response,Strongly disagree | Disagree | Agree | Strongly agree | valid skip (filter rule) | system missing | not administered/not applicable | invalid | no response,非常不同意=1.77 | 不同意=10.21 | 同意=66.49 | 非常同意=21.54,非常不同意=3.13 | 不同意=21.99 | 同意=59.29 | 非常同意=15.59,Table I.B1.4.14
SC155Q07HA,SC155,學校運用數位裝置強化教學的能力,School's capacity to enhance teaching and learning using digital devices,關於貴校運用數位裝置強化教與學的能力，你同意以下說法到什麼程度？,To what extent do you agree with the following statements about your school’s capacity to enhance learning and teaching using digital devices?,教師有足夠時間準備融入數位裝置的課程,Teachers have sufficient time to prepare lessons integrating digital devices,非常不同意 | 不同意 | 同意 | 非常同意 | valid skip (filter rule) | system missing | not administered/not applicable | invalid | no response,Strongly disagree | Disagree | Agree | Strongly agree | valid skip (filter rule) | system missing | not administered/not applicable | invalid | no response,非常不同意=1.76 | 不同意=20.84 | 同意=60.63 | 非常同意=16.77,非常不同意=7.11 | 不同意=30.34 | 同意=46.7 | 非常同意=15.85,Table I.B1.4.14
SC155Q08HA,SC155,學校運用數位裝置強化教學的能力,School's capacity to enhance teaching and learning using digital devices,關於貴校運用數位裝置強化教與學的能力，你同意以下說法到什麼程度？,To what extent do you agree with the following statements about your school’s capacity to enhance learning and teaching using digital devices?,有能有效協助教師學習使用數位裝置的專業資源,Effective professional resources for teachers to learn how to use digital devices are available,非常不同意 | 不同意 | 同意 | 非常同意 | valid skip (filter rule) | system missing | not administered/not applicable | invalid | no response,Strongly disagree | Disagree | Agree | Strongly agree | valid skip (filter rule) | system missing | not administered/not applicable | invalid | no response,非常不同意=1.33 | 不同意=8.67 | 同意=66.43 | 非常同意=23.57,非常不同意=4.67 | 不同意=25.57 | 同意=52.11 | 非常同意=17.65,Table I.B1.4.14
SC155Q09HA,SC155,學校運用數位裝置強化教學的能力,School's capacity to enhance teaching and learning using digital devices,關於貴校運用數位裝置強化教與學的能力，你同意以下說法到什麼程度？,To what extent do you agree with the following statements about your school’s capacity to enhance learning and teaching using digital devices?,有有效的線上學習支援平台,An effective online learning support platform is available,非常不同意 | 不同意 | 同意 | 非常同意 | valid skip (filter rule) | system missing | not administered/not applicable | invalid | no response,Strongly disagree | Disagree | Agree | Strongly agree | valid skip (filter rule) | system missing | not administered/not applicable | invalid | no response,非常不同意=1.34 | 不同意=7.43 | 同意=68.83 | 非常同意=22.4,非常不同意=8.47 | 不同意=27.12 | 同意=45.42 | 非常同意=18.98,Table I.B1.4.14
SC155Q10HA,SC155,學校運用數位裝置強化教學的能力,School's capacity to enhance teaching and learning using digital devices,關於貴校運用數位裝置強化教與學的能力，你同意以下說法到什麼程度？,To what extent do you agree with the following statements about your school’s capacity to enhance learning and teaching using digital devices?,學校提供誘因鼓勵教師將數位裝置融入教學,Teachers are provided with incentives to integrate digital devices in their teaching,非常不同意 | 不同意 | 同意 | 非常同意 | valid skip (filter rule) | system missing | not administered/not applicable | invalid | no response,Strongly disagree | Disagree | Agree | Strongly agree | valid skip (filter rule) | system missing | not administered/not applicable | invalid | no response,非常不同意=5.71 | 不同意=37.38 | 同意=41.12 | 非常同意=15.79,非常不同意=17.2 | 不同意=30.11 | 同意=39.82 | 非常同意=12.87,Table I.B1.4.14
SC155Q12DA,SC155,學校運用數位裝置強化教學的能力,School's capacity to enhance teaching and learning using digital devices,關於貴校運用數位裝置強化教與學的能力，你同意以下說法到什麼程度？,To what extent do you agree with the following statements about your school’s capacity to enhance learning and teaching using digital devices?,,The curriculum of the school is suited for using <digital devices> effectively,非常不同意 | 不同意 | 同意 | 非常同意 | valid skip (filter rule) | system missing | not administered/not applicable | invalid | no response,Strongly disagree | Disagree | Agree | Strongly agree | valid skip (filter rule) | system missing | not administered/not applicable | invalid | no response,非常不同意=0.78 | 不同意=12.44 | 同意=66.73 | 非常同意=20.05,非常不同意=5.29 | 不同意=19.82 | 同意=56.94 | 非常同意=17.94,Table I.B1.4.14
SC155Q13DA,SC155,學校運用數位裝置強化教學的能力,School's capacity to enhance teaching and learning using digital devices,關於貴校運用數位裝置強化教與學的能力，你同意以下說法到什麼程度？,To what extent do you agree with the following statements about your school’s capacity to enhance learning and teaching using digital devices?,學校有足夠的支援人力解決技術問題,The school has sufficient supporting staff to solve technical problems,非常不同意 | 不同意 | 同意 | 非常同意 | valid skip (filter rule) | system missing | not administered/not applicable | invalid | no response,Strongly disagree | Disagree | Agree | Strongly agree | valid skip (filter rule) | system missing | not administered/not applicable | invalid | no response,非常不同意=3.27 | 不同意=28.72 | 同意=50.31 | 非常同意=17.7,非常不同意=15.9 | 不同意=28.32 | 同意=38.68 | 非常同意=17.11,Table I.B1.4.14
SC158Q01HA,SC158,,,,Is there any formal curriculum for the following topics at the middle and upper school level?,,Climate change and global warming,是 | 否 | valid skip (filter rule) | system missing | not administered/not applicable | invalid | no response,Yes | No | valid skip (filter rule) | system missing | not administered/not applicable | invalid | no response,,,
SC158Q04HA,SC158,,,,Is there any formal curriculum for the following topics at the middle and upper school level?,,Migration (movement of people),是 | 否 | valid skip (filter rule) | system missing | not administered/not applicable | invalid | no response,Yes | No | valid skip (filter rule) | system missing | not administered/not applicable | invalid | no response,,,
SC158Q07HA,SC158,,,,Is there any formal curriculum for the following topics at the middle and upper school level?,,International conflicts,是 | 否 | valid skip (filter rule) | system missing | not administered/not applicable | invalid | no response,Yes | No | valid skip (filter rule) | system missing | not administered/not applicable | invalid | no response,,,
SC158Q08HA,SC158,,,,Is there any formal curriculum for the following topics at the middle and upper school level?,,Hunger or malnutrition in different parts of the world,是 | 否 | valid skip (filter rule) | system missing | not administered/not applicable | invalid | no response,Yes | No | valid skip (filter rule) | system missing | not administered/not applicable | invalid | no response,,,
SC158Q09HA,SC158,,,,Is there any formal curriculum for the following topics at the middle and upper school level?,,Causes of poverty,是 | 否 | valid skip (filter rule) | system missing | not administered/not applicable | invalid | no response,Yes | No | valid skip (filter rule) | system missing | not administered/not applicable | invalid | no response,,,
SC158Q12HA,SC158,,,,Is there any formal curriculum for the following topics at the middle and upper school level?,,Equality between men and women,是 | 否 | valid skip (filter rule) | system missing | not administered/not applicable | invalid | no response,Yes | No | valid skip (filter rule) | system missing | not administered/not applicable | invalid | no response,,,
SC158Q13DA,SC158,,,,Is there any formal curriculum for the following topics at the middle and upper school level?,,Global health equity (e.g. access to healthcare),是 | 否 | valid skip (filter rule) | system missing | not administered/not applicable | invalid | no response,Yes | No | valid skip (filter rule) | system missing | not administered/not applicable | invalid | no response,,,
SC168Q01DA_Q,SC168,,,,"For each type of position listed below, please indicate the number of non-teaching staff currently working in this school.",,"Personnel for pedagogical support, irrespective of the <grade levels>/ages they support. Including all teacher aides or other non-t",Bottom international quartile - Median: 0 | Second international quartile - Median: 1 | Third international quartile - Median: 3 | Top international quartile - Median: 11 | not administered/not applicable | no response,Bottom international quartile - Median: 0 | Second international quartile - Median: 1 | Third international quartile - Median: 3 | Top international quartile - Median: 11 | not administered/not applicable | no response,,,
SC168Q02JA_Q,SC168,,,,"For each type of position listed below, please indicate the number of non-teaching staff currently working in this school.",,"School administrative personnel. Including receptionists, secretaries, and administration assistants",Bottom international quartile - Median: 1 | Second international quartile - Median: 2 | Third international quartile - Median: 4 | Top international quartile - Median: 9 | not administered/not applicable | no response,Bottom international quartile - Median: 1 | Second international quartile - Median: 2 | Third international quartile - Median: 4 | Top international quartile - Median: 9 | not administered/not applicable | no response,,,
SC168Q03JA_Q,SC168,,,,"For each type of position listed below, please indicate the number of non-teaching staff currently working in this school.",,"School management personnel. Including principals, assistant principals, and other staff whose main activity is management",Bottom international quartile - Median: 1 | Second international quartile - Median: 2 | Third international quartile - Median: 3 | Top international quartile - Median: 6 | not administered/not applicable | no response,Bottom international quartile - Median: 1 | Second international quartile - Median: 2 | Third international quartile - Median: 3 | Top international quartile - Median: 6 | not administered/not applicable | no response,,,
SC168Q05DA_Q,SC168,,,,"For each type of position listed below, please indicate the number of non-teaching staff currently working in this school.",,"Personnel focused on student well-being. Including psychologists, nurses, and counsellors",Bottom international quartile - Median: 0 | Second international quartile - Median: 1 | Third international quartile - Median: 2 | Top international quartile - Median: 5 | not administered/not applicable | no response,Bottom international quartile - Median: 0 | Second international quartile - Median: 1 | Third international quartile - Median: 2 | Top international quartile - Median: 5 | not administered/not applicable | no response,,,
SC169Q01JA,SC169,,,,Does your school offer career guidance to students in <national modal grade for 15-year-olds>?,,Does your school offer career guidance to students in <national modal grade for 15-year-olds>?,是 | 否 | valid skip (filter rule) | system missing | not administered/not applicable | invalid | no response,Yes | No | valid skip (filter rule) | system missing | not administered/not applicable | invalid | no response,,,
SC170Q01JA,SC170,,,,Who has the main responsibility for career guidance of students in <national modal grade for 15-year-olds> at your school?,,Who has the main responsibility for career guidance of students in <national modal grade for 15-year-olds> at your school?,All teachers share the responsibility for career guidance | Specific teachers have the main responsibility for career guidance | One or more specific career guidance counsellors employed at school have the main responsibility for career guidance | One or more specific career guidance counsellors who regularly visit the school have the main responsibility for career | valid skip (filter rule) | system missing | not administered/not applicable | invalid | no response,All teachers share the responsibility for career guidance | Specific teachers have the main responsibility for career guidance | One or more specific career guidance counsellors employed at school have the main responsibility for career guidance | One or more specific career guidance counsellors who regularly visit the school have the main responsibility for career | valid skip (filter rule) | system missing | not administered/not applicable | invalid | no response,,,
SC171Q01JA,SC171,,,,Does your school provide the following types of information to students in <national modal grade for 15-year-olds>?,,Information about internships,是 | 否 | valid skip (filter rule) | system missing | not administered/not applicable | invalid | no response,Yes | No | valid skip (filter rule) | system missing | not administered/not applicable | invalid | no response,,,
SC171Q02JA,SC171,,,,Does your school provide the following types of information to students in <national modal grade for 15-year-olds>?,,Information about future careers,是 | 否 | valid skip (filter rule) | system missing | not administered/not applicable | invalid | no response,Yes | No | valid skip (filter rule) | system missing | not administered/not applicable | invalid | no response,,,
SC171Q03JA,SC171,,,,Does your school provide the following types of information to students in <national modal grade for 15-year-olds>?,,Information about future educational opportunities,是 | 否 | valid skip (filter rule) | system missing | not administered/not applicable | invalid | no response,Yes | No | valid skip (filter rule) | system missing | not administered/not applicable | invalid | no response,,,
SC171Q04JA,SC171,,,,Does your school provide the following types of information to students in <national modal grade for 15-year-olds>?,,Information about student financing (e.g. student loans or grants),是 | 否 | valid skip (filter rule) | system missing | not administered/not applicable | invalid | no response,Yes | No | valid skip (filter rule) | system missing | not administered/not applicable | invalid | no response,,,
SC172Q01DA,SC172,負向校園氛圍,Negative school climate,下列行為在貴校各是多嚴重的問題？,To what extent is each of the following behaviours a problem in your school?,,Cheating,完全不會 | Small extent | Moderate extent | Large extent | valid skip (filter rule) | system missing | not administered/not applicable | invalid | no response,Not at all | Small extent | Moderate extent | Large extent | valid skip (filter rule) | system missing | not administered/not applicable | invalid | no response,,,Table I.B1.4.154
SC172Q02JA,SC172,負向校園氛圍,Negative school climate,下列行為在貴校各是多嚴重的問題？,To what extent is each of the following behaviours a problem in your school?,,Profanity,完全不會 | Small extent | Moderate extent | Large extent | valid skip (filter rule) | system missing | not administered/not applicable | invalid | no response,Not at all | Small extent | Moderate extent | Large extent | valid skip (filter rule) | system missing | not administered/not applicable | invalid | no response,,,Table I.B1.4.154
SC172Q03JA,SC172,負向校園氛圍,Negative school climate,下列行為在貴校各是多嚴重的問題？,To what extent is each of the following behaviours a problem in your school?,,Vandalism,完全不會 | Small extent | Moderate extent | Large extent | valid skip (filter rule) | system missing | not administered/not applicable | invalid | no response,Not at all | Small extent | Moderate extent | Large extent | valid skip (filter rule) | system missing | not administered/not applicable | invalid | no response,,,Table I.B1.4.154
SC172Q04JA,SC172,負向校園氛圍,Negative school climate,下列行為在貴校各是多嚴重的問題？,To what extent is each of the following behaviours a problem in your school?,,Theft,完全不會 | Small extent | Moderate extent | Large extent | valid skip (filter rule) | system missing | not administered/not applicable | invalid | no response,Not at all | Small extent | Moderate extent | Large extent | valid skip (filter rule) | system missing | not administered/not applicable | invalid | no response,,,Table I.B1.4.154
SC172Q05JA,SC172,負向校園氛圍,Negative school climate,下列行為在貴校各是多嚴重的問題？,To what extent is each of the following behaviours a problem in your school?,學生之間的恐嚇或言語霸凌（含簡訊、電子郵件等）,"Intimidation or verbal abuse among students (including texting, emailing, etc.)",完全不會 | Small extent | Moderate extent | Large extent | valid skip (filter rule) | system missing | not administered/not applicable | invalid | no response,Not at all | Small extent | Moderate extent | Large extent | valid skip (filter rule) | system missing | not administered/not applicable | invalid | no response,完全不會=14.08 | Small extent=70.99 | Moderate extent=13.18 | Large extent=1.75,完全不會=7.31 | Small extent=52.59 | Moderate extent=28.63 | Large extent=11.47,Table I.B1.4.154
SC172Q06JA,SC172,負向校園氛圍,Negative school climate,下列行為在貴校各是多嚴重的問題？,To what extent is each of the following behaviours a problem in your school?,學生對其他學生造成身體傷害,Physical injury caused by students to other students,完全不會 | Small extent | Moderate extent | Large extent | valid skip (filter rule) | system missing | not administered/not applicable | invalid | no response,Not at all | Small extent | Moderate extent | Large extent | valid skip (filter rule) | system missing | not administered/not applicable | invalid | no response,完全不會=31.98 | Small extent=63.51 | Moderate extent=4.11 | Large extent=0.4,完全不會=35.26 | Small extent=52.72 | Moderate extent=5.85 | Large extent=6.17,Table I.B1.4.154
SC172Q07JA,SC172,負向校園氛圍,Negative school climate,下列行為在貴校各是多嚴重的問題？,To what extent is each of the following behaviours a problem in your school?,對教師或非教學人員的恐嚇或言語霸凌（含簡訊、電子郵件等）,"Intimidation or verbal abuse of teachers or non-teaching staff (including texting, emailing, etc.)",完全不會 | Small extent | Moderate extent | Large extent | valid skip (filter rule) | system missing | not administered/not applicable | invalid | no response,Not at all | Small extent | Moderate extent | Large extent | valid skip (filter rule) | system missing | not administered/not applicable | invalid | no response,完全不會=46.91 | Small extent=50.72 | Moderate extent=1.96 | Large extent=0.41,完全不會=43.66 | Small extent=44.07 | Moderate extent=5.91 | Large extent=6.36,Table I.B1.4.154
SC172Q08DA,SC172,負向校園氛圍,Negative school climate,下列行為在貴校各是多嚴重的問題？,To what extent is each of the following behaviours a problem in your school?,學生對教師或非教學人員造成身體傷害,Physical injury caused by students to teachers or non-teaching staff,完全不會 | Small extent | Moderate extent | Large extent | valid skip (filter rule) | system missing | not administered/not applicable | invalid | no response,Not at all | Small extent | Moderate extent | Large extent | valid skip (filter rule) | system missing | not administered/not applicable | invalid | no response,完全不會=68.04 | Small extent=30.5 | Moderate extent=1.09 | Large extent=0.38,完全不會=77.28 | Small extent=15.86 | Moderate extent=1.29 | Large extent=5.57,Table I.B1.4.154
SC185Q01WA,SC185,,,,"In your school, how likely is it that a student in <national modal grade for 15-year-olds> would be transferred to another school for the following reasons?",,Low academic achievement,Not likely | Likely | Very likely | valid skip (filter rule) | system missing | not administered/not applicable | invalid | no response,Not likely | Likely | Very likely | valid skip (filter rule) | system missing | not administered/not applicable | invalid | no response,,,
SC185Q02WA,SC185,,,,"In your school, how likely is it that a student in <national modal grade for 15-year-olds> would be transferred to another school for the following reasons?",,High academic achievement,Not likely | Likely | Very likely | valid skip (filter rule) | system missing | not administered/not applicable | invalid | no response,Not likely | Likely | Very likely | valid skip (filter rule) | system missing | not administered/not applicable | invalid | no response,,,
SC185Q03WA,SC185,,,,"In your school, how likely is it that a student in <national modal grade for 15-year-olds> would be transferred to another school for the following reasons?",,Behavioural problems,Not likely | Likely | Very likely | valid skip (filter rule) | system missing | not administered/not applicable | invalid | no response,Not likely | Likely | Very likely | valid skip (filter rule) | system missing | not administered/not applicable | invalid | no response,,,
SC185Q04WA,SC185,,,,"In your school, how likely is it that a student in <national modal grade for 15-year-olds> would be transferred to another school for the following reasons?",,Special learning needs,Not likely | Likely | Very likely | valid skip (filter rule) | system missing | not administered/not applicable | invalid | no response,Not likely | Likely | Very likely | valid skip (filter rule) | system missing | not administered/not applicable | invalid | no response,,,
SC185Q05WA,SC185,,,,"In your school, how likely is it that a student in <national modal grade for 15-year-olds> would be transferred to another school for the following reasons?",,Parents’ or guardians’ request,Not likely | Likely | Very likely | valid skip (filter rule) | system missing | not administered/not applicable | invalid | no response,Not likely | Likely | Very likely | valid skip (filter rule) | system missing | not administered/not applicable | invalid | no response,,,
SC189Q01JA,SC189,,,,Do the following statements apply in your school?,,The school has a specific policy to encourage the teaching and learning of <social and emotional skills>.,是 | 否 | valid skip (filter rule) | system missing | not administered/not applicable | invalid | no response,Yes | No | valid skip (filter rule) | system missing | not administered/not applicable | invalid | no response,,,
SC189Q05JA,SC189,,,,Do the following statements apply in your school?,,There is a mission statement describing the <social and emotional skills> we aim to foster in our school.,是 | 否 | valid skip (filter rule) | system missing | not administered/not applicable | invalid | no response,Yes | No | valid skip (filter rule) | system missing | not administered/not applicable | invalid | no response,,,
SC189Q06JA,SC189,,,,Do the following statements apply in your school?,,Teachers are asked to evaluate students' <social and emotional skills> as a part of their grading.,是 | 否 | valid skip (filter rule) | system missing | not administered/not applicable | invalid | no response,Yes | No | valid skip (filter rule) | system missing | not administered/not applicable | invalid | no response,,,
SC189Q07DA,SC189,,,,Do the following statements apply in your school?,,"The school has a policy on how to use <digital devices> in science instruction (e.g. amount of computer use in science lessons, use of specific scientific computer programs).",是 | 否 | valid skip (filter rule) | system missing | not administered/not applicable | invalid | no response,Yes | No | valid skip (filter rule) | system missing | not administered/not applicable | invalid | no response,,,
SC189Q08DA,SC189,,,,Do the following statements apply in your school?,,Science teachers in the school follow a standardised curriculum that specifies content at least on a monthly basis.,是 | 否 | valid skip (filter rule) | system missing | not administered/not applicable | invalid | no response,Yes | No | valid skip (filter rule) | system missing | not administered/not applicable | invalid | no response,,,
SC190Q01JA,SC190,學校的數位裝置使用政策,School policies on the use of digital devices,下列敘述是否適用於貴校？,Do the following statements apply to your school?,學校對校內數位裝置的一般使用訂有書面規範。,The school has a written statement about the general use of digital devices on the school premises.,是 | 否 | valid skip (filter rule) | system missing | not administered/not applicable | invalid | no response,Yes | No | valid skip (filter rule) | system missing | not administered/not applicable | invalid | no response,是=86.95 | 否=13.05,是=87.4 | 否=12.6,Table I.B1.4.47
SC190Q02JA,SC190,學校的數位裝置使用政策,School policies on the use of digital devices,下列敘述是否適用於貴校？,Do the following statements apply to your school?,,The use of <cell phones> is not allowed on the school premises.,是 | 否 | valid skip (filter rule) | system missing | not administered/not applicable | invalid | no response,Yes | No | valid skip (filter rule) | system missing | not administered/not applicable | invalid | no response,是=43.32 | 否=56.68,是=49.45 | 否=50.55,Table I.B1.4.47
SC190Q05JA,SC190,學校的數位裝置使用政策,School policies on the use of digital devices,下列敘述是否適用於貴校？,Do the following statements apply to your school?,學校對特定科目教與學使用數位裝置訂有正式指引。,The school has formal guidelines for the use of digital devices for teaching and learning in specific subjects.,是 | 否 | valid skip (filter rule) | system missing | not administered/not applicable | invalid | no response,Yes | No | valid skip (filter rule) | system missing | not administered/not applicable | invalid | no response,是=79.98 | 否=20.02,是=71.19 | 否=28.81,Table I.B1.4.47
SC190Q06JA,SC190,學校的數位裝置使用政策,School policies on the use of digital devices,下列敘述是否適用於貴校？,Do the following statements apply to your school?,教師訂定學生上課期間何時可以使用數位裝置的規則。,Teachers establish rules for when students may use digital devices during lessons.,是 | 否 | valid skip (filter rule) | system missing | not administered/not applicable | invalid | no response,Yes | No | valid skip (filter rule) | system missing | not administered/not applicable | invalid | no response,是=96.9 | 否=3.1,是=94.98 | 否=5.02,Table I.B1.4.47
SC190Q07JA,SC190,學校的數位裝置使用政策,School policies on the use of digital devices,下列敘述是否適用於貴校？,Do the following statements apply to your school?,,Teachers establish rules in collaboration with students about their use of <digital resources> at school or in class.,是 | 否 | valid skip (filter rule) | system missing | not administered/not applicable | invalid | no response,Yes | No | valid skip (filter rule) | system missing | not administered/not applicable | invalid | no response,是=86.38 | 否=13.62,是=68.48 | 否=31.52,Table I.B1.4.47
SC190Q08JA,SC190,學校的數位裝置使用政策,School policies on the use of digital devices,下列敘述是否適用於貴校？,Do the following statements apply to your school?,學校有專門方案培養學生負責任的網路行為。,The school has a specific programme to prepare students for responsible internet behaviour.,是 | 否 | valid skip (filter rule) | system missing | not administered/not applicable | invalid | no response,Yes | No | valid skip (filter rule) | system missing | not administered/not applicable | invalid | no response,是=74.14 | 否=25.86,是=62.48 | 否=37.52,Table I.B1.4.47
SC190Q09JA,SC190,學校的數位裝置使用政策,School policies on the use of digital devices,下列敘述是否適用於貴校？,Do the following statements apply to your school?,學校對在教與學中使用社群網站（例如〈Facebook〉）訂有特定政策。,The school has a specific policy about using social networks (e.g. <Facebook®>) in teaching and learning.,是 | 否 | valid skip (filter rule) | system missing | not administered/not applicable | invalid | no response,Yes | No | valid skip (filter rule) | system missing | not administered/not applicable | invalid | no response,是=60.86 | 否=39.14,是=53.48 | 否=46.52,Table I.B1.4.47
SC190Q10JA,SC190,學校的數位裝置使用政策,School policies on the use of digital devices,下列敘述是否適用於貴校？,Do the following statements apply to your school?,學校有專門方案促進教師之間在數位裝置使用上的協作。,The school has a specific programme to promote collaboration on the use of digital devices among teachers.,是 | 否 | valid skip (filter rule) | system missing | not administered/not applicable | invalid | no response,Yes | No | valid skip (filter rule) | system missing | not administered/not applicable | invalid | no response,是=83.26 | 否=16.74,是=49.19 | 否=50.81,Table I.B1.4.47
SC190Q11JA,SC190,學校的數位裝置使用政策,School policies on the use of digital devices,下列敘述是否適用於貴校？,Do the following statements apply to your school?,學校排定時間讓教師開會分享、評估或發展教材。,"The school has a scheduled time for teachers to meet to share, evaluate or develop instructional materials and approaches that employ digital devices.",是 | 否 | valid skip (filter rule) | system missing | not administered/not applicable | invalid | no response,Yes | No | valid skip (filter rule) | system missing | not administered/not applicable | invalid | no response,是=90.87 | 否=9.13,是=54.52 | 否=45.48,Table I.B1.4.47
SC192Q01JA,SC192,學校鼓勵家長參與,School encouragement of parent or guardian involvement,在〈上一學年〉，學校教職員多常做下列事情？,"During <the last academic year>, how often has the school staff done each of the following?",邀請家長或監護人擔任學校活動志工,Invited parents or guardians to volunteer for school activities,從不或幾乎從不 | 一年幾次 | 一個月幾次 | 一週一次以上 | valid skip (filter rule) | system missing | not administered/not applicable | invalid | no response,Never or almost never | A few times a year | A few times a month | Once a week or more | valid skip (filter rule) | system missing | not administered/not applicable | invalid | no response,從不或幾乎從不=15.58 | 一年幾次=65.57 | 一個月幾次=13.07 | 一週一次以上=5.79,從不或幾乎從不=23.92 | 一年幾次=66.15 | 一個月幾次=8.58 | 一週一次以上=1.35,Table I.B1.4.127
SC192Q02JA,SC192,學校鼓勵家長參與,School encouragement of parent or guardian involvement,在〈上一學年〉，學校教職員多常做下列事情？,"During <the last academic year>, how often has the school staff done each of the following?",主動與家長或監護人溝通學校方案,Initiated communications with parents or guardians about school programmes,從不或幾乎從不 | 一年幾次 | 一個月幾次 | 一週一次以上 | valid skip (filter rule) | system missing | not administered/not applicable | invalid | no response,Never or almost never | A few times a year | A few times a month | Once a week or more | valid skip (filter rule) | system missing | not administered/not applicable | invalid | no response,從不或幾乎從不=4.84 | 一年幾次=67.34 | 一個月幾次=23.88 | 一週一次以上=3.94,從不或幾乎從不=13.93 | 一年幾次=58.79 | 一個月幾次=20.06 | 一週一次以上=7.22,Table I.B1.4.127
SC192Q03JA,SC192,學校鼓勵家長參與,School encouragement of parent or guardian involvement,在〈上一學年〉，學校教職員多常做下列事情？,"During <the last academic year>, how often has the school staff done each of the following?",主動與家長或監護人溝通孩子的學習進展,Initiated communications with parents or guardians about their child’s progress,從不或幾乎從不 | 一年幾次 | 一個月幾次 | 一週一次以上 | valid skip (filter rule) | system missing | not administered/not applicable | invalid | no response,Never or almost never | A few times a year | A few times a month | Once a week or more | valid skip (filter rule) | system missing | not administered/not applicable | invalid | no response,從不或幾乎從不=0.49 | 一年幾次=37.52 | 一個月幾次=40.62 | 一週一次以上=21.37,從不或幾乎從不=1.02 | 一年幾次=52.95 | 一個月幾次=34.72 | 一週一次以上=11.31,Table I.B1.4.127
SC192Q04JA,SC192,學校鼓勵家長參與,School encouragement of parent or guardian involvement,在〈上一學年〉，學校教職員多常做下列事情？,"During <the last academic year>, how often has the school staff done each of the following?",讓家長或監護人參與學校決策,Included parents or guardians in making school decisions,從不或幾乎從不 | 一年幾次 | 一個月幾次 | 一週一次以上 | valid skip (filter rule) | system missing | not administered/not applicable | invalid | no response,Never or almost never | A few times a year | A few times a month | Once a week or more | valid skip (filter rule) | system missing | not administered/not applicable | invalid | no response,從不或幾乎從不=11.44 | 一年幾次=74.0 | 一個月幾次=11.89 | 一週一次以上=2.68,從不或幾乎從不=21.2 | 一年幾次=66.84 | 一個月幾次=10.45 | 一週一次以上=1.51,Table I.B1.4.127
SC192Q05JA,SC192,學校鼓勵家長參與,School encouragement of parent or guardian involvement,在〈上一學年〉，學校教職員多常做下列事情？,"During <the last academic year>, how often has the school staff done each of the following?",提供家長或監護人如何協助學生完成功課與其他課業的資訊,Provided information to parents or guardians about how to help students with homework and other curriculum-related activities,從不或幾乎從不 | 一年幾次 | 一個月幾次 | 一週一次以上 | valid skip (filter rule) | system missing | not administered/not applicable | invalid | no response,Never or almost never | A few times a year | A few times a month | Once a week or more | valid skip (filter rule) | system missing | not administered/not applicable | invalid | no response,從不或幾乎從不=2.16 | 一年幾次=40.22 | 一個月幾次=39.11 | 一週一次以上=18.51,從不或幾乎從不=6.83 | 一年幾次=55.66 | 一個月幾次=29.03 | 一週一次以上=8.48,Table I.B1.4.127
SC192Q07DA,SC192,學校鼓勵家長參與,School encouragement of parent or guardian involvement,在〈上一學年〉，學校教職員多常做下列事情？,"During <the last academic year>, how often has the school staff done each of the following?",提供家長或監護人如何協助學生提升科學能力的資訊,Provided information to parents or guardians about how to help students improve their skills in science,從不或幾乎從不 | 一年幾次 | 一個月幾次 | 一週一次以上 | valid skip (filter rule) | system missing | not administered/not applicable | invalid | no response,Never or almost never | A few times a year | A few times a month | Once a week or more | valid skip (filter rule) | system missing | not administered/not applicable | invalid | no response,從不或幾乎從不=1.84 | 一年幾次=52.4 | 一個月幾次=34.11 | 一週一次以上=11.65,從不或幾乎從不=20.98 | 一年幾次=55.57 | 一個月幾次=19.52 | 一週一次以上=3.93,Table I.B1.4.127
SC193Q01WA,SC193,,,,What impact did appraisals of teachers at your school have on any of the following?,,A change in salary,No impact | Small impact | Moderate impact | Large impact | valid skip (filter rule) | system missing | not administered/not applicable | invalid | no response,No impact | Small impact | Moderate impact | Large impact | valid skip (filter rule) | system missing | not administered/not applicable | invalid | no response,,,
SC193Q02WA,SC193,,,,What impact did appraisals of teachers at your school have on any of the following?,,A financial bonus or another kind of monetary reward,No impact | Small impact | Moderate impact | Large impact | valid skip (filter rule) | system missing | not administered/not applicable | invalid | no response,No impact | Small impact | Moderate impact | Large impact | valid skip (filter rule) | system missing | not administered/not applicable | invalid | no response,,,
SC193Q03WA,SC193,,,,What impact did appraisals of teachers at your school have on any of the following?,,Opportunities for professional development activities,No impact | Small impact | Moderate impact | Large impact | valid skip (filter rule) | system missing | not administered/not applicable | invalid | no response,No impact | Small impact | Moderate impact | Large impact | valid skip (filter rule) | system missing | not administered/not applicable | invalid | no response,,,
SC193Q04WA,SC193,,,,What impact did appraisals of teachers at your school have on any of the following?,,A change in the likelihood of career advancement,No impact | Small impact | Moderate impact | Large impact | valid skip (filter rule) | system missing | not administered/not applicable | invalid | no response,No impact | Small impact | Moderate impact | Large impact | valid skip (filter rule) | system missing | not administered/not applicable | invalid | no response,,,
SC193Q05WA,SC193,,,,What impact did appraisals of teachers at your school have on any of the following?,,Public recognition from you,No impact | Small impact | Moderate impact | Large impact | valid skip (filter rule) | system missing | not administered/not applicable | invalid | no response,No impact | Small impact | Moderate impact | Large impact | valid skip (filter rule) | system missing | not administered/not applicable | invalid | no response,,,
SC193Q06WA,SC193,,,,What impact did appraisals of teachers at your school have on any of the following?,,Changes in work responsibilities that make the job more attractive,No impact | Small impact | Moderate impact | Large impact | valid skip (filter rule) | system missing | not administered/not applicable | invalid | no response,No impact | Small impact | Moderate impact | Large impact | valid skip (filter rule) | system missing | not administered/not applicable | invalid | no response,,,
SC193Q07WA,SC193,,,,What impact did appraisals of teachers at your school have on any of the following?,,"A role in school development initiatives (e.g. curriculum development group, development of school objectives)",No impact | Small impact | Moderate impact | Large impact | valid skip (filter rule) | system missing | not administered/not applicable | invalid | no response,No impact | Small impact | Moderate impact | Large impact | valid skip (filter rule) | system missing | not administered/not applicable | invalid | no response,,,
SC194Q01DA,SC194,,,,"In your school, are questionnaires or other self-assessments used to measure <social and emotional skills> of students in <national modal grade for 15-year-olds>?",,"In your school, are questionnaires or other self-assessments used to measure <social and emotional skills> of students in <national modal grade for 15-year-olds>?",是 | 否 | valid skip (filter rule) | system missing | not administered/not applicable | invalid | no response,Yes | No | valid skip (filter rule) | system missing | not administered/not applicable | invalid | no response,,,
SC197Q01DA,SC197,,,,"In your school, are results from <social and emotional skills> assessments used in the following ways?",,Results are posted publicly in aggregate (e.g. in the media),是 | 否 | valid skip (filter rule) | system missing | not administered/not applicable | invalid | no response,Yes | No | valid skip (filter rule) | system missing | not administered/not applicable | invalid | no response,,,
SC197Q02DA,SC197,,,,"In your school, are results from <social and emotional skills> assessments used in the following ways?",,Results are tracked over time by an administrative authority,是 | 否 | valid skip (filter rule) | system missing | not administered/not applicable | invalid | no response,Yes | No | valid skip (filter rule) | system missing | not administered/not applicable | invalid | no response,,,
SC197Q03DA,SC197,,,,"In your school, are results from <social and emotional skills> assessments used in the following ways?",,Results are provided directly to parents or guardians,是 | 否 | valid skip (filter rule) | system missing | not administered/not applicable | invalid | no response,Yes | No | valid skip (filter rule) | system missing | not administered/not applicable | invalid | no response,,,
SC197Q04DA,SC197,,,,"In your school, are results from <social and emotional skills> assessments used in the following ways?",,Results are used to identify aspects of instruction or the curriculum that could be improved,是 | 否 | valid skip (filter rule) | system missing | not administered/not applicable | invalid | no response,Yes | No | valid skip (filter rule) | system missing | not administered/not applicable | invalid | no response,,,
SC197Q05DA,SC197,,,,"In your school, are results from <social and emotional skills> assessments used in the following ways?",,Results are compared to the results of other schools,是 | 否 | valid skip (filter rule) | system missing | not administered/not applicable | invalid | no response,Yes | No | valid skip (filter rule) | system missing | not administered/not applicable | invalid | no response,,,
SC197Q06DA,SC197,,,,"In your school, are results from <social and emotional skills> assessments used in the following ways?",,Results are compared to <district or national> results,是 | 否 | valid skip (filter rule) | system missing | not administered/not applicable | invalid | no response,Yes | No | valid skip (filter rule) | system missing | not administered/not applicable | invalid | no response,,,
SC200Q01JA,SC200,學校外部評鑑,External school evaluation,想想貴校最近一次的外部評鑑：下列情況是否發生？,Thinking about the last external evaluation in your school: Did the following occur?,外部評鑑結果帶來學校政策的改變。,The results of external evaluation led to changes in school policies.,是 | 否 | Not applicable | valid skip (filter rule) | system missing | not administered/not applicable | invalid | no response,Yes | No | Not applicable | valid skip (filter rule) | system missing | not administered/not applicable | invalid | no response,是=59.34 | 否=18.42 | Not applicable=22.24,是=55.28 | 否=16.95 | Not applicable=27.77,Table I.B1.4.177
SC200Q02JA,SC200,學校外部評鑑,External school evaluation,想想貴校最近一次的外部評鑑：下列情況是否發生？,Thinking about the last external evaluation in your school: Did the following occur?,我們用這些資料規劃學校發展的具體行動。,We used the data to plan specific action for school development.,是 | 否 | Not applicable | valid skip (filter rule) | system missing | not administered/not applicable | invalid | no response,Yes | No | Not applicable | valid skip (filter rule) | system missing | not administered/not applicable | invalid | no response,是=72.88 | 否=6.64 | Not applicable=20.48,是=68.59 | 否=6.4 | Not applicable=25.01,Table I.B1.4.177
SC200Q03JA,SC200,學校外部評鑑,External school evaluation,想想貴校最近一次的外部評鑑：下列情況是否發生？,Thinking about the last external evaluation in your school: Did the following occur?,我們用這些資料規劃改進教學的具體行動。,We used the data to plan specific action for the improvement of teaching.,是 | 否 | Not applicable | valid skip (filter rule) | system missing | not administered/not applicable | invalid | no response,Yes | No | Not applicable | valid skip (filter rule) | system missing | not administered/not applicable | invalid | no response,是=74.77 | 否=6.07 | Not applicable=19.16,是=66.57 | 否=7.78 | Not applicable=25.65,Table I.B1.4.177
SC200Q04JA,SC200,學校外部評鑑,External school evaluation,想想貴校最近一次的外部評鑑：下列情況是否發生？,Thinking about the last external evaluation in your school: Did the following occur?,我們將外部評鑑結果導出的措施付諸實行。,We put measures derived from the results of external evaluations into practice.,是 | 否 | Not applicable | valid skip (filter rule) | system missing | not administered/not applicable | invalid | no response,Yes | No | Not applicable | valid skip (filter rule) | system missing | not administered/not applicable | invalid | no response,是=62.2 | 否=11.23 | Not applicable=26.56,是=66.41 | 否=6.71 | Not applicable=26.89,Table I.B1.4.177
SC201Q03JA,SC201,,,,"During the last 12 months, how often did you or other members of the <school management team> engage in the following activities?",,Providing feedback to teachers based on observations of instruction in the classroom,從不或幾乎從不 | 大約一年一到兩次 | 大約一個月一到兩次 | 大約一週一到兩次 | 每天或幾乎每天,Never or almost never | About once or twice a year | About once or twice a month | About once or twice a week | Every day or almost every day,,,
SC201Q04JA,SC201,,,,"During the last 12 months, how often did you or other members of the <school management team> engage in the following activities?",,Taking actions to support co-operation among teachers to develop new teaching practices,從不或幾乎從不 | 大約一年一到兩次 | 大約一個月一到兩次 | 大約一週一到兩次 | 每天或幾乎每天,Never or almost never | About once or twice a year | About once or twice a month | About once or twice a week | Every day or almost every day,,,
SC201Q05JA,SC201,,,,"During the last 12 months, how often did you or other members of the <school management team> engage in the following activities?",,Taking actions to ensure that teachers take responsibility for improving their teaching skills,從不或幾乎從不 | 大約一年一到兩次 | 大約一個月一到兩次 | 大約一週一到兩次 | 每天或幾乎每天,Never or almost never | About once or twice a year | About once or twice a month | About once or twice a week | Every day or almost every day,,,
SC201Q06JA,SC201,,,,"During the last 12 months, how often did you or other members of the <school management team> engage in the following activities?",,Taking actions to ensure that teachers feel responsible for their students' learning outcomes,從不或幾乎從不 | 大約一年一到兩次 | 大約一個月一到兩次 | 大約一週一到兩次 | 每天或幾乎每天,Never or almost never | About once or twice a year | About once or twice a month | About once or twice a week | Every day or almost every day,,,
SC201Q07JA,SC201,,,,"During the last 12 months, how often did you or other members of the <school management team> engage in the following activities?",,Providing parents or guardians with information on the school and student performance,從不或幾乎從不 | 大約一年一到兩次 | 大約一個月一到兩次 | 大約一週一到兩次 | 每天或幾乎每天,Never or almost never | About once or twice a year | About once or twice a month | About once or twice a week | Every day or almost every day,,,
SC201Q11JA,SC201,,,,"During the last 12 months, how often did you or other members of the <school management team> engage in the following activities?",,Working on a professional development plan for this school,從不或幾乎從不 | 大約一年一到兩次 | 大約一個月一到兩次 | 大約一週一到兩次 | 每天或幾乎每天,Never or almost never | About once or twice a year | About once or twice a month | About once or twice a week | Every day or almost every day,,,
SC201Q12DA,SC201,,,,"During the last 12 months, how often did you or other members of the <school management team> engage in the following activities?",,Collaborating with principals from other schools on difficult work tasks,從不或幾乎從不 | 大約一年一到兩次 | 大約一個月一到兩次 | 大約一週一到兩次 | 每天或幾乎每天,Never or almost never | About once or twice a year | About once or twice a month | About once or twice a week | Every day or almost every day,,,
SC202Q01JA,SC202,學校對資源的權責,School responsibility for resources,貴校下列事項主要由誰負責？,Who has the main responsibility for the following at your school?,任用或聘僱教師,Appointing or hiring teachers,Principal | Teachers or members of <school management team> | <School governing board> | <Local or municipal authority> | <Regional or state authority> | <National or federal authority>,Principal | Teachers or members of <school management team> | <School governing board> | <Local or municipal authority> | <Regional or state authority> | <National or federal authority>,Principal=40.22 | Teachers or members of school management team=41.13 | School governing board=1.2 | Local or municipal authority=12.66 | Regional or state authority=0 | National or federal authority=4.8,Principal=59.64 | Teachers or members of school management team=6.46 | School governing board=4.57 | Local or municipal authority=3.62 | Regional or state authority=9.96 | National or federal authority=15.73,Table I.B1.4.181
SC202Q02JA,SC202,學校對資源的權責,School responsibility for resources,貴校下列事項主要由誰負責？,Who has the main responsibility for the following at your school?,解聘或停職教師,Dismissing or suspending teachers from employment,Principal | Teachers or members of <school management team> | <School governing board> | <Local or municipal authority> | <Regional or state authority> | <National or federal authority>,Principal | Teachers or members of <school management team> | <School governing board> | <Local or municipal authority> | <Regional or state authority> | <National or federal authority>,Principal=24.59 | Teachers or members of school management team=47.57 | School governing board=2.0 | Local or municipal authority=17.44 | Regional or state authority=0 | National or federal authority=8.4,Principal=49.76 | Teachers or members of school management team=1.98 | School governing board=11.77 | Local or municipal authority=6.3 | Regional or state authority=13.76 | National or federal authority=16.43,Table I.B1.4.181
SC202Q03JA,SC202,學校對資源的權責,School responsibility for resources,貴校下列事項主要由誰負責？,Who has the main responsibility for the following at your school?,訂定教師起薪（含薪級表）,"Establishing teachers' starting salaries, including setting pay scales",Principal | Teachers or members of <school management team> | <School governing board> | <Local or municipal authority> | <Regional or state authority> | <National or federal authority>,Principal | Teachers or members of <school management team> | <School governing board> | <Local or municipal authority> | <Regional or state authority> | <National or federal authority>,Principal=4.82 | Teachers or members of school management team=8.63 | School governing board=9.51 | Local or municipal authority=15.06 | Regional or state authority=0 | National or federal authority=61.99,Principal=17.24 | Teachers or members of school management team=2.78 | School governing board=8.03 | Local or municipal authority=9.53 | Regional or state authority=16.76 | National or federal authority=45.66,Table I.B1.4.181
SC202Q04JA,SC202,學校對資源的權責,School responsibility for resources,貴校下列事項主要由誰負責？,Who has the main responsibility for the following at your school?,決定教師調薪,Determining teachers’ salary increases,Principal | Teachers or members of <school management team> | <School governing board> | <Local or municipal authority> | <Regional or state authority> | <National or federal authority>,Principal | Teachers or members of <school management team> | <School governing board> | <Local or municipal authority> | <Regional or state authority> | <National or federal authority>,Principal=3.51 | Teachers or members of school management team=3.48 | School governing board=18.11 | Local or municipal authority=8.17 | Regional or state authority=0 | National or federal authority=66.73,Principal=16.42 | Teachers or members of school management team=2.7 | School governing board=8.46 | Local or municipal authority=8.8 | Regional or state authority=16.05 | National or federal authority=47.57,Table I.B1.4.181
SC202Q05JA,SC202,學校對資源的權責,School responsibility for resources,貴校下列事項主要由誰負責？,Who has the main responsibility for the following at your school?,編列學校預算,Formulating the school budget,Principal | Teachers or members of <school management team> | <School governing board> | <Local or municipal authority> | <Regional or state authority> | <National or federal authority>,Principal | Teachers or members of <school management team> | <School governing board> | <Local or municipal authority> | <Regional or state authority> | <National or federal authority>,Principal=5.64 | Teachers or members of school management team=42.58 | School governing board=9.28 | Local or municipal authority=29.58 | Regional or state authority=0 | National or federal authority=12.91,Principal=36.12 | Teachers or members of school management team=7.06 | School governing board=18.6 | Local or municipal authority=17.91 | Regional or state authority=9.0 | National or federal authority=11.31,Table I.B1.4.181
SC202Q06JA,SC202,學校對資源的權責,School responsibility for resources,貴校下列事項主要由誰負責？,Who has the main responsibility for the following at your school?,決定預算分配,Deciding on budget allocations,Principal | Teachers or members of <school management team> | <School governing board> | <Local or municipal authority> | <Regional or state authority> | <National or federal authority>,Principal | Teachers or members of <school management team> | <School governing board> | <Local or municipal authority> | <Regional or state authority> | <National or federal authority>,Principal=27.45 | Teachers or members of school management team=48.81 | School governing board=10.98 | Local or municipal authority=9.92 | Regional or state authority=0 | National or federal authority=2.84,Principal=43.78 | Teachers or members of school management team=8.78 | School governing board=21.39 | Local or municipal authority=14.51 | Regional or state authority=5.78 | National or federal authority=5.76,Table I.B1.4.181
SC202Q07JA,SC202,學校對資源的權責,School responsibility for resources,貴校下列事項主要由誰負責？,Who has the main responsibility for the following at your school?,,Establishing student disciplinary policies and procedures,Principal | Teachers or members of <school management team> | <School governing board> | <Local or municipal authority> | <Regional or state authority> | <National or federal authority>,Principal | Teachers or members of <school management team> | <School governing board> | <Local or municipal authority> | <Regional or state authority> | <National or federal authority>,,,Table I.B1.4.181
SC202Q08JA,SC202,學校對課程的權責,School responsibility for curriculum,貴校下列事項主要由誰負責？,Who has the main responsibility for the following at your school?,,"Establishing student assessment policies, including <national/regional> assessments",Principal | Teachers or members of <school management team> | <School governing board> | <Local or municipal authority> | <Regional or state authority> | <National or federal authority>,Principal | Teachers or members of <school management team> | <School governing board> | <Local or municipal authority> | <Regional or state authority> | <National or federal authority>,Principal=1.91 | Teachers or members of school management team=47.53 | School governing board=0 | Local or municipal authority=11.85 | Regional or state authority=0 | National or federal authority=38.71,Principal=16.44 | Teachers or members of school management team=32.76 | School governing board=6.64 | Local or municipal authority=2.36 | Regional or state authority=9.07 | National or federal authority=32.73,Table I.B1.4.183
SC202Q09JA,SC202,學校對資源的權責,School responsibility for resources,貴校下列事項主要由誰負責？,Who has the main responsibility for the following at your school?,,Approving students for admission to the school,Principal | Teachers or members of <school management team> | <School governing board> | <Local or municipal authority> | <Regional or state authority> | <National or federal authority>,Principal | Teachers or members of <school management team> | <School governing board> | <Local or municipal authority> | <Regional or state authority> | <National or federal authority>,,,Table I.B1.4.181
SC202Q10JA,SC202,學校對課程的權責,School responsibility for curriculum,貴校下列事項主要由誰負責？,Who has the main responsibility for the following at your school?,選擇使用哪些教材,Choosing which learning materials are used,Principal | Teachers or members of <school management team> | <School governing board> | <Local or municipal authority> | <Regional or state authority> | <National or federal authority>,Principal | Teachers or members of <school management team> | <School governing board> | <Local or municipal authority> | <Regional or state authority> | <National or federal authority>,Principal=3.74 | Teachers or members of school management team=92.77 | School governing board=0.34 | Local or municipal authority=0.83 | Regional or state authority=0 | National or federal authority=2.32,Principal=9.55 | Teachers or members of school management team=75.05 | School governing board=5.24 | Local or municipal authority=0.82 | Regional or state authority=1.53 | National or federal authority=7.81,Table I.B1.4.183
SC202Q11JA,SC202,學校對資源的權責,School responsibility for resources,貴校下列事項主要由誰負責？,Who has the main responsibility for the following at your school?,,"Determining course content, including <national/regional> curricula",Principal | Teachers or members of <school management team> | <School governing board> | <Local or municipal authority> | <Regional or state authority> | <National or federal authority>,Principal | Teachers or members of <school management team> | <School governing board> | <Local or municipal authority> | <Regional or state authority> | <National or federal authority>,,,Table I.B1.4.181
SC202Q12JA,SC202,學校對課程的權責,School responsibility for curriculum,貴校下列事項主要由誰負責？,Who has the main responsibility for the following at your school?,決定開設哪些課程,Deciding which courses are offered,Principal | Teachers or members of <school management team> | <School governing board> | <Local or municipal authority> | <Regional or state authority> | <National or federal authority>,Principal | Teachers or members of <school management team> | <School governing board> | <Local or municipal authority> | <Regional or state authority> | <National or federal authority>,Principal=3.53 | Teachers or members of school management team=76.56 | School governing board=0.03 | Local or municipal authority=3.76 | Regional or state authority=0 | National or federal authority=16.12,Principal=23.38 | Teachers or members of school management team=31.37 | School governing board=9.18 | Local or municipal authority=2.01 | Regional or state authority=5.88 | National or federal authority=28.18,Table I.B1.4.183
SC209Q01DA,SC209,,,,"With respect to the PISA test in your school, have you done any of the following?",,I have shared information about the PISA test administration with the staff at my school.,是 | 否 | valid skip (filter rule) | system missing | not administered/not applicable | invalid | no response,Yes | No | valid skip (filter rule) | system missing | not administered/not applicable | invalid | no response,,,
SC209Q02DA,SC209,,,,"With respect to the PISA test in your school, have you done any of the following?",,I have shared information about the PISA test administration with the students at my school.,是 | 否 | valid skip (filter rule) | system missing | not administered/not applicable | invalid | no response,Yes | No | valid skip (filter rule) | system missing | not administered/not applicable | invalid | no response,,,
SC209Q03DA,SC209,,,,"With respect to the PISA test in your school, have you done any of the following?",,I have shared information about the PISA test administration with the parents or guardians of students at my school.,是 | 否 | valid skip (filter rule) | system missing | not administered/not applicable | invalid | no response,Yes | No | valid skip (filter rule) | system missing | not administered/not applicable | invalid | no response,,,
SC209Q04JA,SC209,,,,"With respect to the PISA test in your school, have you done any of the following?",,I have spoken to teachers at my school about the importance of the PISA test.,是 | 否 | valid skip (filter rule) | system missing | not administered/not applicable | invalid | no response,Yes | No | valid skip (filter rule) | system missing | not administered/not applicable | invalid | no response,,,
SC209Q05JA,SC209,,,,"With respect to the PISA test in your school, have you done any of the following?",,I have spoken to parents or guardians about the importance of the PISA test.,是 | 否 | valid skip (filter rule) | system missing | not administered/not applicable | invalid | no response,Yes | No | valid skip (filter rule) | system missing | not administered/not applicable | invalid | no response,,,
SC209Q06JA,SC209,,,,"With respect to the PISA test in your school, have you done any of the following?",,I have encouraged the students at my school to do their best during the PISA test.,是 | 否 | valid skip (filter rule) | system missing | not administered/not applicable | invalid | no response,Yes | No | valid skip (filter rule) | system missing | not administered/not applicable | invalid | no response,,,
SC210Q01JA,SC210,,,,Which of the statements below best describes the situation for students in <national modal grade for 15-year-olds> at your school?,,Which of the statements below best describes the situation for students in <national modal grade for 15-year-olds> at your school?,Career guidance is sought voluntarily by students | Career guidance is formally scheduled into students’ time at school | valid skip (filter rule) | system missing | not administered/not applicable | invalid | no response,Career guidance is sought voluntarily by students | Career guidance is formally scheduled into students’ time at school | valid skip (filter rule) | system missing | not administered/not applicable | invalid | no response,,,
SC211Q02JA_Q,SC211,,,,Approximately what percentage of students in <national modal grade for 15-year-olds> in your school have the following characteristics?,,Students with special learning needs,Bottom international quartile - Median: 0 | Second international quartile - Median: 1 | Third international quartile - Median: 6 | Top international quartile - Median: 21 | not administered/not applicable | no response,Bottom international quartile - Median: 0 | Second international quartile - Median: 1 | Third international quartile - Median: 6 | Top international quartile - Median: 21 | not administered/not applicable | no response,,,
SC211Q03JA_Q,SC211,,,,Approximately what percentage of students in <national modal grade for 15-year-olds> in your school have the following characteristics?,,Students from socioeconomically disadvantaged homes,Bottom international quartile - Median: 0 | Second international quartile - Median: 4 | Third international quartile - Median: 17 | Top international quartile - Median: 61 | not administered/not applicable | no response,Bottom international quartile - Median: 0 | Second international quartile - Median: 4 | Third international quartile - Median: 17 | Top international quartile - Median: 61 | not administered/not applicable | no response,,,
SC211Q06JA_Q,SC211,,,,Approximately what percentage of students in <national modal grade for 15-year-olds> in your school have the following characteristics?,,Students who are refugees,Bottom international quartile | Second international quartile | Third international quartile | Top international quartile | not administered/not applicable | no response,Bottom international quartile | Second international quartile | Third international quartile | Top international quartile | not administered/not applicable | no response,,,
SC212Q01JA,SC212,,,,"For students in <national modal grade for 15-year-olds>, does your school provide the following study help?",,Room(s) where the students can do their homework,是 | 否 | valid skip (filter rule) | system missing | not administered/not applicable | invalid | no response,Yes | No | valid skip (filter rule) | system missing | not administered/not applicable | invalid | no response,,,
SC212Q02JA,SC212,,,,"For students in <national modal grade for 15-year-olds>, does your school provide the following study help?",,Staff help with homework,是 | 否 | valid skip (filter rule) | system missing | not administered/not applicable | invalid | no response,Yes | No | valid skip (filter rule) | system missing | not administered/not applicable | invalid | no response,,,
SC212Q03JA,SC212,,,,"For students in <national modal grade for 15-year-olds>, does your school provide the following study help?",,Peer-to-peer tutoring,是 | 否 | valid skip (filter rule) | system missing | not administered/not applicable | invalid | no response,Yes | No | valid skip (filter rule) | system missing | not administered/not applicable | invalid | no response,,,
SC250Q01DA,SC250,學校提供的環境相關活動機會,Opportunities for environment-related activities at school,貴校多常提供學生參與下列活動的機會？,How often does your school offer students the opportunity to take part in the following activities?,經營校園菜園,Growing a school garden,從不 | 有時 | Frequently | Very frequently | valid skip (filter rule) | system missing | not administered/not applicable | invalid | no response,Never | Sometimes | Frequently | Very frequently | valid skip (filter rule) | system missing | not administered/not applicable | invalid | no response,從不=17.96 | 有時=57.22 | Frequently=18.23 | Very frequently=6.59,從不=32.58 | 有時=39.7 | Frequently=17.06 | Very frequently=10.66,Table I.B1.5.59
SC250Q02DA,SC250,學校提供的環境相關活動機會,Opportunities for environment-related activities at school,貴校多常提供學生參與下列活動的機會？,How often does your school offer students the opportunity to take part in the following activities?,,Participate in environmental student groups,從不 | 有時 | Frequently | Very frequently | valid skip (filter rule) | system missing | not administered/not applicable | invalid | no response,Never | Sometimes | Frequently | Very frequently | valid skip (filter rule) | system missing | not administered/not applicable | invalid | no response,從不=6.06 | 有時=42.01 | Frequently=41.94 | Very frequently=9.99,從不=15.63 | 有時=47.49 | Frequently=26.0 | Very frequently=10.89,Table I.B1.5.59
SC250Q03DA,SC250,學校提供的環境相關活動機會,Opportunities for environment-related activities at school,貴校多常提供學生參與下列活動的機會？,How often does your school offer students the opportunity to take part in the following activities?,全校或社區的垃圾清理,Whole school or community rubbish collection,從不 | 有時 | Frequently | Very frequently | valid skip (filter rule) | system missing | not administered/not applicable | invalid | no response,Never | Sometimes | Frequently | Very frequently | valid skip (filter rule) | system missing | not administered/not applicable | invalid | no response,從不=1.08 | 有時=19.73 | Frequently=33.96 | Very frequently=45.23,從不=12.57 | 有時=46.32 | Frequently=26.27 | Very frequently=14.85,Table I.B1.5.59
SC250Q06DA,SC250,學校提供的環境相關活動機會,Opportunities for environment-related activities at school,貴校多常提供學生參與下列活動的機會？,How often does your school offer students the opportunity to take part in the following activities?,,Recycling programs,從不 | 有時 | Frequently | Very frequently | valid skip (filter rule) | system missing | not administered/not applicable | invalid | no response,Never | Sometimes | Frequently | Very frequently | valid skip (filter rule) | system missing | not administered/not applicable | invalid | no response,,,Table I.B1.5.59
SC250Q08DA,SC250,學校提供的環境相關活動機會,Opportunities for environment-related activities at school,貴校多常提供學生參與下列活動的機會？,How often does your school offer students the opportunity to take part in the following activities?,到廢棄物處理場所（例如污水處理廠、掩埋場）進行戶外考察,"Field trips to investigate waste management (e.g., sewage works, landfills)",從不 | 有時 | Frequently | Very frequently | valid skip (filter rule) | system missing | not administered/not applicable | invalid | no response,Never | Sometimes | Frequently | Very frequently | valid skip (filter rule) | system missing | not administered/not applicable | invalid | no response,從不=22.33 | 有時=58.76 | Frequently=15.56 | Very frequently=3.35,從不=21.54 | 有時=54.98 | Frequently=18.31 | Very frequently=5.17,Table I.B1.5.59
SC250Q09DA,SC250,學校提供的環境相關活動機會,Opportunities for environment-related activities at school,貴校多常提供學生參與下列活動的機會？,How often does your school offer students the opportunity to take part in the following activities?,,"Listen to invited guest speakers with special interests in the environment (e.g., biologists, environmental scientists environmental advocates)",從不 | 有時 | Frequently | Very frequently | valid skip (filter rule) | system missing | not administered/not applicable | invalid | no response,Never | Sometimes | Frequently | Very frequently | valid skip (filter rule) | system missing | not administered/not applicable | invalid | no response,從不=3.68 | 有時=67.65 | Frequently=24.06 | Very frequently=4.61,從不=15.55 | 有時=59.17 | Frequently=19.09 | Very frequently=6.18,Table I.B1.5.59
SC250Q10DA,SC250,學校提供的環境相關活動機會,Opportunities for environment-related activities at school,貴校多常提供學生參與下列活動的機會？,How often does your school offer students the opportunity to take part in the following activities?,,"Participate in environmental school groups consisting of staff, students, parents and interested community members for whole school sustainability",從不 | 有時 | Frequently | Very frequently | valid skip (filter rule) | system missing | not administered/not applicable | invalid | no response,Never | Sometimes | Frequently | Very frequently | valid skip (filter rule) | system missing | not administered/not applicable | invalid | no response,從不=9.34 | 有時=56.56 | Frequently=27.2 | Very frequently=6.89,從不=34.61 | 有時=44.03 | Frequently=15.84 | Very frequently=5.52,Table I.B1.5.59
SC250Q12DA,SC250,學校提供的環境相關活動機會,Opportunities for environment-related activities at school,貴校多常提供學生參與下列活動的機會？,How often does your school offer students the opportunity to take part in the following activities?,盤點校園、社區公園與遊憩區的生物多樣性,"Auditing the biodiversity of school grounds, local parks, and recreation areas",從不 | 有時 | Frequently | Very frequently | valid skip (filter rule) | system missing | not administered/not applicable | invalid | no response,Never | Sometimes | Frequently | Very frequently | valid skip (filter rule) | system missing | not administered/not applicable | invalid | no response,從不=16.65 | 有時=58.98 | Frequently=20.88 | Very frequently=3.49,從不=30.0 | 有時=48.08 | Frequently=16.76 | Very frequently=5.16,Table I.B1.5.59
SC250Q13DA,SC250,學校提供的環境相關活動機會,Opportunities for environment-related activities at school,貴校多常提供學生參與下列活動的機會？,How often does your school offer students the opportunity to take part in the following activities?,達成既定環境目標時慶祝學校的成就,Celebrating school achievement when reaching set environmental goals,從不 | 有時 | Frequently | Very frequently | valid skip (filter rule) | system missing | not administered/not applicable | invalid | no response,Never | Sometimes | Frequently | Very frequently | valid skip (filter rule) | system missing | not administered/not applicable | invalid | no response,從不=14.85 | 有時=50.12 | Frequently=28.79 | Very frequently=6.24,從不=39.2 | 有時=38.32 | Frequently=16.19 | Very frequently=6.28,Table I.B1.5.59
SC250Q15DA,SC250,學校提供的環境相關活動機會,Opportunities for environment-related activities at school,貴校多常提供學生參與下列活動的機會？,How often does your school offer students the opportunity to take part in the following activities?,分享本國或他國原住民族的知識,Sharing knowledge from indigenous peoples from their own country or from other countries,從不 | 有時 | Frequently | Very frequently | valid skip (filter rule) | system missing | not administered/not applicable | invalid | no response,Never | Sometimes | Frequently | Very frequently | valid skip (filter rule) | system missing | not administered/not applicable | invalid | no response,從不=15.7 | 有時=57.27 | Frequently=21.95 | Very frequently=5.08,從不=39.49 | 有時=43.24 | Frequently=13.64 | Very frequently=3.64,Table I.B1.5.59
SC250Q16DA,SC250,學校提供的環境相關活動機會,Opportunities for environment-related activities at school,貴校多常提供學生參與下列活動的機會？,How often does your school offer students the opportunity to take part in the following activities?,,"Environmental <citizen science, community science, volunteer monitoring, public participation in scientific research> projects (e.g. counting and identify",從不 | 有時 | Frequently | Very frequently | valid skip (filter rule) | system missing | not administered/not applicable | invalid | no response,Never | Sometimes | Frequently | Very frequently | valid skip (filter rule) | system missing | not administered/not applicable | invalid | no response,,,Table I.B1.5.59
SC250Q17DA,SC250,學校提供的環境相關活動機會,Opportunities for environment-related activities at school,貴校多常提供學生參與下列活動的機會？,How often does your school offer students the opportunity to take part in the following activities?,支援遭受天然災害（例如風災、野火、乾旱）的社區,"Supporting communities who have suffered natural disasters (e.g., storms, wildfires, drought)",從不 | 有時 | Frequently | Very frequently | valid skip (filter rule) | system missing | not administered/not applicable | invalid | no response,Never | Sometimes | Frequently | Very frequently | valid skip (filter rule) | system missing | not administered/not applicable | invalid | no response,從不=48.32 | 有時=37.84 | Frequently=11.76 | Very frequently=2.08,從不=41.7 | 有時=41.67 | Frequently=12.15 | Very frequently=4.49,Table I.B1.5.59
SC250Q18DA,SC250,學校提供的環境相關活動機會,Opportunities for environment-related activities at school,貴校多常提供學生參與下列活動的機會？,How often does your school offer students the opportunity to take part in the following activities?,在校刊、網站與校內展示中呈現環境成果與政策,"Showcasing environmental achievement and policies in school newsletters, on websites and school displays",從不 | 有時 | Frequently | Very frequently | valid skip (filter rule) | system missing | not administered/not applicable | invalid | no response,Never | Sometimes | Frequently | Very frequently | valid skip (filter rule) | system missing | not administered/not applicable | invalid | no response,從不=8.05 | 有時=43.15 | Frequently=39.96 | Very frequently=8.84,從不=31.0 | 有時=45.9 | Frequently=16.86 | Very frequently=6.24,Table I.B1.5.59
SC250Q19DA,SC250,學校提供的環境相關活動機會,Opportunities for environment-related activities at school,貴校多常提供學生參與下列活動的機會？,How often does your school offer students the opportunity to take part in the following activities?,與在地環保組織合作,Engaging with a local environmental organisation,從不 | 有時 | Frequently | Very frequently | valid skip (filter rule) | system missing | not administered/not applicable | invalid | no response,Never | Sometimes | Frequently | Very frequently | valid skip (filter rule) | system missing | not administered/not applicable | invalid | no response,從不=18.41 | 有時=60.82 | Frequently=17.59 | Very frequently=3.18,從不=32.27 | 有時=47.69 | Frequently=14.86 | Very frequently=5.19,Table I.B1.5.59
SC251Q01DA,SC251,,,,How strongly do you agree with the following statements?,,My school teaches environmental issues in many subjects at school,非常不同意 | 不同意 | 同意 | 非常同意 | valid skip (filter rule) | system missing | not administered/not applicable | invalid | no response,Strongly disagree | Disagree | Agree | Strongly agree | valid skip (filter rule) | system missing | not administered/not applicable | invalid | no response,,,
SC251Q04DA,SC251,,,,How strongly do you agree with the following statements?,,My school organises field trips so that students can investigate environmental issues,非常不同意 | 不同意 | 同意 | 非常同意 | valid skip (filter rule) | system missing | not administered/not applicable | invalid | no response,Strongly disagree | Disagree | Agree | Strongly agree | valid skip (filter rule) | system missing | not administered/not applicable | invalid | no response,,,
SC251Q05DA,SC251,,,,How strongly do you agree with the following statements?,,My school encourages teachers to demonstrate or do experiments to explain environmental issues,非常不同意 | 不同意 | 同意 | 非常同意 | valid skip (filter rule) | system missing | not administered/not applicable | invalid | no response,Strongly disagree | Disagree | Agree | Strongly agree | valid skip (filter rule) | system missing | not administered/not applicable | invalid | no response,,,
SC251Q06DA,SC251,,,,How strongly do you agree with the following statements?,,"My school encourages the use of a range of source materials (e.g., documentaries, articles) to discuss environmental issues in class",非常不同意 | 不同意 | 同意 | 非常同意 | valid skip (filter rule) | system missing | not administered/not applicable | invalid | no response,Strongly disagree | Disagree | Agree | Strongly agree | valid skip (filter rule) | system missing | not administered/not applicable | invalid | no response,,,
SC251Q07DA,SC251,,,,How strongly do you agree with the following statements?,,My school promotes solutions to environmental issues,非常不同意 | 不同意 | 同意 | 非常同意 | valid skip (filter rule) | system missing | not administered/not applicable | invalid | no response,Strongly disagree | Disagree | Agree | Strongly agree | valid skip (filter rule) | system missing | not administered/not applicable | invalid | no response,,,
SC251Q09DA,SC251,,,,How strongly do you agree with the following statements?,,My school formally assesses students’ knowledge of environmental issues,非常不同意 | 不同意 | 同意 | 非常同意 | valid skip (filter rule) | system missing | not administered/not applicable | invalid | no response,Strongly disagree | Disagree | Agree | Strongly agree | valid skip (filter rule) | system missing | not administered/not applicable | invalid | no response,,,
SC261Q01DA,SC261,,,,"During <the last academic year>, what percentage of all digital devices in your school had access to the following software?",,Word processor (e.g. <Microsoft® WordTM>),沒有 | 1-25% | 26-50% | 51-75% | 76-100%,None | 1-25% | 26-50% | 51-75% | 76-100%,,,
SC261Q02DA,SC261,,,,"During <the last academic year>, what percentage of all digital devices in your school had access to the following software?",,Software for creating a multi-media presentation (e.g. <Microsoft® PowerPointTM>),沒有 | 1-25% | 26-50% | 51-75% | 76-100%,None | 1-25% | 26-50% | 51-75% | 76-100%,,,
SC261Q03DA,SC261,,,,"During <the last academic year>, what percentage of all digital devices in your school had access to the following software?",,"Software to create and edit videos (e.g., <iMovie>, <Final Cut Pro>, <InShot>)",沒有 | 1-25% | 26-50% | 51-75% | 76-100%,None | 1-25% | 26-50% | 51-75% | 76-100%,,,
SC261Q04DA,SC261,,,,"During <the last academic year>, what percentage of all digital devices in your school had access to the following software?",,"Software to create and edit music (e.g. <Audacity>, <GarageBand>)",沒有 | 1-25% | 26-50% | 51-75% | 76-100%,None | 1-25% | 26-50% | 51-75% | 76-100%,,,
SC261Q05DA,SC261,,,,"During <the last academic year>, what percentage of all digital devices in your school had access to the following software?",,"Software for programming (e.g. <Scratch>, <Python>, <Java>)",沒有 | 1-25% | 26-50% | 51-75% | 76-100%,None | 1-25% | 26-50% | 51-75% | 76-100%,,,
SC261Q06DA,SC261,,,,"During <the last academic year>, what percentage of all digital devices in your school had access to the following software?",,"Software to collect and record data (e.g. data loggers, <Microsoft® Access™>, <Google® Form>, spreadsheets)",沒有 | 1-25% | 26-50% | 51-75% | 76-100%,None | 1-25% | 26-50% | 51-75% | 76-100%,,,
SC261Q07DA,SC261,,,,"During <the last academic year>, what percentage of all digital devices in your school had access to the following software?",,Software for building or editing webpages (e.g. <WordPress>),沒有 | 1-25% | 26-50% | 51-75% | 76-100%,None | 1-25% | 26-50% | 51-75% | 76-100%,,,
SC261Q08DA,SC261,,,,"During <the last academic year>, what percentage of all digital devices in your school had access to the following software?",,"Learning management system (e.g. <Moodle, Blackboard, Schoology, Canvas>)",沒有 | 1-25% | 26-50% | 51-75% | 76-100%,None | 1-25% | 26-50% | 51-75% | 76-100%,,,
SC261Q09DA,SC261,,,,"During <the last academic year>, what percentage of all digital devices in your school had access to the following software?",,"Software for online collaborative work (e.g. <Miro, Google Jamboard>)",沒有 | 1-25% | 26-50% | 51-75% | 76-100%,None | 1-25% | 26-50% | 51-75% | 76-100%,,,
SC261Q10DA,SC261,,,,"During <the last academic year>, what percentage of all digital devices in your school had access to the following software?",,Virtual or augmented reality software,沒有 | 1-25% | 26-50% | 51-75% | 76-100%,None | 1-25% | 26-50% | 51-75% | 76-100%,,,
SC262Q01DA,SC262,,,,Does your school apply the following type of policy or rule for students in <national modal grade for 15-year-olds>?,,Each student is provided with a digital device to use at school.,是 | 否 | valid skip (filter rule) | system missing | not administered/not applicable | invalid | no response,Yes | No | valid skip (filter rule) | system missing | not administered/not applicable | invalid | no response,,,
SC262Q02DA,SC262,,,,Does your school apply the following type of policy or rule for students in <national modal grade for 15-year-olds>?,,Students have to share a digital device in the classroom because there are not enough devices for each student.,是 | 否 | valid skip (filter rule) | system missing | not administered/not applicable | invalid | no response,Yes | No | valid skip (filter rule) | system missing | not administered/not applicable | invalid | no response,,,
SC262Q03DA,SC262,,,,Does your school apply the following type of policy or rule for students in <national modal grade for 15-year-olds>?,,Digital devices are used for extracurricular activities at school.,是 | 否 | valid skip (filter rule) | system missing | not administered/not applicable | invalid | no response,Yes | No | valid skip (filter rule) | system missing | not administered/not applicable | invalid | no response,,,
SC262Q04DA,SC262,,,,Does your school apply the following type of policy or rule for students in <national modal grade for 15-year-olds>?,,The use of digital devices is restricted to the computer laboratories.,是 | 否 | valid skip (filter rule) | system missing | not administered/not applicable | invalid | no response,Yes | No | valid skip (filter rule) | system missing | not administered/not applicable | invalid | no response,,,
SC262Q05DA,SC262,,,,Does your school apply the following type of policy or rule for students in <national modal grade for 15-year-olds>?,,Students can bring the school’s digital devices home for educational purposes.,是 | 否 | valid skip (filter rule) | system missing | not administered/not applicable | invalid | no response,Yes | No | valid skip (filter rule) | system missing | not administered/not applicable | invalid | no response,,,
SC262Q06DA,SC262,,,,Does your school apply the following type of policy or rule for students in <national modal grade for 15-year-olds>?,,Students bring their own digital devices for learning at school.,是 | 否 | valid skip (filter rule) | system missing | not administered/not applicable | invalid | no response,Yes | No | valid skip (filter rule) | system missing | not administered/not applicable | invalid | no response,,,
SC265Q03DA,SC265,,,,"During <the last academic year>, how many teachers at your school took part in professional development activities on the following topics?",,Integrating <digital resources> in teaching,None or hardly any | Some of them | Most of them | All or nearly all,None or hardly any | Some of them | Most of them | All or nearly all,,,
SC265Q04DA,SC265,,,,"During <the last academic year>, how many teachers at your school took part in professional development activities on the following topics?",,Communicating with students and parents using digital devices,None or hardly any | Some of them | Most of them | All or nearly all,None or hardly any | Some of them | Most of them | All or nearly all,,,
SC265Q05DA,SC265,,,,"During <the last academic year>, how many teachers at your school took part in professional development activities on the following topics?",,Using <digital resources> to collaborate with other teachers,None or hardly any | Some of them | Most of them | All or nearly all,None or hardly any | Some of them | Most of them | All or nearly all,,,
SC265Q06DA,SC265,,,,"During <the last academic year>, how many teachers at your school took part in professional development activities on the following topics?",,Supporting students’ autonomous learning with <digital resources>,None or hardly any | Some of them | Most of them | All or nearly all,None or hardly any | Some of them | Most of them | All or nearly all,,,
SC265Q07DA,SC265,,,,"During <the last academic year>, how many teachers at your school took part in professional development activities on the following topics?",,Using <digital resources> for student assessment,None or hardly any | Some of them | Most of them | All or nearly all,None or hardly any | Some of them | Most of them | All or nearly all,,,
SC265Q08DA,SC265,,,,"During <the last academic year>, how many teachers at your school took part in professional development activities on the following topics?",,Ensuring the inclusion of all students when using <digital resources>,None or hardly any | Some of them | Most of them | All or nearly all,None or hardly any | Some of them | Most of them | All or nearly all,,,
SC265Q09DA,SC265,,,,"During <the last academic year>, how many teachers at your school took part in professional development activities on the following topics?",,Using <digital resources> to personalise learning,None or hardly any | Some of them | Most of them | All or nearly all,None or hardly any | Some of them | Most of them | All or nearly all,,,
SC265Q10DA,SC265,,,,"During <the last academic year>, how many teachers at your school took part in professional development activities on the following topics?",,Teaching <media literacy> to students,None or hardly any | Some of them | Most of them | All or nearly all,None or hardly any | Some of them | Most of them | All or nearly all,,,
SC265Q11DA,SC265,,,,"During <the last academic year>, how many teachers at your school took part in professional development activities on the following topics?",,Teaching students how to create and modify digital content in multiple formats,None or hardly any | Some of them | Most of them | All or nearly all,None or hardly any | Some of them | Most of them | All or nearly all,,,
SC265Q12DA,SC265,,,,"During <the last academic year>, how many teachers at your school took part in professional development activities on the following topics?",,Teaching students how to use <digital resources> safely and ethically,None or hardly any | Some of them | Most of them | All or nearly all,None or hardly any | Some of them | Most of them | All or nearly all,,,
SC265Q13DA,SC265,,,,"During <the last academic year>, how many teachers at your school took part in professional development activities on the following topics?",,"Dealing with students’ access to Artificial Intelligence chatbots (e.g. <ChatGPT>, <Google Bard>)",None or hardly any | Some of them | Most of them | All or nearly all,None or hardly any | Some of them | Most of them | All or nearly all,,,
SC266Q01DA,SC266,,,,What priority is given to the following objectives of teaching at your school?,,To enhance students’ capacity to learn on their own,No priority | Low priority | Medium priority | High priority | valid skip (filter rule) | system missing | not administered/not applicable | invalid | no response,No priority | Low priority | Medium priority | High priority | valid skip (filter rule) | system missing | not administered/not applicable | invalid | no response,,,
SC266Q02DA,SC266,,,,What priority is given to the following objectives of teaching at your school?,,"To support students’ capacity to plan, monitor and evaluate their learning",No priority | Low priority | Medium priority | High priority | valid skip (filter rule) | system missing | not administered/not applicable | invalid | no response,No priority | Low priority | Medium priority | High priority | valid skip (filter rule) | system missing | not administered/not applicable | invalid | no response,,,
SC266Q03DA,SC266,,,,What priority is given to the following objectives of teaching at your school?,,To teach students when and how they should seek for help in their study,No priority | Low priority | Medium priority | High priority | valid skip (filter rule) | system missing | not administered/not applicable | invalid | no response,No priority | Low priority | Medium priority | High priority | valid skip (filter rule) | system missing | not administered/not applicable | invalid | no response,,,
SC266Q04DA,SC266,,,,What priority is given to the following objectives of teaching at your school?,,To teach students how to use the feedback they receive from teachers,No priority | Low priority | Medium priority | High priority | valid skip (filter rule) | system missing | not administered/not applicable | invalid | no response,No priority | Low priority | Medium priority | High priority | valid skip (filter rule) | system missing | not administered/not applicable | invalid | no response,,,
SC266Q05DA,SC266,,,,What priority is given to the following objectives of teaching at your school?,,"To give students advice on how to manage negative emotions related to learning (e.g. frustration, anxiety, boredom)",No priority | Low priority | Medium priority | High priority | valid skip (filter rule) | system missing | not administered/not applicable | invalid | no response,No priority | Low priority | Medium priority | High priority | valid skip (filter rule) | system missing | not administered/not applicable | invalid | no response,,,
SC266Q06DA,SC266,,,,What priority is given to the following objectives of teaching at your school?,,To teach students how to give feedback to each other as part of group work,No priority | Low priority | Medium priority | High priority | valid skip (filter rule) | system missing | not administered/not applicable | invalid | no response,No priority | Low priority | Medium priority | High priority | valid skip (filter rule) | system missing | not administered/not applicable | invalid | no response,,,
SC266Q07DA,SC266,,,,What priority is given to the following objectives of teaching at your school?,,To train students to carry out complex projects over multiple days,No priority | Low priority | Medium priority | High priority | valid skip (filter rule) | system missing | not administered/not applicable | invalid | no response,No priority | Low priority | Medium priority | High priority | valid skip (filter rule) | system missing | not administered/not applicable | invalid | no response,,,
SC267Q01DA,SC267,,,,How often is instruction in your school organised in the following manner?,,Students are taught remotely via online lessons,從不或幾乎從不 | 部分課堂 | Many lessons | Every lesson or almost every lesson | valid skip (filter rule) | system missing | not administered/not applicable | invalid | no response,Never or almost never | Some lessons | Many lessons | Every lesson or almost every lesson | valid skip (filter rule) | system missing | not administered/not applicable | invalid | no response,,,
SC267Q02DA,SC267,,,,How often is instruction in your school organised in the following manner?,,Students work individually with digital devices in the classroom,從不或幾乎從不 | 部分課堂 | Many lessons | Every lesson or almost every lesson | valid skip (filter rule) | system missing | not administered/not applicable | invalid | no response,Never or almost never | Some lessons | Many lessons | Every lesson or almost every lesson | valid skip (filter rule) | system missing | not administered/not applicable | invalid | no response,,,
SC267Q03DA,SC267,,,,How often is instruction in your school organised in the following manner?,,Students study on their own using online materials distributed to them.,從不或幾乎從不 | 部分課堂 | Many lessons | Every lesson or almost every lesson | valid skip (filter rule) | system missing | not administered/not applicable | invalid | no response,Never or almost never | Some lessons | Many lessons | Every lesson or almost every lesson | valid skip (filter rule) | system missing | not administered/not applicable | invalid | no response,,,
SC267Q04DA,SC267,,,,How often is instruction in your school organised in the following manner?,,"Logs from Learning Management Systems (e.g. <Moodle, Blackboard, Schoology, Canvas>) are used for assessment",從不或幾乎從不 | 部分課堂 | Many lessons | Every lesson or almost every lesson | valid skip (filter rule) | system missing | not administered/not applicable | invalid | no response,Never or almost never | Some lessons | Many lessons | Every lesson or almost every lesson | valid skip (filter rule) | system missing | not administered/not applicable | invalid | no response,,,
SC267Q05DA,SC267,,,,How often is instruction in your school organised in the following manner?,,Students participate in online collaborative activities (e.g. digital presentations or projects),從不或幾乎從不 | 部分課堂 | Many lessons | Every lesson or almost every lesson | valid skip (filter rule) | system missing | not administered/not applicable | invalid | no response,Never or almost never | Some lessons | Many lessons | Every lesson or almost every lesson | valid skip (filter rule) | system missing | not administered/not applicable | invalid | no response,,,
SC267Q06DA,SC267,,,,How often is instruction in your school organised in the following manner?,,"Students learn online through courses offered by external providers (e.g. teachers in other schools, universities, commercial software)",從不或幾乎從不 | 部分課堂 | Many lessons | Every lesson or almost every lesson | valid skip (filter rule) | system missing | not administered/not applicable | invalid | no response,Never or almost never | Some lessons | Many lessons | Every lesson or almost every lesson | valid skip (filter rule) | system missing | not administered/not applicable | invalid | no response,,,
SC267Q07DA,SC267,,,,How often is instruction in your school organised in the following manner?,,"Students create or edit digital, open resources (e.g. public blogs, wikis, videos, podcasts).",從不或幾乎從不 | 部分課堂 | Many lessons | Every lesson or almost every lesson | valid skip (filter rule) | system missing | not administered/not applicable | invalid | no response,Never or almost never | Some lessons | Many lessons | Every lesson or almost every lesson | valid skip (filter rule) | system missing | not administered/not applicable | invalid | no response,,,
SC268Q01DA,SC268,,,,To what extent do you agree or disagree with the following statements about your school’s purposes to teach using <digital resources>?,,We use <digital resources> to make teaching more effective.,非常不同意 | 不同意 | 同意 | 非常同意 | Does not apply,Strongly disagree | Disagree | Agree | Strongly agree | Does not apply,,,
SC268Q02DA,SC268,,,,To what extent do you agree or disagree with the following statements about your school’s purposes to teach using <digital resources>?,,We use <digital resources> to strengthen students’ skills to learn on their own.,非常不同意 | 不同意 | 同意 | 非常同意 | Does not apply,Strongly disagree | Disagree | Agree | Strongly agree | Does not apply,,,
SC268Q03DA,SC268,,,,To what extent do you agree or disagree with the following statements about your school’s purposes to teach using <digital resources>?,,We use <digital resources> to provide personalised learning opportunities.,非常不同意 | 不同意 | 同意 | 非常同意 | Does not apply,Strongly disagree | Disagree | Agree | Strongly agree | Does not apply,,,
SC268Q04DA,SC268,,,,To what extent do you agree or disagree with the following statements about your school’s purposes to teach using <digital resources>?,,We use <digital resources> to enhance students’ capacity to work in groups.,非常不同意 | 不同意 | 同意 | 非常同意 | Does not apply,Strongly disagree | Disagree | Agree | Strongly agree | Does not apply,,,
SC268Q05DA,SC268,,,,To what extent do you agree or disagree with the following statements about your school’s purposes to teach using <digital resources>?,,We use <digital resources> to help students learn how to use them safely outside of school.,非常不同意 | 不同意 | 同意 | 非常同意 | Does not apply,Strongly disagree | Disagree | Agree | Strongly agree | Does not apply,,,
SC268Q06DA,SC268,,,,To what extent do you agree or disagree with the following statements about your school’s purposes to teach using <digital resources>?,,We use <digital resources> to track students’ progress.,非常不同意 | 不同意 | 同意 | 非常同意 | Does not apply,Strongly disagree | Disagree | Agree | Strongly agree | Does not apply,,,
SC268Q07DA,SC268,,,,To what extent do you agree or disagree with the following statements about your school’s purposes to teach using <digital resources>?,,We use <digital resources> to help low-achieving students catch up with their peers.,非常不同意 | 不同意 | 同意 | 非常同意 | Does not apply,Strongly disagree | Disagree | Agree | Strongly agree | Does not apply,,,
SC268Q08DA,SC268,,,,To what extent do you agree or disagree with the following statements about your school’s purposes to teach using <digital resources>?,,We use <digital resources> to engage high-achieving students.,非常不同意 | 不同意 | 同意 | 非常同意 | Does not apply,Strongly disagree | Disagree | Agree | Strongly agree | Does not apply,,,
SC400Q01DA_01_Q,SC400,,,,How many of the following are on the <school science> staff of your school?,,<School science> teachers in TOTAL (full time),Bottom international quartile - Median: 1 | Second international quartile - Median: 3 | Third international quartile - Median: 6 | Top international quartile - Median: 13 | not administered/not applicable | no response,Bottom international quartile - Median: 1 | Second international quartile - Median: 3 | Third international quartile - Median: 6 | Top international quartile - Median: 13 | not administered/not applicable | no response,,,
SC400Q01DA_02_Q,SC400,,,,How many of the following are on the <school science> staff of your school?,,<School science> teachers in TOTAL  (part time),Bottom international quartile | Second international quartile | Third international quartile | Top international quartile | not administered/not applicable | no response,Bottom international quartile | Second international quartile | Third international quartile | Top international quartile | not administered/not applicable | no response,,,
SC400Q02DA_01_Q,SC400,,,,How many of the following are on the <school science> staff of your school?,,<School science> teachers who are female (full time),Bottom international quartile - Median: 0 | Second international quartile - Median: 1 | Third international quartile - Median: 4 | Top international quartile - Median: 8 | not administered/not applicable | no response,Bottom international quartile - Median: 0 | Second international quartile - Median: 1 | Third international quartile - Median: 4 | Top international quartile - Median: 8 | not administered/not applicable | no response,,,
SC400Q02DA_02_Q,SC400,,,,How many of the following are on the <school science> staff of your school?,,<School science> teachers who are female  (part time),Bottom international quartile | Second international quartile | Third international quartile | Top international quartile | not administered/not applicable | no response,Bottom international quartile | Second international quartile | Third international quartile | Top international quartile | not administered/not applicable | no response,,,
SC400Q03DA_01_Q,SC400,,,,How many of the following are on the <school science> staff of your school?,,<School science> teachers <fully certified> by <the appropriate authority> (full time),Bottom international quartile - Median: 0 | Second international quartile - Median: 2 | Third international quartile - Median: 5 | Top international quartile - Median: 12 | not administered/not applicable | no response,Bottom international quartile - Median: 0 | Second international quartile - Median: 2 | Third international quartile - Median: 5 | Top international quartile - Median: 12 | not administered/not applicable | no response,,,
SC400Q03DA_02_Q,SC400,,,,How many of the following are on the <school science> staff of your school?,,<School science> teachers <fully certified> by <the appropriate authority> (part time),Bottom international quartile | Second international quartile | Third international quartile | Top international quartile | not administered/not applicable | no response,Bottom international quartile | Second international quartile | Third international quartile | Top international quartile | not administered/not applicable | no response,,,
SC400Q04DA_01_Q,SC400,,,,How many of the following are on the <school science> staff of your school?,,<School science> teachers with at least an <ISCED Level 6 –Bachelor’s or equivalent level> qualification (full time),Bottom international quartile - Median: 0 | Second international quartile - Median: 1 | Third international quartile - Median: 4 | Top international quartile - Median: 10 | not administered/not applicable | no response,Bottom international quartile - Median: 0 | Second international quartile - Median: 1 | Third international quartile - Median: 4 | Top international quartile - Median: 10 | not administered/not applicable | no response,,,
SC400Q04DA_02_Q,SC400,,,,How many of the following are on the <school science> staff of your school?,,<School science> teachers with at least an <ISCED Level 6 –Bachelor’s or equivalent level> qualification  (part time),Bottom international quartile | Second international quartile | Third international quartile | Top international quartile | not administered/not applicable | no response,Bottom international quartile | Second international quartile | Third international quartile | Top international quartile | not administered/not applicable | no response,,,
SC400Q05DA_01_Q,SC400,,,,How many of the following are on the <school science> staff of your school?,,<School science> teachers with at least an <ISCED Level 6 – Bachelor’s or equivalent level> qualification <with a major> in science (full time),Bottom international quartile - Median: 0 | Second international quartile - Median: 1 | Third international quartile - Median: 4 | Top international quartile - Median: 9 | not administered/not applicable | no response,Bottom international quartile - Median: 0 | Second international quartile - Median: 1 | Third international quartile - Median: 4 | Top international quartile - Median: 9 | not administered/not applicable | no response,,,
SC400Q05DA_02_Q,SC400,,,,How many of the following are on the <school science> staff of your school?,,<School science> teachers with at least an <ISCED Level 6 – Bachelor’s or equivalent level> qualification <with a major> in science  (part time),Bottom international quartile | Second international quartile | Third international quartile | Top international quartile | not administered/not applicable | no response,Bottom international quartile | Second international quartile | Third international quartile | Top international quartile | not administered/not applicable | no response,,,
SC400Q06DA_01_Q,SC400,,,,How many of the following are on the <school science> staff of your school?,,<School science> teachers with at least an <ISCED Level 6 – Bachelor’s or equivalent level> qualification in <pedagogy> (full time),Bottom international quartile - Median: 0 | Second international quartile - Median: 1 | Third international quartile - Median: 3 | Top international quartile - Median: 8 | not administered/not applicable | no response,Bottom international quartile - Median: 0 | Second international quartile - Median: 1 | Third international quartile - Median: 3 | Top international quartile - Median: 8 | not administered/not applicable | no response,,,
SC400Q06DA_02_Q,SC400,,,,How many of the following are on the <school science> staff of your school?,,<School science> teachers with at least an <ISCED Level 6 – Bachelor’s or equivalent level> qualification in <pedagogy>  (part time),Bottom international quartile | Second international quartile | Third international quartile | Top international quartile | not administered/not applicable | no response,Bottom international quartile | Second international quartile | Third international quartile | Top international quartile | not administered/not applicable | no response,,,
SC400Q07DA_01_Q,SC400,,,,How many of the following are on the <school science> staff of your school?,,<School science> teachers with an <ISCED Level 5 – Short-cycle tertiary education> but not an <ISCED Level 6 – Bachelor’s or equivalent level> qualification (full time),Bottom international quartile | Second international quartile | Third international quartile | Top international quartile | not administered/not applicable | no response,Bottom international quartile | Second international quartile | Third international quartile | Top international quartile | not administered/not applicable | no response,,,
SC400Q07DA_02_Q,SC400,,,,How many of the following are on the <school science> staff of your school?,,<School science> teachers with an <ISCED Level 5 – Short-cycle tertiary education> but not an <ISCED Level 6 – Bachelor’s or equivalent level> qualification  (part time),Bottom international quartile | Second international quartile | Third international quartile | Top international quartile | not administered/not applicable | no response,Bottom international quartile | Second international quartile | Third international quartile | Top international quartile | not administered/not applicable | no response,,,
SC400Q08DA_01_Q,SC400,,,,How many of the following are on the <school science> staff of your school?,,"<School science> teachers with a professional background in a relevant industry (e.g. engineering, research) (full time)",Bottom international quartile | Second international quartile | Third international quartile | Top international quartile | not administered/not applicable | no response,Bottom international quartile | Second international quartile | Third international quartile | Top international quartile | not administered/not applicable | no response,,,
SC400Q08DA_02_Q,SC400,,,,How many of the following are on the <school science> staff of your school?,,"<School science> teachers with a professional background in a relevant industry (e.g. engineering, research)  (part time)",Bottom international quartile | Second international quartile | Third international quartile | Top international quartile | not administered/not applicable | no response,Bottom international quartile | Second international quartile | Third international quartile | Top international quartile | not administered/not applicable | no response,,,
SC401Q01DA,SC401,,,,Does your school offer additional <school science> lessons apart from <school science> lessons offered during the usual school hours?,,Does your school offer additional <school science> lessons apart from <school science> lessons offered during the usual school hours?,是 | 否 | valid skip (filter rule) | system missing | not administered/not applicable | invalid | no response,Yes | No | valid skip (filter rule) | system missing | not administered/not applicable | invalid | no response,,,
SC402Q01DA,SC402,,,,What is the purpose of these additional <school science> lessons?,,What is the purpose of these additional <school science> lessons?,<Enrichment> only | <Remedial> only | Both <enrichment> and <remedial> | Without differentiation depending on the prior achievement level of the students | valid skip (filter rule) | system missing | not administered/not applicable | invalid | no response,<Enrichment> only | <Remedial> only | Both <enrichment> and <remedial> | Without differentiation depending on the prior achievement level of the students | valid skip (filter rule) | system missing | not administered/not applicable | invalid | no response,,,
SC403Q01DA,SC403,,,,What is the average size of <school science> classes in <national modal grade for 15-year-olds> in your school?,,What is the average size of <school science> classes in <national modal grade for 15-year-olds> in your school?,15 students or fewer | 16-20 students | 21-25 students | 26-30 students | 31-35 students | 36-40 students | 41-45 students | 46-50 students | More than 50 students,15 students or fewer | 16-20 students | 21-25 students | 26-30 students | 31-35 students | 36-40 students | 41-45 students | 46-50 students | More than 50 students,,,
SC404Q01DA,SC404,科學課的能力分組,Science class ability grouping,下列哪些選項描述貴校對〈15 歲學生所在年級〉學生的做法？,Which of the following options describe what your school does for <national modal grade for 15-year-olds> students in <school science> classes?,科學課內容相近，但難度分級不同。,"Science classes include similar content, but at different levels of difficulty.",For all classes | For some classes | Not for any classes | valid skip (filter rule) | system missing | not administered/not applicable | invalid | no response,For all classes | For some classes | Not for any classes | valid skip (filter rule) | system missing | not administered/not applicable | invalid | no response,For all classes=21.94 | For some classes=27.41 | Not for any classes=50.65,For all classes=24.17 | For some classes=34.04 | Not for any classes=41.79,Table I.B1.4.171
SC404Q02DA,SC404,科學課的能力分組,Science class ability grouping,下列哪些選項描述貴校對〈15 歲學生所在年級〉學生的做法？,Which of the following options describe what your school does for <national modal grade for 15-year-olds> students in <school science> classes?,,"Different classes include different content or sets of science topics (e.g. physics, chemistry or biology) tha",For all classes | For some classes | Not for any classes | valid skip (filter rule) | system missing | not administered/not applicable | invalid | no response,For all classes | For some classes | Not for any classes | valid skip (filter rule) | system missing | not administered/not applicable | invalid | no response,,,Table I.B1.4.171
SC404Q03DA,SC404,科學課的能力分組,Science class ability grouping,下列哪些選項描述貴校對〈15 歲學生所在年級〉學生的做法？,Which of the following options describe what your school does for <national modal grade for 15-year-olds> students in <school science> classes?,學生在科學課內依能力分組。,Students are grouped by ability within their science classes.,For all classes | For some classes | Not for any classes | valid skip (filter rule) | system missing | not administered/not applicable | invalid | no response,For all classes | For some classes | Not for any classes | valid skip (filter rule) | system missing | not administered/not applicable | invalid | no response,For all classes=7.78 | For some classes=26.7 | Not for any classes=65.52,For all classes=6.0 | For some classes=25.58 | Not for any classes=68.41,Table I.B1.4.171
SC404Q04DA,SC404,科學課的能力分組,Science class ability grouping,下列哪些選項描述貴校對〈15 歲學生所在年級〉學生的做法？,Which of the following options describe what your school does for <national modal grade for 15-year-olds> students in <school science> classes?,,"In science classes, teachers use pedagogy suitable for students with heterogeneous abilities (i.e. students ar",For all classes | For some classes | Not for any classes | valid skip (filter rule) | system missing | not administered/not applicable | invalid | no response,For all classes | For some classes | Not for any classes | valid skip (filter rule) | system missing | not administered/not applicable | invalid | no response,For all classes=37.83 | For some classes=40.47 | Not for any classes=21.7,For all classes=46.92 | For some classes=30.36 | Not for any classes=22.72,Table I.B1.4.171
SC406Q01DA,SC406,,,,To what extent can students from the <national modal grade for 15-year-olds> choose the following for their <school science> courses?,,Students can choose the <school science> course(s) they study.,They cannot choose at all | They can choose to a certain extent | They can choose freely | valid skip (filter rule) | system missing | not administered/not applicable | invalid | no response,They cannot choose at all | They can choose to a certain extent | They can choose freely | valid skip (filter rule) | system missing | not administered/not applicable | invalid | no response,,,
SC406Q02DA,SC406,,,,To what extent can students from the <national modal grade for 15-year-olds> choose the following for their <school science> courses?,,Students can choose the level of difficulty.,They cannot choose at all | They can choose to a certain extent | They can choose freely | valid skip (filter rule) | system missing | not administered/not applicable | invalid | no response,They cannot choose at all | They can choose to a certain extent | They can choose freely | valid skip (filter rule) | system missing | not administered/not applicable | invalid | no response,,,
SC406Q03DA,SC406,,,,To what extent can students from the <national modal grade for 15-year-olds> choose the following for their <school science> courses?,,Students can choose the number of <school science> courses or <class periods>.,They cannot choose at all | They can choose to a certain extent | They can choose freely | valid skip (filter rule) | system missing | not administered/not applicable | invalid | no response,They cannot choose at all | They can choose to a certain extent | They can choose freely | valid skip (filter rule) | system missing | not administered/not applicable | invalid | no response,,,
SC406Q04DA,SC406,,,,To what extent can students from the <national modal grade for 15-year-olds> choose the following for their <school science> courses?,,Students can choose from different teachers teaching the same course(s).,They cannot choose at all | They can choose to a certain extent | They can choose freely | valid skip (filter rule) | system missing | not administered/not applicable | invalid | no response,They cannot choose at all | They can choose to a certain extent | They can choose freely | valid skip (filter rule) | system missing | not administered/not applicable | invalid | no response,,,
SC408Q01DA,SC408,,,,Does your school offer professional development to <school science> teachers in any of the following areas?,,<School science> content,是 | 否 | valid skip (filter rule) | system missing | not administered/not applicable | invalid | no response,Yes | No | valid skip (filter rule) | system missing | not administered/not applicable | invalid | no response,,,
SC408Q02DA,SC408,,,,Does your school offer professional development to <school science> teachers in any of the following areas?,,<School science> pedagogy/instruction,是 | 否 | valid skip (filter rule) | system missing | not administered/not applicable | invalid | no response,Yes | No | valid skip (filter rule) | system missing | not administered/not applicable | invalid | no response,,,
SC408Q03DA,SC408,,,,Does your school offer professional development to <school science> teachers in any of the following areas?,,<School science> curriculum,是 | 否 | valid skip (filter rule) | system missing | not administered/not applicable | invalid | no response,Yes | No | valid skip (filter rule) | system missing | not administered/not applicable | invalid | no response,,,
SC408Q04DA,SC408,,,,Does your school offer professional development to <school science> teachers in any of the following areas?,,Integrating digital resources into <school science> instruction,是 | 否 | valid skip (filter rule) | system missing | not administered/not applicable | invalid | no response,Yes | No | valid skip (filter rule) | system missing | not administered/not applicable | invalid | no response,,,
SC408Q06DA,SC408,,,,Does your school offer professional development to <school science> teachers in any of the following areas?,,<School science> assessment,是 | 否 | valid skip (filter rule) | system missing | not administered/not applicable | invalid | no response,Yes | No | valid skip (filter rule) | system missing | not administered/not applicable | invalid | no response,,,
SC408Q07DA,SC408,,,,Does your school offer professional development to <school science> teachers in any of the following areas?,,"Addressing individual students' needs (e.g. differentiated learning, differentiated instruction)",是 | 否 | valid skip (filter rule) | system missing | not administered/not applicable | invalid | no response,Yes | No | valid skip (filter rule) | system missing | not administered/not applicable | invalid | no response,,,
SC409Q01DA,SC409,,,,"In your school, are <school science> achievement data used in the following ways?",,<School science> achievement data are posted publicly (e.g. in the media),是 | 否 | valid skip (filter rule) | system missing | not administered/not applicable | invalid | no response,Yes | No | valid skip (filter rule) | system missing | not administered/not applicable | invalid | no response,,,
SC409Q02DA,SC409,,,,"In your school, are <school science> achievement data used in the following ways?",,<School science> achievement data are tracked over time by an administrative authority,是 | 否 | valid skip (filter rule) | system missing | not administered/not applicable | invalid | no response,Yes | No | valid skip (filter rule) | system missing | not administered/not applicable | invalid | no response,,,
SC409Q03DA,SC409,,,,"In your school, are <school science> achievement data used in the following ways?",,<School science> achievement data are provided directly to parents or guardians,是 | 否 | valid skip (filter rule) | system missing | not administered/not applicable | invalid | no response,Yes | No | valid skip (filter rule) | system missing | not administered/not applicable | invalid | no response,,,
SC410Q01DA,SC410,,,,Approximately what percentage of teachers in your school have the following characteristics?,,Teachers who are <immigrants>,沒有 | 1% to 25% | 26% to 50% | 51% to 75% | More than 75%,None | 1% to 25% | 26% to 50% | 51% to 75% | More than 75%,,,
SC410Q02DA,SC410,,,,Approximately what percentage of teachers in your school have the following characteristics?,,Teachers from <ethnic/national minorities or Indigenous communities> backgrounds,沒有 | 1% to 25% | 26% to 50% | 51% to 75% | More than 75%,None | 1% to 25% | 26% to 50% | 51% to 75% | More than 75%,,,
SC421Q01DA,SC421,,,,Which of the following <school science> courses were available to <national modal grade for 15-year-olds> last school year or this year?,,Physics,是 | 否 | valid skip (filter rule) | system missing | not administered/not applicable | invalid | no response,Yes | No | valid skip (filter rule) | system missing | not administered/not applicable | invalid | no response,,,
SC421Q02DA,SC421,,,,Which of the following <school science> courses were available to <national modal grade for 15-year-olds> last school year or this year?,,Chemistry,是 | 否 | valid skip (filter rule) | system missing | not administered/not applicable | invalid | no response,Yes | No | valid skip (filter rule) | system missing | not administered/not applicable | invalid | no response,,,
SC421Q03DA,SC421,,,,Which of the following <school science> courses were available to <national modal grade for 15-year-olds> last school year or this year?,,Biology,是 | 否 | valid skip (filter rule) | system missing | not administered/not applicable | invalid | no response,Yes | No | valid skip (filter rule) | system missing | not administered/not applicable | invalid | no response,,,
SC421Q04DA,SC421,,,,Which of the following <school science> courses were available to <national modal grade for 15-year-olds> last school year or this year?,,<Earth and space>,是 | 否 | valid skip (filter rule) | system missing | not administered/not applicable | invalid | no response,Yes | No | valid skip (filter rule) | system missing | not administered/not applicable | invalid | no response,,,
SC421Q05DA,SC421,,,,Which of the following <school science> courses were available to <national modal grade for 15-year-olds> last school year or this year?,,Earth sciences (e. g. <country-specific example>),是 | 否 | valid skip (filter rule) | system missing | not administered/not applicable | invalid | no response,Yes | No | valid skip (filter rule) | system missing | not administered/not applicable | invalid | no response,,,
SC421Q06DA,SC421,,,,Which of the following <school science> courses were available to <national modal grade for 15-year-olds> last school year or this year?,,Environmental science (e. g. <country-specific example>),是 | 否 | valid skip (filter rule) | system missing | not administered/not applicable | invalid | no response,Yes | No | valid skip (filter rule) | system missing | not administered/not applicable | invalid | no response,,,
SC421Q07DA,SC421,,,,Which of the following <school science> courses were available to <national modal grade for 15-year-olds> last school year or this year?,,Applied sciences and technology (e. g. <country-specific example>),是 | 否 | valid skip (filter rule) | system missing | not administered/not applicable | invalid | no response,Yes | No | valid skip (filter rule) | system missing | not administered/not applicable | invalid | no response,,,
SC421Q08DA,SC421,,,,Which of the following <school science> courses were available to <national modal grade for 15-year-olds> last school year or this year?,,"<General, integrated, or comprehensive science> course (e. g. <country-specific example>)",是 | 否 | valid skip (filter rule) | system missing | not administered/not applicable | invalid | no response,Yes | No | valid skip (filter rule) | system missing | not administered/not applicable | invalid | no response,,,
SC422Q01DA,SC422,,,,"How many minutes, on average, are there in a <class period> for <national modal grade for 15-year-olds> taking the following subjects?",,Average time in minutes of a <class period> of <school science>,,,,,
SC422Q02DA,SC422,,,,"How many minutes, on average, are there in a <class period> for <national modal grade for 15-year-olds> taking the following subjects?",,"Average minutes in a <class period> across all subjects, including <school science>",,,,,
SC427Q01DA,SC427,,,,How many foreign languages are being taught at your school <this academic year>?,,How many foreign languages are being taught at your school <this academic year>?,沒有 | 一 | 二 | 三 | 四 | 五 | Six or more,None | One | Two | Three | Four | Five | Six or more,,,
SC428Q05DA,SC428,,,,"To the best of your knowledge, how often have the majority of school staff done each of the following during <the last academic year>?",,They taught students to be inclusive of others with different backgrounds.,從不或幾乎從不 | 大約一年一到兩次 | 大約一個月一到兩次 | 大約一週一到兩次 | 每天或幾乎每天,Never or almost never | About once or twice a year | About once or twice a month | About once or twice a week | Every day or almost every day,,,
SC428Q06DA,SC428,,,,"To the best of your knowledge, how often have the majority of school staff done each of the following during <the last academic year>?",,They provided additional support for students from disadvantaged backgrounds.,從不或幾乎從不 | 大約一年一到兩次 | 大約一個月一到兩次 | 大約一週一到兩次 | 每天或幾乎每天,Never or almost never | About once or twice a year | About once or twice a month | About once or twice a week | Every day or almost every day,,,
SC428Q07DA,SC428,,,,"To the best of your knowledge, how often have the majority of school staff done each of the following during <the last academic year>?",,They taught students how to respond to discrimination.,從不或幾乎從不 | 大約一年一到兩次 | 大約一個月一到兩次 | 大約一週一到兩次 | 每天或幾乎每天,Never or almost never | About once or twice a year | About once or twice a month | About once or twice a week | Every day or almost every day,,,
