cycle,indicator,country,country_zh,value,rank,n,pct_rank
2006,career_health,Colombia,哥倫比亞,21.06002,1,52,0.0
2006,career_health,United States,美國,19.32222,2,52,2.0
2006,career_health,Jordan,約旦,19.06596,3,52,3.9
2006,career_health,Brazil,巴西,18.23006,4,52,5.9
2006,career_health,Tunisia,突尼西亞,17.45851,5,52,7.8
2006,career_health,Chile,智利,16.76234,6,52,9.8
2006,career_health,Canada,加拿大,15.69334,7,52,11.8
2006,career_health,Portugal,葡萄牙,15.55704,8,52,13.7
2006,career_health,Thailand,泰國,14.16852,9,52,15.7
2006,career_health,Uruguay,烏拉圭,13.76174,10,52,17.6
2006,career_health,Indonesia,印尼,13.23708,11,52,19.6
2006,career_health,Bulgaria,保加利亞,12.96227,12,52,21.6
2006,career_health,Mexico,墨西哥,11.92669,13,52,23.5
2006,career_health,Ireland,愛爾蘭,11.87615,14,52,25.5
2006,career_health,Iceland,冰島,11.27332,15,52,27.5
2006,career_health,New Zealand,紐西蘭,11.10498,16,52,29.4
2006,career_health,Argentina,阿根廷,11.00669,17,52,31.4
2006,career_health,Italy,義大利,10.04442,18,52,33.3
2006,career_health,Belgium,比利時,10.02399,19,52,35.3
2006,career_health,Spain,西班牙,9.99468,20,52,37.3
2006,career_health,Hong Kong (China),香港,9.72955,21,52,39.2
2006,career_health,Slovenia,斯洛維尼亞,9.62412,22,52,41.2
2006,career_health,Israel,以色列,9.44825,23,52,43.1
2006,career_health,Australia,澳洲,9.35049,24,52,45.1
2006,career_health,United Kingdom,英國,9.07628,25,52,47.1
2006,career_health,Türkiye,土耳其,8.77746,26,52,49.0
2006,career_health,Norway,挪威,8.51347,27,52,51.0
2006,career_health,Poland,波蘭,8.20604,28,52,52.9
2006,career_health,Luxembourg,盧森堡,8.12036,29,52,54.9
2006,career_health,Macao (China),澳門,7.93979,30,52,56.9
2006,career_health,Japan,日本,7.82186,31,52,58.8
2006,career_health,Netherlands,荷蘭,7.56657,32,52,60.8
2006,career_health,Chinese Taipei,臺灣,7.55292,33,52,62.7
2006,career_health,Denmark,丹麥,7.25017,34,52,64.7
2006,career_health,France,法國,6.99183,35,52,66.7
2006,career_health,Sweden,瑞典,6.74425,36,52,68.6
2006,career_health,Russia,俄羅斯,6.69448,37,52,70.6
2006,career_health,Romania,羅馬尼亞,6.64051,38,52,72.5
2006,career_health,Korea,韓國,6.62725,39,52,74.5
2006,career_health,Greece,希臘,6.29904,40,52,76.5
2006,career_health,Finland,芬蘭,6.1553,41,52,78.4
2006,career_health,Lithuania,立陶宛,5.27428,42,52,80.4
2006,career_health,Croatia,克羅埃西亞,4.78953,43,52,82.4
2006,career_health,Hungary,匈牙利,4.45745,44,52,84.3
2006,career_health,Slovak Republic,斯洛伐克,4.44331,45,52,86.3
2006,career_health,Switzerland,瑞士,4.43596,46,52,88.2
2006,career_health,Austria,奧地利,4.3528,47,52,90.2
2006,career_health,Estonia,愛沙尼亞,4.22078,48,52,92.2
2006,career_health,Montenegro,蒙特內哥羅,4.18039,49,52,94.1
2006,career_health,Latvia,拉脫維亞,3.94882,50,52,96.1
2006,career_health,Germany,德國,3.71704,51,52,98.0
2006,career_health,Czechia,捷克,3.15351,52,52,100.0
2006,career_ict,Chinese Taipei,臺灣,6.88256,1,52,0.0
2006,career_ict,Poland,波蘭,6.29776,2,52,2.0
2006,career_ict,Bulgaria,保加利亞,5.96762,3,52,3.9
2006,career_ict,Russia,俄羅斯,5.31318,4,52,5.9
2006,career_ict,Slovak Republic,斯洛伐克,5.04475,5,52,7.8
2006,career_ict,Colombia,哥倫比亞,4.45384,6,52,9.8
2006,career_ict,Romania,羅馬尼亞,4.30715,7,52,11.8
2006,career_ict,Estonia,愛沙尼亞,4.28307,8,52,13.7
2006,career_ict,Lithuania,立陶宛,4.14274,9,52,15.7
2006,career_ict,Hungary,匈牙利,3.81757,10,52,17.6
2006,career_ict,Czechia,捷克,3.7136,11,52,19.6
2006,career_ict,Portugal,葡萄牙,3.5935,12,52,21.6
2006,career_ict,Mexico,墨西哥,3.52008,13,52,23.5
2006,career_ict,Slovenia,斯洛維尼亞,3.51077,14,52,25.5
2006,career_ict,Latvia,拉脫維亞,3.33246,15,52,27.5
2006,career_ict,Israel,以色列,3.30686,16,52,29.4
2006,career_ict,Spain,西班牙,3.30485,17,52,31.4
2006,career_ict,Belgium,比利時,3.28589,18,52,33.3
2006,career_ict,Tunisia,突尼西亞,2.70681,19,52,35.3
2006,career_ict,Switzerland,瑞士,2.69049,20,52,37.3
2006,career_ict,Canada,加拿大,2.57903,21,52,39.2
2006,career_ict,Jordan,約旦,2.39476,22,52,41.2
2006,career_ict,Korea,韓國,2.31888,23,52,43.1
2006,career_ict,Luxembourg,盧森堡,2.19658,24,52,45.1
2006,career_ict,Greece,希臘,2.19656,25,52,47.1
2006,career_ict,Australia,澳洲,2.15382,26,52,49.0
2006,career_ict,Hong Kong (China),香港,2.14346,27,52,51.0
2006,career_ict,Uruguay,烏拉圭,2.0586,28,52,52.9
2006,career_ict,Argentina,阿根廷,1.95446,29,52,54.9
2006,career_ict,Thailand,泰國,1.92817,30,52,56.9
2006,career_ict,Macao (China),澳門,1.91975,31,52,58.8
2006,career_ict,Chile,智利,1.86463,32,52,60.8
2006,career_ict,United Kingdom,英國,1.78111,33,52,62.7
2006,career_ict,Norway,挪威,1.75925,34,52,64.7
2006,career_ict,France,法國,1.73159,35,52,66.7
2006,career_ict,Sweden,瑞典,1.7245,36,52,68.6
2006,career_ict,Italy,義大利,1.70918,37,52,70.6
2006,career_ict,United States,美國,1.68512,38,52,72.5
2006,career_ict,Germany,德國,1.65047,39,52,74.5
2006,career_ict,Iceland,冰島,1.6212,40,52,76.5
2006,career_ict,New Zealand,紐西蘭,1.46598,41,52,78.4
2006,career_ict,Ireland,愛爾蘭,1.44418,42,52,80.4
2006,career_ict,Austria,奧地利,1.29719,43,52,82.4
2006,career_ict,Finland,芬蘭,1.28828,44,52,84.3
2006,career_ict,Brazil,巴西,1.18736,45,52,86.3
2006,career_ict,Netherlands,荷蘭,1.07868,46,52,88.2
2006,career_ict,Croatia,克羅埃西亞,1.00715,47,52,90.2
2006,career_ict,Montenegro,蒙特內哥羅,0.62579,48,52,92.2
2006,career_ict,Indonesia,印尼,0.60317,49,52,94.1
2006,career_ict,Türkiye,土耳其,0.56815,50,52,96.1
2006,career_ict,Denmark,丹麥,0.49549,51,52,98.0
2006,career_ict,Japan,日本,0.0,52,52,100.0
2006,career_sci,Colombia,哥倫比亞,44.04677,1,52,0.0
2006,career_sci,Jordan,約旦,38.42793,2,52,2.0
2006,career_sci,Chile,智利,34.95881,3,52,3.9
2006,career_sci,Portugal,葡萄牙,33.66093,4,52,5.9
2006,career_sci,Brazil,巴西,33.494,5,52,7.8
2006,career_sci,United States,美國,32.15999,6,52,9.8
2006,career_sci,Mexico,墨西哥,31.49929,7,52,11.8
2006,career_sci,Tunisia,突尼西亞,31.37246,8,52,13.7
2006,career_sci,Canada,加拿大,29.55208,9,52,15.7
2006,career_sci,Thailand,泰國,28.73901,10,52,17.6
2006,career_sci,Uruguay,烏拉圭,27.35491,11,52,19.6
2006,career_sci,Slovenia,斯洛維尼亞,26.25927,12,52,21.6
2006,career_sci,Poland,波蘭,26.23824,13,52,23.5
2006,career_sci,Argentina,阿根廷,25.7292,14,52,25.5
2006,career_sci,Italy,義大利,25.26444,15,52,27.5
2006,career_sci,Spain,西班牙,23.96745,16,52,29.4
2006,career_sci,Indonesia,印尼,23.83828,17,52,31.4
2006,career_sci,Ireland,愛爾蘭,23.76461,18,52,33.3
2006,career_sci,Bulgaria,保加利亞,23.24357,19,52,35.3
2006,career_sci,Belgium,比利時,22.92329,20,52,37.3
2006,career_sci,Iceland,冰島,22.38796,21,52,39.2
2006,career_sci,Chinese Taipei,臺灣,22.19519,22,52,41.2
2006,career_sci,Australia,澳洲,22.1094,23,52,43.1
2006,career_sci,Türkiye,土耳其,21.65274,24,52,45.1
2006,career_sci,Greece,希臘,21.51822,25,52,47.1
2006,career_sci,New Zealand,紐西蘭,20.07264,26,52,49.0
2006,career_sci,Norway,挪威,19.89492,27,52,51.0
2006,career_sci,Luxembourg,盧森堡,19.75734,28,52,52.9
2006,career_sci,Lithuania,立陶宛,18.93548,29,52,54.9
2006,career_sci,Hong Kong (China),香港,18.55648,30,52,56.9
2006,career_sci,France,法國,18.45251,31,52,58.8
2006,career_sci,Russia,俄羅斯,18.32874,32,52,60.8
2006,career_sci,United Kingdom,英國,18.16734,33,52,62.7
2006,career_sci,Israel,以色列,17.73876,34,52,64.7
2006,career_sci,Romania,羅馬尼亞,17.62501,35,52,66.7
2006,career_sci,Korea,韓國,17.22395,36,52,68.6
2006,career_sci,Estonia,愛沙尼亞,16.94851,37,52,70.6
2006,career_sci,Latvia,拉脫維亞,16.73082,38,52,72.5
2006,career_sci,Slovak Republic,斯洛伐克,16.30373,39,52,74.5
2006,career_sci,Denmark,丹麥,16.14939,40,52,76.5
2006,career_sci,Sweden,瑞典,16.0712,41,52,78.4
2006,career_sci,Switzerland,瑞士,15.81754,42,52,80.4
2006,career_sci,Macao (China),澳門,15.44874,43,52,82.4
2006,career_sci,Hungary,匈牙利,14.14697,44,52,84.3
2006,career_sci,Croatia,克羅埃西亞,14.11907,45,52,86.3
2006,career_sci,Czechia,捷克,14.03185,46,52,88.2
2006,career_sci,Netherlands,荷蘭,13.60761,47,52,90.2
2006,career_sci,Austria,奧地利,13.18922,48,52,92.2
2006,career_sci,Germany,德國,13.16805,49,52,94.1
2006,career_sci,Finland,芬蘭,13.08712,50,52,96.1
2006,career_sci,Japan,日本,13.04718,51,52,98.0
2006,career_sci,Montenegro,蒙特內哥羅,9.78131,52,52,100.0
2006,career_sci_eng,Colombia,哥倫比亞,17.96379,1,52,0.0
2006,career_sci_eng,Jordan,約旦,16.60385,2,52,2.0
2006,career_sci_eng,Mexico,墨西哥,15.52699,3,52,3.9
2006,career_sci_eng,Chile,智利,14.3307,4,52,5.9
2006,career_sci_eng,Italy,義大利,12.03303,5,52,7.8
2006,career_sci_eng,Portugal,葡萄牙,11.98531,6,52,9.8
2006,career_sci_eng,Thailand,泰國,11.96457,7,52,11.8
2006,career_sci_eng,Türkiye,土耳其,11.62448,8,52,13.7
2006,career_sci_eng,Greece,希臘,11.60405,9,52,15.7
2006,career_sci_eng,Argentina,阿根廷,11.47561,10,52,17.6
2006,career_sci_eng,Canada,加拿大,10.60602,11,52,19.6
2006,career_sci_eng,Tunisia,突尼西亞,10.3591,12,52,21.6
2006,career_sci_eng,Uruguay,烏拉圭,10.27594,13,52,23.5
2006,career_sci_eng,Ireland,愛爾蘭,9.84379,14,52,25.5
2006,career_sci_eng,Australia,澳洲,9.83253,15,52,27.5
2006,career_sci_eng,Spain,西班牙,9.69529,16,52,29.4
2006,career_sci_eng,United States,美國,9.3377,17,52,31.4
2006,career_sci_eng,Norway,挪威,9.28748,18,52,33.3
2006,career_sci_eng,Iceland,冰島,9.16607,19,52,35.3
2006,career_sci_eng,Lithuania,立陶宛,9.01946,20,52,37.3
2006,career_sci_eng,Slovenia,斯洛維尼亞,8.8893,21,52,39.2
2006,career_sci_eng,Latvia,拉脫維亞,8.51121,22,52,41.2
2006,career_sci_eng,Belgium,比利時,8.4588,23,52,43.1
2006,career_sci_eng,Estonia,愛沙尼亞,8.21765,24,52,45.1
2006,career_sci_eng,Brazil,巴西,8.19167,25,52,47.1
2006,career_sci_eng,Luxembourg,盧森堡,8.15216,26,52,49.0
2006,career_sci_eng,Indonesia,印尼,7.98192,27,52,51.0
2006,career_sci_eng,Korea,韓國,7.82381,28,52,52.9
2006,career_sci_eng,New Zealand,紐西蘭,7.18673,29,52,54.9
2006,career_sci_eng,Denmark,丹麥,7.04834,30,52,56.9
2006,career_sci_eng,United Kingdom,英國,7.00166,31,52,58.8
2006,career_sci_eng,Chinese Taipei,臺灣,6.53739,32,52,60.8
2006,career_sci_eng,Romania,羅馬尼亞,6.41816,33,52,62.7
2006,career_sci_eng,France,法國,6.38909,34,52,64.7
2006,career_sci_eng,Hong Kong (China),香港,6.20608,35,52,66.7
2006,career_sci_eng,Switzerland,瑞士,6.02166,36,52,68.6
2006,career_sci_eng,Poland,波蘭,5.87853,37,52,70.6
2006,career_sci_eng,Macao (China),澳門,5.53187,38,52,72.5
2006,career_sci_eng,Germany,德國,5.33013,39,52,74.5
2006,career_sci_eng,Czechia,捷克,5.26596,40,52,76.5
2006,career_sci_eng,Russia,俄羅斯,5.25586,41,52,78.4
2006,career_sci_eng,Japan,日本,5.22532,42,52,80.4
2006,career_sci_eng,Hungary,匈牙利,5.13195,43,52,82.4
2006,career_sci_eng,Slovak Republic,斯洛伐克,5.08004,44,52,84.3
2006,career_sci_eng,Sweden,瑞典,4.85438,45,52,86.3
2006,career_sci_eng,Finland,芬蘭,4.4873,46,52,88.2
2006,career_sci_eng,Austria,奧地利,4.48508,47,52,90.2
2006,career_sci_eng,Israel,以色列,4.43337,48,52,92.2
2006,career_sci_eng,Bulgaria,保加利亞,3.96172,49,52,94.1
2006,career_sci_eng,Netherlands,荷蘭,3.79504,50,52,96.1
2006,career_sci_eng,Croatia,克羅埃西亞,3.71391,51,52,98.0
2006,career_sci_eng,Montenegro,蒙特內哥羅,2.99469,52,52,100.0
2006,career_vague,Korea,韓國,5.97779,1,52,0.0
2006,career_vague,Colombia,哥倫比亞,9.23549,2,52,2.0
2006,career_vague,Romania,羅馬尼亞,10.26634,3,52,3.9
2006,career_vague,Netherlands,荷蘭,12.74705,4,52,5.9
2006,career_vague,Italy,義大利,14.11226,5,52,7.8
2006,career_vague,United Kingdom,英國,14.63896,6,52,9.8
2006,career_vague,Argentina,阿根廷,14.69352,7,52,11.8
2006,career_vague,Tunisia,突尼西亞,14.84966,8,52,13.7
2006,career_vague,United States,美國,15.85215,9,52,15.7
2006,career_vague,Hong Kong (China),香港,16.25391,10,52,17.6
2006,career_vague,Canada,加拿大,16.92487,11,52,19.6
2006,career_vague,Ireland,愛爾蘭,17.08161,12,52,21.6
2006,career_vague,Australia,澳洲,17.44911,13,52,23.5
2006,career_vague,Brazil,巴西,18.19855,14,52,25.5
2006,career_vague,Chinese Taipei,臺灣,18.25372,15,52,27.5
2006,career_vague,Sweden,瑞典,18.91122,16,52,29.4
2006,career_vague,Uruguay,烏拉圭,19.17324,17,52,31.4
2006,career_vague,Chile,智利,19.23803,18,52,33.3
2006,career_vague,Belgium,比利時,19.31749,19,52,35.3
2006,career_vague,Switzerland,瑞士,19.44813,20,52,37.3
2006,career_vague,Türkiye,土耳其,20.28797,21,52,39.2
2006,career_vague,Portugal,葡萄牙,20.49492,22,52,41.2
2006,career_vague,Luxembourg,盧森堡,20.60675,23,52,43.1
2006,career_vague,Poland,波蘭,20.89848,24,52,45.1
2006,career_vague,Macao (China),澳門,21.99662,25,52,47.1
2006,career_vague,Slovenia,斯洛維尼亞,22.01581,26,52,49.0
2006,career_vague,Denmark,丹麥,22.6703,27,52,51.0
2006,career_vague,Mexico,墨西哥,23.11627,28,52,52.9
2006,career_vague,New Zealand,紐西蘭,23.15165,29,52,54.9
2006,career_vague,Iceland,冰島,23.42682,30,52,56.9
2006,career_vague,France,法國,23.65199,31,52,58.8
2006,career_vague,Indonesia,印尼,24.64784,32,52,60.8
2006,career_vague,Slovak Republic,斯洛伐克,24.81157,33,52,62.7
2006,career_vague,Finland,芬蘭,25.08489,34,52,64.7
2006,career_vague,Russia,俄羅斯,25.10981,35,52,66.7
2006,career_vague,Estonia,愛沙尼亞,25.95739,36,52,68.6
2006,career_vague,Spain,西班牙,26.06389,37,52,70.6
2006,career_vague,Latvia,拉脫維亞,26.08916,38,52,72.5
2006,career_vague,Lithuania,立陶宛,26.11667,39,52,74.5
2006,career_vague,Greece,希臘,26.82287,40,52,76.5
2006,career_vague,Jordan,約旦,27.21413,41,52,78.4
2006,career_vague,Montenegro,蒙特內哥羅,28.64561,42,52,80.4
2006,career_vague,Norway,挪威,28.79207,43,52,82.4
2006,career_vague,Bulgaria,保加利亞,30.26027,44,52,84.3
2006,career_vague,Hungary,匈牙利,31.91628,45,52,86.3
2006,career_vague,Austria,奧地利,31.95959,46,52,88.2
2006,career_vague,Japan,日本,31.99948,47,52,90.2
2006,career_vague,Germany,德國,32.0243,48,52,92.2
2006,career_vague,Czechia,捷克,32.90508,49,52,94.1
2006,career_vague,Croatia,克羅埃西亞,34.25567,50,52,96.1
2006,career_vague,Thailand,泰國,35.77796,51,52,98.0
2006,career_vague,Israel,以色列,50.70528,52,52,100.0
2006,enjoyment,Tunisia,突尼西亞,1.01686,1,57,0.0
2006,enjoyment,Kyrgyzstan,吉爾吉斯,0.94379,2,57,1.8
2006,enjoyment,Colombia,哥倫比亞,0.80524,3,57,3.6
2006,enjoyment,Jordan,約旦,0.80014,4,57,5.4
2006,enjoyment,Indonesia,印尼,0.77053,5,57,7.1
2006,enjoyment,Azerbaijan,亞塞拜然,0.75512,6,57,8.9
2006,enjoyment,Thailand,泰國,0.73099,7,57,10.7
2006,enjoyment,Mexico,墨西哥,0.63871,8,57,12.5
2006,enjoyment,Romania,羅馬尼亞,0.45431,9,57,14.3
2006,enjoyment,Türkiye,土耳其,0.41453,10,57,16.1
2006,enjoyment,Macao (China),澳門,0.41383,11,57,17.9
2006,enjoyment,Bulgaria,保加利亞,0.39058,12,57,19.6
2006,enjoyment,Brazil,巴西,0.3871,13,57,21.4
2006,enjoyment,Hong Kong (China),香港,0.37596,14,57,23.2
2006,enjoyment,Qatar,卡達,0.37438,15,57,25.0
2006,enjoyment,Portugal,葡萄牙,0.31474,16,57,26.8
2006,enjoyment,Montenegro,蒙特內哥羅,0.26555,17,57,28.6
2006,enjoyment,Chile,智利,0.25545,18,57,30.4
2006,enjoyment,Lithuania,立陶宛,0.20674,19,57,32.1
2006,enjoyment,Hungary,匈牙利,0.19356,20,57,33.9
2006,enjoyment,Canada,加拿大,0.17298,21,57,35.7
2006,enjoyment,Chinese Taipei,臺灣,0.1656,22,57,37.5
2006,enjoyment,France,法國,0.14029,23,57,39.3
2006,enjoyment,Russia,俄羅斯,0.12685,24,57,41.1
2006,enjoyment,Italy,義大利,0.11881,25,57,42.9
2006,enjoyment,Finland,芬蘭,0.11205,26,57,44.6
2006,enjoyment,Croatia,克羅埃西亞,0.09962,27,57,46.4
2006,enjoyment,Uruguay,烏拉圭,0.08859,28,57,48.2
2006,enjoyment,Greece,希臘,0.07963,29,57,50.0
2006,enjoyment,Serbia,塞爾維亞,0.0768,30,57,51.8
2006,enjoyment,Argentina,阿根廷,0.0227,31,57,53.6
2006,enjoyment,Estonia,愛沙尼亞,0.01804,32,57,55.4
2006,enjoyment,Latvia,拉脫維亞,-0.00215,33,57,57.1
2006,enjoyment,Norway,挪威,-0.00526,34,57,58.9
2006,enjoyment,New Zealand,紐西蘭,-0.00628,35,57,60.7
2006,enjoyment,Slovak Republic,斯洛伐克,-0.00944,36,57,62.5
2006,enjoyment,Belgium,比利時,-0.01127,37,57,64.3
2006,enjoyment,Iceland,冰島,-0.02809,38,57,66.1
2006,enjoyment,United States,美國,-0.03025,39,57,67.9
2006,enjoyment,Luxembourg,盧森堡,-0.03626,40,57,69.6
2006,enjoyment,Israel,以色列,-0.04045,41,57,71.4
2006,enjoyment,Czechia,捷克,-0.05672,42,57,73.2
2006,enjoyment,Switzerland,瑞士,-0.0581,43,57,75.0
2006,enjoyment,Denmark,丹麥,-0.07489,44,57,76.8
2006,enjoyment,Australia,澳洲,-0.07621,45,57,78.6
2006,enjoyment,United Kingdom,英國,-0.08367,46,57,80.4
2006,enjoyment,Germany,德國,-0.08747,47,57,82.1
2006,enjoyment,Sweden,瑞典,-0.10018,48,57,83.9
2006,enjoyment,Slovenia,斯洛維尼亞,-0.13189,49,57,85.7
2006,enjoyment,Spain,西班牙,-0.13598,50,57,87.5
2006,enjoyment,Korea,韓國,-0.17023,51,57,89.3
2006,enjoyment,Ireland,愛爾蘭,-0.17781,52,57,91.1
2006,enjoyment,Austria,奧地利,-0.21373,53,57,92.9
2006,enjoyment,Liechtenstein,列支敦斯登,-0.21957,54,57,94.6
2006,enjoyment,Poland,波蘭,-0.25191,55,57,96.4
2006,enjoyment,Japan,日本,-0.26067,56,57,98.2
2006,enjoyment,Netherlands,荷蘭,-0.32288,57,57,100.0
2006,env_awareness,Chinese Taipei,臺灣,0.45508,1,57,0.0
2006,env_awareness,Ireland,愛爾蘭,0.3761,2,57,1.8
2006,env_awareness,Poland,波蘭,0.37388,3,57,3.6
2006,env_awareness,Hong Kong (China),香港,0.34239,4,57,5.4
2006,env_awareness,Croatia,克羅埃西亞,0.32498,5,57,7.1
2006,env_awareness,Slovenia,斯洛維尼亞,0.29761,6,57,8.9
2006,env_awareness,Canada,加拿大,0.27057,7,57,10.7
2006,env_awareness,United Kingdom,英國,0.25108,8,57,12.5
2006,env_awareness,Estonia,愛沙尼亞,0.24255,9,57,14.3
2006,env_awareness,Austria,奧地利,0.23355,10,57,16.1
2006,env_awareness,Italy,義大利,0.18481,11,57,17.9
2006,env_awareness,Russia,俄羅斯,0.17876,12,57,19.6
2006,env_awareness,Slovak Republic,斯洛伐克,0.15072,13,57,21.4
2006,env_awareness,Germany,德國,0.15024,14,57,23.2
2006,env_awareness,Portugal,葡萄牙,0.11516,15,57,25.0
2006,env_awareness,Australia,澳洲,0.10426,16,57,26.8
2006,env_awareness,Hungary,匈牙利,0.10254,17,57,28.6
2006,env_awareness,Greece,希臘,0.08582,18,57,30.4
2006,env_awareness,Türkiye,土耳其,0.07154,19,57,32.1
2006,env_awareness,Czechia,捷克,0.06679,20,57,33.9
2006,env_awareness,Norway,挪威,0.06402,21,57,35.7
2006,env_awareness,Spain,西班牙,0.06152,22,57,37.5
2006,env_awareness,Macao (China),澳門,0.05663,23,57,39.3
2006,env_awareness,Montenegro,蒙特內哥羅,0.03325,24,57,41.1
2006,env_awareness,Serbia,塞爾維亞,0.0156,25,57,42.9
2006,env_awareness,Liechtenstein,列支敦斯登,0.00846,26,57,44.6
2006,env_awareness,United States,美國,0.00696,27,57,46.4
2006,env_awareness,Latvia,拉脫維亞,-0.0164,28,57,48.2
2006,env_awareness,Finland,芬蘭,-0.01712,29,57,50.0
2006,env_awareness,Lithuania,立陶宛,-0.02457,30,57,51.8
2006,env_awareness,Jordan,約旦,-0.03625,31,57,53.6
2006,env_awareness,Netherlands,荷蘭,-0.07552,32,57,55.4
2006,env_awareness,Bulgaria,保加利亞,-0.10427,33,57,57.1
2006,env_awareness,New Zealand,紐西蘭,-0.12015,34,57,58.9
2006,env_awareness,Japan,日本,-0.13142,35,57,60.7
2006,env_awareness,Belgium,比利時,-0.16132,36,57,62.5
2006,env_awareness,France,法國,-0.1647,37,57,64.3
2006,env_awareness,Thailand,泰國,-0.19633,38,57,66.1
2006,env_awareness,Denmark,丹麥,-0.20545,39,57,67.9
2006,env_awareness,Switzerland,瑞士,-0.21914,40,57,69.6
2006,env_awareness,Korea,韓國,-0.2245,41,57,71.4
2006,env_awareness,Sweden,瑞典,-0.24217,42,57,73.2
2006,env_awareness,Luxembourg,盧森堡,-0.25596,43,57,75.0
2006,env_awareness,Brazil,巴西,-0.25987,44,57,76.8
2006,env_awareness,Chile,智利,-0.27099,45,57,78.6
2006,env_awareness,Uruguay,烏拉圭,-0.33711,46,57,80.4
2006,env_awareness,Romania,羅馬尼亞,-0.36583,47,57,82.1
2006,env_awareness,Iceland,冰島,-0.39497,48,57,83.9
2006,env_awareness,Colombia,哥倫比亞,-0.43346,49,57,85.7
2006,env_awareness,Mexico,墨西哥,-0.45131,50,57,87.5
2006,env_awareness,Kyrgyzstan,吉爾吉斯,-0.4543,51,57,89.3
2006,env_awareness,Azerbaijan,亞塞拜然,-0.5561,52,57,91.1
2006,env_awareness,Argentina,阿根廷,-0.62757,53,57,92.9
2006,env_awareness,Israel,以色列,-0.65804,54,57,94.6
2006,env_awareness,Qatar,卡達,-0.72268,55,57,96.4
2006,env_awareness,Tunisia,突尼西亞,-0.72914,56,57,98.2
2006,env_awareness,Indonesia,印尼,-1.085,57,57,100.0
2006,env_concern,Türkiye,土耳其,0.88177,1,57,0.0
2006,env_concern,Colombia,哥倫比亞,0.70803,2,57,1.8
2006,env_concern,Portugal,葡萄牙,0.59944,3,57,3.6
2006,env_concern,Spain,西班牙,0.58341,4,57,5.4
2006,env_concern,Mexico,墨西哥,0.57114,5,57,7.1
2006,env_concern,Chile,智利,0.51778,6,57,8.9
2006,env_concern,Chinese Taipei,臺灣,0.5177,7,57,10.7
2006,env_concern,Brazil,巴西,0.5174,8,57,12.5
2006,env_concern,Croatia,克羅埃西亞,0.44018,9,57,14.3
2006,env_concern,Argentina,阿根廷,0.42419,10,57,16.1
2006,env_concern,Indonesia,印尼,0.37786,11,57,17.9
2006,env_concern,Bulgaria,保加利亞,0.36651,12,57,19.6
2006,env_concern,Thailand,泰國,0.28752,13,57,21.4
2006,env_concern,Azerbaijan,亞塞拜然,0.2858,14,57,23.2
2006,env_concern,Hungary,匈牙利,0.25599,15,57,25.0
2006,env_concern,Serbia,塞爾維亞,0.254,16,57,26.8
2006,env_concern,Montenegro,蒙特內哥羅,0.22349,17,57,28.6
2006,env_concern,Slovak Republic,斯洛伐克,0.17733,18,57,30.4
2006,env_concern,Russia,俄羅斯,0.17059,19,57,32.1
2006,env_concern,Uruguay,烏拉圭,0.14986,20,57,33.9
2006,env_concern,Italy,義大利,0.14203,21,57,35.7
2006,env_concern,Greece,希臘,0.13998,22,57,37.5
2006,env_concern,Macao (China),澳門,0.11405,23,57,39.3
2006,env_concern,Slovenia,斯洛維尼亞,0.11153,24,57,41.1
2006,env_concern,Germany,德國,0.07972,25,57,42.9
2006,env_concern,Korea,韓國,0.07162,26,57,44.6
2006,env_concern,Lithuania,立陶宛,0.05974,27,57,46.4
2006,env_concern,France,法國,0.03737,28,57,48.2
2006,env_concern,Czechia,捷克,0.02412,29,57,50.0
2006,env_concern,Poland,波蘭,0.01409,30,57,51.8
2006,env_concern,Japan,日本,0.01124,31,57,53.6
2006,env_concern,Kyrgyzstan,吉爾吉斯,0.00644,32,57,55.4
2006,env_concern,Jordan,約旦,-0.00505,33,57,57.1
2006,env_concern,Netherlands,荷蘭,-0.01312,34,57,58.9
2006,env_concern,Luxembourg,盧森堡,-0.01564,35,57,60.7
2006,env_concern,Hong Kong (China),香港,-0.02124,36,57,62.5
2006,env_concern,Austria,奧地利,-0.02999,37,57,64.3
2006,env_concern,Estonia,愛沙尼亞,-0.03824,38,57,66.1
2006,env_concern,Latvia,拉脫維亞,-0.06012,39,57,67.9
2006,env_concern,United States,美國,-0.07967,40,57,69.6
2006,env_concern,Belgium,比利時,-0.08517,41,57,71.4
2006,env_concern,Canada,加拿大,-0.10201,42,57,73.2
2006,env_concern,Switzerland,瑞士,-0.12405,43,57,75.0
2006,env_concern,Liechtenstein,列支敦斯登,-0.13439,44,57,76.8
2006,env_concern,Romania,羅馬尼亞,-0.15836,45,57,78.6
2006,env_concern,Tunisia,突尼西亞,-0.16399,46,57,80.4
2006,env_concern,Australia,澳洲,-0.1859,47,57,82.1
2006,env_concern,Qatar,卡達,-0.2261,48,57,83.9
2006,env_concern,Israel,以色列,-0.25933,49,57,85.7
2006,env_concern,Ireland,愛爾蘭,-0.26218,50,57,87.5
2006,env_concern,United Kingdom,英國,-0.30039,51,57,89.3
2006,env_concern,New Zealand,紐西蘭,-0.31472,52,57,91.1
2006,env_concern,Denmark,丹麥,-0.35169,53,57,92.9
2006,env_concern,Norway,挪威,-0.40012,54,57,94.6
2006,env_concern,Iceland,冰島,-0.41547,55,57,96.4
2006,env_concern,Sweden,瑞典,-0.42508,56,57,98.2
2006,env_concern,Finland,芬蘭,-0.51688,57,57,100.0
2006,env_optimism,Qatar,卡達,0.73259,1,57,0.0
2006,env_optimism,Kyrgyzstan,吉爾吉斯,0.72454,2,57,1.8
2006,env_optimism,Bulgaria,保加利亞,0.68333,3,57,3.6
2006,env_optimism,Azerbaijan,亞塞拜然,0.62766,4,57,5.4
2006,env_optimism,Montenegro,蒙特內哥羅,0.59718,5,57,7.1
2006,env_optimism,Thailand,泰國,0.57797,6,57,8.9
2006,env_optimism,Russia,俄羅斯,0.57332,7,57,10.7
2006,env_optimism,Romania,羅馬尼亞,0.51142,8,57,12.5
2006,env_optimism,Israel,以色列,0.47965,9,57,14.3
2006,env_optimism,Norway,挪威,0.42408,10,57,16.1
2006,env_optimism,Korea,韓國,0.36741,11,57,17.9
2006,env_optimism,Macao (China),澳門,0.35633,12,57,19.6
2006,env_optimism,Hong Kong (China),香港,0.32887,13,57,21.4
2006,env_optimism,Colombia,哥倫比亞,0.30038,14,57,23.2
2006,env_optimism,Tunisia,突尼西亞,0.29729,15,57,25.0
2006,env_optimism,Chile,智利,0.29349,16,57,26.8
2006,env_optimism,Serbia,塞爾維亞,0.2811,17,57,28.6
2006,env_optimism,Jordan,約旦,0.24073,18,57,30.4
2006,env_optimism,Sweden,瑞典,0.1933,19,57,32.1
2006,env_optimism,Poland,波蘭,0.18939,20,57,33.9
2006,env_optimism,Lithuania,立陶宛,0.18333,21,57,35.7
2006,env_optimism,Spain,西班牙,0.17323,22,57,37.5
2006,env_optimism,Latvia,拉脫維亞,0.15889,23,57,39.3
2006,env_optimism,Indonesia,印尼,0.15855,24,57,41.1
2006,env_optimism,Argentina,阿根廷,0.15478,25,57,42.9
2006,env_optimism,United States,美國,0.13732,26,57,44.6
2006,env_optimism,Ireland,愛爾蘭,0.12296,27,57,46.4
2006,env_optimism,Japan,日本,0.10029,28,57,48.2
2006,env_optimism,Netherlands,荷蘭,0.09097,29,57,50.0
2006,env_optimism,Denmark,丹麥,0.0739,30,57,51.8
2006,env_optimism,Greece,希臘,0.0608,31,57,53.6
2006,env_optimism,Czechia,捷克,0.05878,32,57,55.4
2006,env_optimism,Iceland,冰島,0.03483,33,57,57.1
2006,env_optimism,Italy,義大利,0.03401,34,57,58.9
2006,env_optimism,Chinese Taipei,臺灣,0.02987,35,57,60.7
2006,env_optimism,Estonia,愛沙尼亞,0.0204,36,57,62.5
2006,env_optimism,Brazil,巴西,0.00702,37,57,64.3
2006,env_optimism,Finland,芬蘭,0.00114,38,57,66.1
2006,env_optimism,Uruguay,烏拉圭,-0.02848,39,57,67.9
2006,env_optimism,Hungary,匈牙利,-0.05199,40,57,69.6
2006,env_optimism,United Kingdom,英國,-0.07308,41,57,71.4
2006,env_optimism,Türkiye,土耳其,-0.07787,42,57,73.2
2006,env_optimism,Slovak Republic,斯洛伐克,-0.08434,43,57,75.0
2006,env_optimism,Switzerland,瑞士,-0.09673,44,57,76.8
2006,env_optimism,Germany,德國,-0.10244,45,57,78.6
2006,env_optimism,France,法國,-0.10977,46,57,80.4
2006,env_optimism,Slovenia,斯洛維尼亞,-0.11999,47,57,82.1
2006,env_optimism,Australia,澳洲,-0.1305,48,57,83.9
2006,env_optimism,Mexico,墨西哥,-0.14496,49,57,85.7
2006,env_optimism,Belgium,比利時,-0.17012,50,57,87.5
2006,env_optimism,Luxembourg,盧森堡,-0.17778,51,57,89.3
2006,env_optimism,Portugal,葡萄牙,-0.19788,52,57,91.1
2006,env_optimism,Austria,奧地利,-0.21387,53,57,92.9
2006,env_optimism,Canada,加拿大,-0.21749,54,57,94.6
2006,env_optimism,New Zealand,紐西蘭,-0.22134,55,57,96.4
2006,env_optimism,Liechtenstein,列支敦斯登,-0.26152,56,57,98.2
2006,env_optimism,Croatia,克羅埃西亞,-0.29162,57,57,100.0
2006,env_responsibility,Chinese Taipei,臺灣,0.76367,1,56,0.0
2006,env_responsibility,Türkiye,土耳其,0.7299,2,56,1.8
2006,env_responsibility,Portugal,葡萄牙,0.52495,3,56,3.6
2006,env_responsibility,Korea,韓國,0.42673,4,56,5.5
2006,env_responsibility,Mexico,墨西哥,0.39144,5,56,7.3
2006,env_responsibility,Chile,智利,0.37049,6,56,9.1
2006,env_responsibility,Macao (China),澳門,0.35866,7,56,10.9
2006,env_responsibility,Spain,西班牙,0.31427,8,56,12.7
2006,env_responsibility,Thailand,泰國,0.29624,9,56,14.5
2006,env_responsibility,Hong Kong (China),香港,0.29176,10,56,16.4
2006,env_responsibility,France,法國,0.27748,11,56,18.2
2006,env_responsibility,Montenegro,蒙特內哥羅,0.27183,12,56,20.0
2006,env_responsibility,Jordan,約旦,0.2496,13,56,21.8
2006,env_responsibility,Hungary,匈牙利,0.22113,14,56,23.6
2006,env_responsibility,Qatar,卡達,0.20768,15,56,25.5
2006,env_responsibility,Colombia,哥倫比亞,0.19417,16,56,27.3
2006,env_responsibility,Tunisia,突尼西亞,0.1913,17,56,29.1
2006,env_responsibility,Slovenia,斯洛維尼亞,0.17409,18,56,30.9
2006,env_responsibility,Poland,波蘭,0.16816,19,56,32.7
2006,env_responsibility,Greece,希臘,0.16633,20,56,34.5
2006,env_responsibility,Serbia,塞爾維亞,0.1545,21,56,36.4
2006,env_responsibility,Italy,義大利,0.0848,22,56,38.2
2006,env_responsibility,Luxembourg,盧森堡,0.07611,23,56,40.0
2006,env_responsibility,Brazil,巴西,0.05788,24,56,41.8
2006,env_responsibility,Liechtenstein,列支敦斯登,0.04909,25,56,43.6
2006,env_responsibility,Switzerland,瑞士,0.04458,26,56,45.5
2006,env_responsibility,Uruguay,烏拉圭,0.04429,27,56,47.3
2006,env_responsibility,Argentina,阿根廷,0.039,28,56,49.1
2006,env_responsibility,Japan,日本,0.03877,29,56,50.9
2006,env_responsibility,Bulgaria,保加利亞,0.03736,30,56,52.7
2006,env_responsibility,Kyrgyzstan,吉爾吉斯,0.02488,31,56,54.5
2006,env_responsibility,Azerbaijan,亞塞拜然,0.02065,32,56,56.4
2006,env_responsibility,Canada,加拿大,0.01853,33,56,58.2
2006,env_responsibility,Belgium,比利時,0.01135,34,56,60.0
2006,env_responsibility,Austria,奧地利,0.00665,35,56,61.8
2006,env_responsibility,Russia,俄羅斯,-6e-05,36,56,63.6
2006,env_responsibility,Croatia,克羅埃西亞,-0.00215,37,56,65.5
2006,env_responsibility,Ireland,愛爾蘭,-0.00759,38,56,67.3
2006,env_responsibility,Indonesia,印尼,-0.01725,39,56,69.1
2006,env_responsibility,Lithuania,立陶宛,-0.03859,40,56,70.9
2006,env_responsibility,Germany,德國,-0.10139,41,56,72.7
2006,env_responsibility,Finland,芬蘭,-0.102,42,56,74.5
2006,env_responsibility,Romania,羅馬尼亞,-0.10808,43,56,76.4
2006,env_responsibility,Estonia,愛沙尼亞,-0.16965,44,56,78.2
2006,env_responsibility,Slovak Republic,斯洛伐克,-0.24761,45,56,80.0
2006,env_responsibility,Australia,澳洲,-0.25096,46,56,81.8
2006,env_responsibility,Denmark,丹麥,-0.25112,47,56,83.6
2006,env_responsibility,United Kingdom,英國,-0.26975,48,56,85.5
2006,env_responsibility,Norway,挪威,-0.2714,49,56,87.3
2006,env_responsibility,Iceland,冰島,-0.27843,50,56,89.1
2006,env_responsibility,Czechia,捷克,-0.28911,51,56,90.9
2006,env_responsibility,United States,美國,-0.3276,52,56,92.7
2006,env_responsibility,Sweden,瑞典,-0.33143,53,56,94.5
2006,env_responsibility,New Zealand,紐西蘭,-0.34453,54,56,96.4
2006,env_responsibility,Latvia,拉脫維亞,-0.3833,55,56,98.2
2006,env_responsibility,Netherlands,荷蘭,-0.47542,56,56,100.0
2006,future_motivation,Tunisia,突尼西亞,1.07023,1,57,0.0
2006,future_motivation,Jordan,約旦,1.06925,2,57,1.8
2006,future_motivation,Kyrgyzstan,吉爾吉斯,1.02908,3,57,3.6
2006,future_motivation,Thailand,泰國,0.85642,4,57,5.4
2006,future_motivation,Indonesia,印尼,0.80919,5,57,7.1
2006,future_motivation,Colombia,哥倫比亞,0.73878,6,57,8.9
2006,future_motivation,Azerbaijan,亞塞拜然,0.68416,7,57,10.7
2006,future_motivation,Türkiye,土耳其,0.65197,8,57,12.5
2006,future_motivation,Qatar,卡達,0.59907,9,57,14.3
2006,future_motivation,Mexico,墨西哥,0.59875,10,57,16.1
2006,future_motivation,Romania,羅馬尼亞,0.54638,11,57,17.9
2006,future_motivation,Brazil,巴西,0.45859,12,57,19.6
2006,future_motivation,Bulgaria,保加利亞,0.38018,13,57,21.4
2006,future_motivation,Russia,俄羅斯,0.32732,14,57,23.2
2006,future_motivation,Montenegro,蒙特內哥羅,0.32298,15,57,25.0
2006,future_motivation,Argentina,阿根廷,0.31304,16,57,26.8
2006,future_motivation,Israel,以色列,0.30573,17,57,28.6
2006,future_motivation,Hong Kong (China),香港,0.28777,18,57,30.4
2006,future_motivation,Serbia,塞爾維亞,0.28206,19,57,32.1
2006,future_motivation,Portugal,葡萄牙,0.26589,20,57,33.9
2006,future_motivation,Chile,智利,0.24084,21,57,35.7
2006,future_motivation,Croatia,克羅埃西亞,0.21669,22,57,37.5
2006,future_motivation,Canada,加拿大,0.20268,23,57,39.3
2006,future_motivation,United States,美國,0.20183,24,57,41.1
2006,future_motivation,Italy,義大利,0.19695,25,57,42.9
2006,future_motivation,Macao (China),澳門,0.16693,26,57,44.6
2006,future_motivation,Poland,波蘭,0.15576,27,57,46.4
2006,future_motivation,Greece,希臘,0.15042,28,57,48.2
2006,future_motivation,Uruguay,烏拉圭,0.14356,29,57,50.0
2006,future_motivation,Chinese Taipei,臺灣,0.13683,30,57,51.8
2006,future_motivation,Lithuania,立陶宛,0.12435,31,57,53.6
2006,future_motivation,Slovak Republic,斯洛伐克,0.08242,32,57,55.4
2006,future_motivation,Spain,西班牙,0.07662,33,57,57.1
2006,future_motivation,Hungary,匈牙利,0.07411,34,57,58.9
2006,future_motivation,Slovenia,斯洛維尼亞,0.00889,35,57,60.7
2006,future_motivation,New Zealand,紐西蘭,0.00114,36,57,62.5
2006,future_motivation,Iceland,冰島,-0.02179,37,57,64.3
2006,future_motivation,Belgium,比利時,-0.03151,38,57,66.1
2006,future_motivation,France,法國,-0.03361,39,57,67.9
2006,future_motivation,Luxembourg,盧森堡,-0.04719,40,57,69.6
2006,future_motivation,Ireland,愛爾蘭,-0.04833,41,57,71.4
2006,future_motivation,Australia,澳洲,-0.07347,42,57,73.2
2006,future_motivation,Latvia,拉脫維亞,-0.08938,43,57,75.0
2006,future_motivation,Estonia,愛沙尼亞,-0.09015,44,57,76.8
2006,future_motivation,United Kingdom,英國,-0.11561,45,57,78.6
2006,future_motivation,Czechia,捷克,-0.11657,46,57,80.4
2006,future_motivation,Germany,德國,-0.15088,47,57,82.1
2006,future_motivation,Finland,芬蘭,-0.17083,48,57,83.9
2006,future_motivation,Denmark,丹麥,-0.17475,49,57,85.7
2006,future_motivation,Sweden,瑞典,-0.21065,50,57,87.5
2006,future_motivation,Switzerland,瑞士,-0.2176,51,57,89.3
2006,future_motivation,Norway,挪威,-0.22213,52,57,91.1
2006,future_motivation,Netherlands,荷蘭,-0.23811,53,57,92.9
2006,future_motivation,Japan,日本,-0.24096,54,57,94.6
2006,future_motivation,Korea,韓國,-0.25143,55,57,96.4
2006,future_motivation,Liechtenstein,列支敦斯登,-0.29638,56,57,98.2
2006,future_motivation,Austria,奧地利,-0.32927,57,57,100.0
2006,general_interest,Colombia,哥倫比亞,1.14622,1,57,0.0
2006,general_interest,Kyrgyzstan,吉爾吉斯,0.90558,2,57,1.8
2006,general_interest,Thailand,泰國,0.79206,3,57,3.6
2006,general_interest,Tunisia,突尼西亞,0.77495,4,57,5.4
2006,general_interest,Mexico,墨西哥,0.75941,5,57,7.1
2006,general_interest,Jordan,約旦,0.67615,6,57,8.9
2006,general_interest,Azerbaijan,亞塞拜然,0.60482,7,57,10.7
2006,general_interest,Indonesia,印尼,0.55521,8,57,12.5
2006,general_interest,Brazil,巴西,0.51222,9,57,14.3
2006,general_interest,Montenegro,蒙特內哥羅,0.41602,10,57,16.1
2006,general_interest,Romania,羅馬尼亞,0.38194,11,57,17.9
2006,general_interest,Chile,智利,0.35693,12,57,19.6
2006,general_interest,Lithuania,立陶宛,0.3464,13,57,21.4
2006,general_interest,Qatar,卡達,0.28439,14,57,23.2
2006,general_interest,Russia,俄羅斯,0.27905,15,57,25.0
2006,general_interest,Serbia,塞爾維亞,0.25735,16,57,26.8
2006,general_interest,Uruguay,烏拉圭,0.24825,17,57,28.6
2006,general_interest,Türkiye,土耳其,0.22441,18,57,30.4
2006,general_interest,Argentina,阿根廷,0.22362,19,57,32.1
2006,general_interest,France,法國,0.20158,20,57,33.9
2006,general_interest,Greece,希臘,0.19483,21,57,35.7
2006,general_interest,Hong Kong (China),香港,0.1943,22,57,37.5
2006,general_interest,Estonia,愛沙尼亞,0.19046,23,57,39.3
2006,general_interest,Germany,德國,0.18872,24,57,41.1
2006,general_interest,Bulgaria,保加利亞,0.18313,25,57,42.9
2006,general_interest,Italy,義大利,0.17856,26,57,44.6
2006,general_interest,Croatia,克羅埃西亞,0.17031,27,57,46.4
2006,general_interest,Latvia,拉脫維亞,0.16465,28,57,48.2
2006,general_interest,Portugal,葡萄牙,0.16161,29,57,50.0
2006,general_interest,Luxembourg,盧森堡,0.13695,30,57,51.8
2006,general_interest,Canada,加拿大,0.10677,31,57,53.6
2006,general_interest,Macao (China),澳門,0.10031,32,57,55.4
2006,general_interest,Chinese Taipei,臺灣,0.08774,33,57,57.1
2006,general_interest,Poland,波蘭,0.05538,34,57,58.9
2006,general_interest,Austria,奧地利,0.05295,35,57,60.7
2006,general_interest,Slovenia,斯洛維尼亞,0.03276,36,57,62.5
2006,general_interest,United States,美國,0.03097,37,57,64.3
2006,general_interest,Belgium,比利時,0.02382,38,57,66.1
2006,general_interest,Switzerland,瑞士,0.00362,39,57,67.9
2006,general_interest,United Kingdom,英國,-0.01239,40,57,69.6
2006,general_interest,Norway,挪威,-0.03111,41,57,71.4
2006,general_interest,Czechia,捷克,-0.03497,42,57,73.2
2006,general_interest,Liechtenstein,列支敦斯登,-0.05857,43,57,75.0
2006,general_interest,Hungary,匈牙利,-0.07294,44,57,76.8
2006,general_interest,New Zealand,紐西蘭,-0.09776,45,57,78.6
2006,general_interest,Slovak Republic,斯洛伐克,-0.11116,46,57,80.4
2006,general_interest,Japan,日本,-0.12948,47,57,82.1
2006,general_interest,Sweden,瑞典,-0.1307,48,57,83.9
2006,general_interest,Ireland,愛爾蘭,-0.14242,49,57,85.7
2006,general_interest,Iceland,冰島,-0.14542,50,57,87.5
2006,general_interest,Denmark,丹麥,-0.17228,51,57,89.3
2006,general_interest,Spain,西班牙,-0.17963,52,57,91.1
2006,general_interest,Israel,以色列,-0.21229,53,57,92.9
2006,general_interest,Australia,澳洲,-0.21905,54,57,94.6
2006,general_interest,Korea,韓國,-0.24441,55,57,96.4
2006,general_interest,Finland,芬蘭,-0.24536,56,57,98.2
2006,general_interest,Netherlands,荷蘭,-0.34517,57,57,100.0
2006,general_value,Thailand,泰國,0.77243,1,57,0.0
2006,general_value,Chinese Taipei,臺灣,0.71503,2,57,1.8
2006,general_value,Tunisia,突尼西亞,0.70402,3,57,3.6
2006,general_value,Jordan,約旦,0.59594,4,57,5.4
2006,general_value,Chile,智利,0.5773,5,57,7.1
2006,general_value,Hong Kong (China),香港,0.54554,6,57,8.9
2006,general_value,Macao (China),澳門,0.53925,7,57,10.7
2006,general_value,Azerbaijan,亞塞拜然,0.53038,8,57,12.5
2006,general_value,Colombia,哥倫比亞,0.46798,9,57,14.3
2006,general_value,Türkiye,土耳其,0.45804,10,57,16.1
2006,general_value,Kyrgyzstan,吉爾吉斯,0.41208,11,57,17.9
2006,general_value,Qatar,卡達,0.40892,12,57,19.6
2006,general_value,Portugal,葡萄牙,0.36893,13,57,21.4
2006,general_value,Mexico,墨西哥,0.3677,14,57,23.2
2006,general_value,Indonesia,印尼,0.31424,15,57,25.0
2006,general_value,Spain,西班牙,0.29373,16,57,26.8
2006,general_value,Korea,韓國,0.2656,17,57,28.6
2006,general_value,Brazil,巴西,0.2587,18,57,30.4
2006,general_value,Bulgaria,保加利亞,0.25605,19,57,32.1
2006,general_value,Montenegro,蒙特內哥羅,0.24321,20,57,33.9
2006,general_value,Israel,以色列,0.24175,21,57,35.7
2006,general_value,Poland,波蘭,0.2243,22,57,37.5
2006,general_value,Romania,羅馬尼亞,0.21804,23,57,39.3
2006,general_value,Lithuania,立陶宛,0.1545,24,57,41.1
2006,general_value,United States,美國,0.14802,25,57,42.9
2006,general_value,Croatia,克羅埃西亞,0.14802,26,57,44.6
2006,general_value,Canada,加拿大,0.14354,27,57,46.4
2006,general_value,Estonia,愛沙尼亞,0.14321,28,57,48.2
2006,general_value,Serbia,塞爾維亞,0.07067,29,57,50.0
2006,general_value,Finland,芬蘭,0.06627,30,57,51.8
2006,general_value,Argentina,阿根廷,0.0477,31,57,53.6
2006,general_value,Slovak Republic,斯洛伐克,0.02607,32,57,55.4
2006,general_value,Slovenia,斯洛維尼亞,0.02208,33,57,57.1
2006,general_value,Russia,俄羅斯,0.02122,34,57,58.9
2006,general_value,Ireland,愛爾蘭,0.01972,35,57,60.7
2006,general_value,Latvia,拉脫維亞,0.01365,36,57,62.5
2006,general_value,Italy,義大利,-0.00761,37,57,64.3
2006,general_value,Luxembourg,盧森堡,-0.02321,38,57,66.1
2006,general_value,Hungary,匈牙利,-0.03923,39,57,67.9
2006,general_value,Greece,希臘,-0.04049,40,57,69.6
2006,general_value,Australia,澳洲,-0.05467,41,57,71.4
2006,general_value,Germany,德國,-0.09741,42,57,73.2
2006,general_value,Uruguay,烏拉圭,-0.09836,43,57,75.0
2006,general_value,Switzerland,瑞士,-0.10864,44,57,76.8
2006,general_value,Austria,奧地利,-0.1208,45,57,78.6
2006,general_value,Czechia,捷克,-0.12382,46,57,80.4
2006,general_value,New Zealand,紐西蘭,-0.13334,47,57,82.1
2006,general_value,Liechtenstein,列支敦斯登,-0.13711,48,57,83.9
2006,general_value,Norway,挪威,-0.13812,49,57,85.7
2006,general_value,United Kingdom,英國,-0.15694,50,57,87.5
2006,general_value,Belgium,比利時,-0.16419,51,57,89.3
2006,general_value,France,法國,-0.17269,52,57,91.1
2006,general_value,Japan,日本,-0.17772,53,57,92.9
2006,general_value,Sweden,瑞典,-0.18634,54,57,94.6
2006,general_value,Iceland,冰島,-0.19455,55,57,96.4
2006,general_value,Netherlands,荷蘭,-0.21199,56,57,98.2
2006,general_value,Denmark,丹麥,-0.26949,57,57,100.0
2006,instrumental,Kyrgyzstan,吉爾吉斯,0.84244,1,57,0.0
2006,instrumental,Tunisia,突尼西亞,0.83598,2,57,1.8
2006,instrumental,Jordan,約旦,0.80316,3,57,3.6
2006,instrumental,Indonesia,印尼,0.76174,4,57,5.4
2006,instrumental,Thailand,泰國,0.71607,5,57,7.1
2006,instrumental,Colombia,哥倫比亞,0.64666,6,57,8.9
2006,instrumental,Azerbaijan,亞塞拜然,0.54942,7,57,10.7
2006,instrumental,Mexico,墨西哥,0.53848,8,57,12.5
2006,instrumental,Qatar,卡達,0.52228,9,57,14.3
2006,instrumental,Chile,智利,0.51859,10,57,16.1
2006,instrumental,Brazil,巴西,0.48148,11,57,17.9
2006,instrumental,Portugal,葡萄牙,0.4657,12,57,19.6
2006,instrumental,Montenegro,蒙特內哥羅,0.44723,13,57,21.4
2006,instrumental,Argentina,阿根廷,0.43861,14,57,23.2
2006,instrumental,Romania,羅馬尼亞,0.39936,15,57,25.0
2006,instrumental,Macao (China),澳門,0.38629,16,57,26.8
2006,instrumental,Lithuania,立陶宛,0.36881,17,57,28.6
2006,instrumental,Bulgaria,保加利亞,0.35552,18,57,30.4
2006,instrumental,Türkiye,土耳其,0.33617,19,57,32.1
2006,instrumental,Canada,加拿大,0.32304,20,57,33.9
2006,instrumental,United States,美國,0.28745,21,57,35.7
2006,instrumental,Chinese Taipei,臺灣,0.27033,22,57,37.5
2006,instrumental,Russia,俄羅斯,0.21435,23,57,39.3
2006,instrumental,Uruguay,烏拉圭,0.19151,24,57,41.1
2006,instrumental,New Zealand,紐西蘭,0.17472,25,57,42.9
2006,instrumental,United Kingdom,英國,0.17175,26,57,44.6
2006,instrumental,Hong Kong (China),香港,0.16117,27,57,46.4
2006,instrumental,Poland,波蘭,0.1579,28,57,48.2
2006,instrumental,Ireland,愛爾蘭,0.15104,29,57,50.0
2006,instrumental,Italy,義大利,0.11847,30,57,51.8
2006,instrumental,Serbia,塞爾維亞,0.10939,31,57,53.6
2006,instrumental,Australia,澳洲,0.1058,32,57,55.4
2006,instrumental,Iceland,冰島,0.08691,33,57,57.1
2006,instrumental,Greece,希臘,0.08092,34,57,58.9
2006,instrumental,Slovenia,斯洛維尼亞,0.06162,35,57,60.7
2006,instrumental,Estonia,愛沙尼亞,0.05771,36,57,62.5
2006,instrumental,Spain,西班牙,0.05745,37,57,64.3
2006,instrumental,Croatia,克羅埃西亞,0.04624,38,57,66.1
2006,instrumental,Denmark,丹麥,0.03949,39,57,67.9
2006,instrumental,Latvia,拉脫維亞,0.00747,40,57,69.6
2006,instrumental,Sweden,瑞典,-0.05399,41,57,71.4
2006,instrumental,Hungary,匈牙利,-0.07168,42,57,73.2
2006,instrumental,Germany,德國,-0.0722,43,57,75.0
2006,instrumental,France,法國,-0.07299,44,57,76.8
2006,instrumental,Luxembourg,盧森堡,-0.14726,45,57,78.6
2006,instrumental,Norway,挪威,-0.15847,46,57,80.4
2006,instrumental,Slovak Republic,斯洛伐克,-0.18623,47,57,82.1
2006,instrumental,Belgium,比利時,-0.21566,48,57,83.9
2006,instrumental,Finland,芬蘭,-0.21668,49,57,85.7
2006,instrumental,Netherlands,荷蘭,-0.22392,50,57,87.5
2006,instrumental,Czechia,捷克,-0.23797,51,57,89.3
2006,instrumental,Switzerland,瑞士,-0.24902,52,57,91.1
2006,instrumental,Korea,韓國,-0.25912,53,57,92.9
2006,instrumental,Liechtenstein,列支敦斯登,-0.31962,54,57,94.6
2006,instrumental,Israel,以色列,-0.36728,55,57,96.4
2006,instrumental,Austria,奧地利,-0.39706,56,57,98.2
2006,instrumental,Japan,日本,-0.4323,57,57,100.0
2006,interest_learning,Colombia,哥倫比亞,643.51494,1,57,0.0
2006,interest_learning,Thailand,泰國,642.10647,2,57,1.8
2006,interest_learning,Azerbaijan,亞塞拜然,611.6079,3,57,3.6
2006,interest_learning,Mexico,墨西哥,610.97228,4,57,5.4
2006,interest_learning,Jordan,約旦,609.16405,5,57,7.1
2006,interest_learning,Indonesia,印尼,607.94545,6,57,8.9
2006,interest_learning,Brazil,巴西,592.20076,7,57,10.7
2006,interest_learning,Romania,羅馬尼亞,591.3441,8,57,12.5
2006,interest_learning,Chile,智利,590.88512,9,57,14.3
2006,interest_learning,Tunisia,突尼西亞,590.44093,10,57,16.1
2006,interest_learning,Kyrgyzstan,吉爾吉斯,580.21031,11,57,17.9
2006,interest_learning,Portugal,葡萄牙,570.58024,12,57,19.6
2006,interest_learning,Argentina,阿根廷,567.21011,13,57,21.4
2006,interest_learning,Uruguay,烏拉圭,567.05256,14,57,23.2
2006,interest_learning,Qatar,卡達,565.30394,15,57,25.0
2006,interest_learning,Montenegro,蒙特內哥羅,560.85349,16,57,26.8
2006,interest_learning,Greece,希臘,548.54724,17,57,28.6
2006,interest_learning,Lithuania,立陶宛,544.43896,18,57,30.4
2006,interest_learning,Russia,俄羅斯,541.30756,19,57,32.1
2006,interest_learning,Türkiye,土耳其,539.92376,20,57,33.9
2006,interest_learning,Hong Kong (China),香港,536.05825,21,57,35.7
2006,interest_learning,Croatia,克羅埃西亞,535.41253,22,57,37.5
2006,interest_learning,Spain,西班牙,534.34575,23,57,39.3
2006,interest_learning,Chinese Taipei,臺灣,533.27126,24,57,41.1
2006,interest_learning,Italy,義大利,529.29168,25,57,42.9
2006,interest_learning,Macao (China),澳門,523.57442,26,57,44.6
2006,interest_learning,Serbia,塞爾維亞,522.59436,27,57,46.4
2006,interest_learning,Bulgaria,保加利亞,522.57671,28,57,48.2
2006,interest_learning,Hungary,匈牙利,521.82119,29,57,50.0
2006,interest_learning,Slovak Republic,斯洛伐克,521.64297,30,57,51.8
2006,interest_learning,France,法國,520.02849,31,57,53.6
2006,interest_learning,Luxembourg,盧森堡,514.61832,32,57,55.4
2006,interest_learning,Germany,德國,512.75139,33,57,57.1
2006,interest_learning,Japan,日本,511.70773,34,57,58.9
2006,interest_learning,Israel,以色列,508.8615,35,57,60.7
2006,interest_learning,Austria,奧地利,506.6013,36,57,62.5
2006,interest_learning,Slovenia,斯洛維尼亞,504.92208,37,57,64.3
2006,interest_learning,Liechtenstein,列支敦斯登,504.11111,38,57,66.1
2006,interest_learning,Latvia,拉脫維亞,503.63728,39,57,67.9
2006,interest_learning,Switzerland,瑞士,503.56978,40,57,69.6
2006,interest_learning,Belgium,比利時,502.74618,41,57,71.4
2006,interest_learning,Estonia,愛沙尼亞,502.4052,42,57,73.2
2006,interest_learning,Poland,波蘭,500.66906,43,57,75.0
2006,interest_learning,Czechia,捷克,489.16083,44,57,76.8
2006,interest_learning,Korea,韓國,485.51715,45,57,78.6
2006,interest_learning,Ireland,愛爾蘭,481.22305,46,57,80.4
2006,interest_learning,United States,美國,479.62769,47,57,82.1
2006,interest_learning,Norway,挪威,472.19095,48,57,83.9
2006,interest_learning,Canada,加拿大,469.26634,49,57,85.7
2006,interest_learning,Iceland,冰島,465.95143,50,57,87.5
2006,interest_learning,Australia,澳洲,465.46152,51,57,89.3
2006,interest_learning,United Kingdom,英國,463.74136,52,57,91.1
2006,interest_learning,Denmark,丹麥,463.09294,53,57,92.9
2006,interest_learning,New Zealand,紐西蘭,461.20435,54,57,94.6
2006,interest_learning,Sweden,瑞典,454.14113,55,57,96.4
2006,interest_learning,Netherlands,荷蘭,451.5428,56,57,98.2
2006,interest_learning,Finland,芬蘭,448.13307,57,57,100.0
2006,parent_sci_career,Norway,挪威,34.36708,1,56,0.0
2006,parent_sci_career,Netherlands,荷蘭,28.09523,2,56,1.8
2006,parent_sci_career,Switzerland,瑞士,25.51293,3,56,3.6
2006,parent_sci_career,Finland,芬蘭,25.36229,4,56,5.5
2006,parent_sci_career,Liechtenstein,列支敦斯登,25.05543,5,56,7.3
2006,parent_sci_career,Iceland,冰島,24.67241,6,56,9.1
2006,parent_sci_career,Slovenia,斯洛維尼亞,24.42925,7,56,10.9
2006,parent_sci_career,Sweden,瑞典,24.10044,8,56,12.7
2006,parent_sci_career,Canada,加拿大,23.60572,9,56,14.5
2006,parent_sci_career,Australia,澳洲,22.82181,10,56,16.4
2006,parent_sci_career,United States,美國,22.13919,11,56,18.2
2006,parent_sci_career,New Zealand,紐西蘭,21.33165,12,56,20.0
2006,parent_sci_career,Denmark,丹麥,20.46201,13,56,21.8
2006,parent_sci_career,Serbia,塞爾維亞,20.16807,14,56,23.6
2006,parent_sci_career,Germany,德國,20.01662,15,56,25.5
2006,parent_sci_career,United Kingdom,英國,19.86,16,56,27.3
2006,parent_sci_career,Belgium,比利時,19.52211,17,56,29.1
2006,parent_sci_career,France,法國,18.88,18,56,30.9
2006,parent_sci_career,Poland,波蘭,18.8421,19,56,32.7
2006,parent_sci_career,Bulgaria,保加利亞,18.49804,20,56,34.5
2006,parent_sci_career,Croatia,克羅埃西亞,17.89005,21,56,36.4
2006,parent_sci_career,Czechia,捷克,17.57615,22,56,38.2
2006,parent_sci_career,Israel,以色列,17.36695,23,56,40.0
2006,parent_sci_career,Ireland,愛爾蘭,17.26932,24,56,41.8
2006,parent_sci_career,Austria,奧地利,16.79725,25,56,43.6
2006,parent_sci_career,Azerbaijan,亞塞拜然,16.0341,26,56,45.5
2006,parent_sci_career,Hungary,匈牙利,15.90644,27,56,47.3
2006,parent_sci_career,Russia,俄羅斯,15.64305,28,56,49.1
2006,parent_sci_career,Kyrgyzstan,吉爾吉斯,15.5259,29,56,50.9
2006,parent_sci_career,Slovak Republic,斯洛伐克,15.4434,30,56,52.7
2006,parent_sci_career,Luxembourg,盧森堡,15.07637,31,56,54.5
2006,parent_sci_career,Montenegro,蒙特內哥羅,14.37922,32,56,56.4
2006,parent_sci_career,Latvia,拉脫維亞,14.34601,33,56,58.2
2006,parent_sci_career,Italy,義大利,14.0002,34,56,60.0
2006,parent_sci_career,Lithuania,立陶宛,13.43357,35,56,61.8
2006,parent_sci_career,Uruguay,烏拉圭,13.29857,36,56,63.6
2006,parent_sci_career,Estonia,愛沙尼亞,12.8358,37,56,65.5
2006,parent_sci_career,Greece,希臘,12.13941,38,56,67.3
2006,parent_sci_career,Argentina,阿根廷,11.92442,39,56,69.1
2006,parent_sci_career,Spain,西班牙,11.76167,40,56,70.9
2006,parent_sci_career,Jordan,約旦,11.6547,41,56,72.7
2006,parent_sci_career,Chinese Taipei,臺灣,10.91406,42,56,74.5
2006,parent_sci_career,Korea,韓國,10.87848,43,56,76.4
2006,parent_sci_career,Tunisia,突尼西亞,9.92415,44,56,78.2
2006,parent_sci_career,Portugal,葡萄牙,9.74059,45,56,80.0
2006,parent_sci_career,Mexico,墨西哥,9.19029,46,56,81.8
2006,parent_sci_career,Colombia,哥倫比亞,8.56655,47,56,83.6
2006,parent_sci_career,Chile,智利,8.49795,48,56,85.5
2006,parent_sci_career,Japan,日本,8.48169,49,56,87.3
2006,parent_sci_career,Brazil,巴西,7.8207,50,56,89.1
2006,parent_sci_career,Romania,羅馬尼亞,7.80001,51,56,90.9
2006,parent_sci_career,Hong Kong (China),香港,5.77301,52,56,92.7
2006,parent_sci_career,Türkiye,土耳其,4.75097,53,56,94.5
2006,parent_sci_career,Macao (China),澳門,3.6122,54,56,96.4
2006,parent_sci_career,Thailand,泰國,3.04884,55,56,98.2
2006,parent_sci_career,Indonesia,印尼,1.81292,56,56,100.0
2006,personal_value,Colombia,哥倫比亞,0.88395,1,57,0.0
2006,personal_value,Thailand,泰國,0.7887,2,57,1.8
2006,personal_value,Azerbaijan,亞塞拜然,0.75205,3,57,3.6
2006,personal_value,Jordan,約旦,0.73858,4,57,5.4
2006,personal_value,Kyrgyzstan,吉爾吉斯,0.72614,5,57,7.1
2006,personal_value,Tunisia,突尼西亞,0.71399,6,57,8.9
2006,personal_value,Mexico,墨西哥,0.69072,7,57,10.7
2006,personal_value,Chinese Taipei,臺灣,0.5976,8,57,12.5
2006,personal_value,Chile,智利,0.52438,9,57,14.3
2006,personal_value,Hong Kong (China),香港,0.51882,10,57,16.1
2006,personal_value,Indonesia,印尼,0.50868,11,57,17.9
2006,personal_value,Qatar,卡達,0.49716,12,57,19.6
2006,personal_value,Montenegro,蒙特內哥羅,0.48208,13,57,21.4
2006,personal_value,Romania,羅馬尼亞,0.4786,14,57,23.2
2006,personal_value,Brazil,巴西,0.47821,15,57,25.0
2006,personal_value,Portugal,葡萄牙,0.47019,16,57,26.8
2006,personal_value,Bulgaria,保加利亞,0.38564,17,57,28.6
2006,personal_value,Argentina,阿根廷,0.34941,18,57,30.4
2006,personal_value,Macao (China),澳門,0.3388,19,57,32.1
2006,personal_value,Poland,波蘭,0.32242,20,57,33.9
2006,personal_value,Türkiye,土耳其,0.30344,21,57,35.7
2006,personal_value,United States,美國,0.2906,22,57,37.5
2006,personal_value,Serbia,塞爾維亞,0.28519,23,57,39.3
2006,personal_value,Lithuania,立陶宛,0.25448,24,57,41.1
2006,personal_value,Israel,以色列,0.23036,25,57,42.9
2006,personal_value,Uruguay,烏拉圭,0.22178,26,57,44.6
2006,personal_value,Canada,加拿大,0.19611,27,57,46.4
2006,personal_value,Croatia,克羅埃西亞,0.18739,28,57,48.2
2006,personal_value,Russia,俄羅斯,0.15934,29,57,50.0
2006,personal_value,Italy,義大利,0.1564,30,57,51.8
2006,personal_value,Slovenia,斯洛維尼亞,0.1379,31,57,53.6
2006,personal_value,Estonia,愛沙尼亞,0.13649,32,57,55.4
2006,personal_value,Latvia,拉脫維亞,0.12795,33,57,57.1
2006,personal_value,Spain,西班牙,0.04822,34,57,58.9
2006,personal_value,New Zealand,紐西蘭,0.04272,35,57,60.7
2006,personal_value,United Kingdom,英國,0.03505,36,57,62.5
2006,personal_value,Australia,澳洲,0.01518,37,57,64.3
2006,personal_value,Hungary,匈牙利,0.00739,38,57,66.1
2006,personal_value,Ireland,愛爾蘭,-0.00258,39,57,67.9
2006,personal_value,Slovak Republic,斯洛伐克,-0.04276,40,57,69.6
2006,personal_value,Korea,韓國,-0.05996,41,57,71.4
2006,personal_value,Greece,希臘,-0.07601,42,57,73.2
2006,personal_value,Finland,芬蘭,-0.0933,43,57,75.0
2006,personal_value,Luxembourg,盧森堡,-0.10091,44,57,76.8
2006,personal_value,Sweden,瑞典,-0.10269,45,57,78.6
2006,personal_value,Norway,挪威,-0.1132,46,57,80.4
2006,personal_value,France,法國,-0.14473,47,57,82.1
2006,personal_value,Iceland,冰島,-0.14531,48,57,83.9
2006,personal_value,Belgium,比利時,-0.14952,49,57,85.7
2006,personal_value,Czechia,捷克,-0.15253,50,57,87.5
2006,personal_value,Denmark,丹麥,-0.17655,51,57,89.3
2006,personal_value,Netherlands,荷蘭,-0.21324,52,57,91.1
2006,personal_value,Switzerland,瑞士,-0.21891,53,57,92.9
2006,personal_value,Japan,日本,-0.22725,54,57,94.6
2006,personal_value,Germany,德國,-0.23432,55,57,96.4
2006,personal_value,Liechtenstein,列支敦斯登,-0.25804,56,57,98.2
2006,personal_value,Austria,奧地利,-0.36202,57,57,100.0
2006,rel_evidence,Korea,韓國,16.31331,1,57,0.0
2006,rel_evidence,France,法國,15.80533,2,57,1.8
2006,rel_evidence,Japan,日本,12.95032,3,57,3.6
2006,rel_evidence,Liechtenstein,列支敦斯登,12.70184,4,57,5.4
2006,rel_evidence,Switzerland,瑞士,7.24177,5,57,7.1
2006,rel_evidence,Canada,加拿大,7.07584,6,57,8.9
2006,rel_evidence,Israel,以色列,6.37161,7,57,10.7
2006,rel_evidence,New Zealand,紐西蘭,6.3694,8,57,12.5
2006,rel_evidence,Belgium,比利時,5.64314,9,57,14.3
2006,rel_evidence,Luxembourg,盧森堡,5.47046,10,57,16.1
2006,rel_evidence,Australia,澳洲,4.40476,11,57,17.9
2006,rel_evidence,Finland,芬蘭,4.1089,12,57,19.6
2006,rel_evidence,Thailand,泰國,2.11873,13,57,21.4
2006,rel_evidence,Chile,智利,1.42526,14,57,23.2
2006,rel_evidence,Russia,俄羅斯,1.37523,15,57,25.0
2006,rel_evidence,Latvia,拉脫維亞,1.14272,16,57,26.8
2006,rel_evidence,Uruguay,烏拉圭,0.90502,17,57,28.6
2006,rel_evidence,Macao (China),澳門,0.70824,18,57,30.4
2006,rel_evidence,Netherlands,荷蘭,0.70347,19,57,32.1
2006,rel_evidence,Iceland,冰島,0.19621,20,57,33.9
2006,rel_evidence,Hong Kong (China),香港,0.15169,21,57,35.7
2006,rel_evidence,Germany,德國,-0.2571,22,57,37.5
2006,rel_evidence,United States,美國,-0.38447,23,57,39.3
2006,rel_evidence,Estonia,愛沙尼亞,-0.44223,24,57,41.1
2006,rel_evidence,Chinese Taipei,臺灣,-0.63108,25,57,42.9
2006,rel_evidence,United Kingdom,英國,-1.1743,26,57,44.6
2006,rel_evidence,Lithuania,立陶宛,-1.4173,27,57,46.4
2006,rel_evidence,Portugal,葡萄牙,-2.08459,28,57,48.2
2006,rel_evidence,Ireland,愛爾蘭,-2.40146,29,57,50.0
2006,rel_evidence,Slovenia,斯洛維尼亞,-2.76397,30,57,51.8
2006,rel_evidence,Croatia,克羅埃西亞,-2.85671,31,57,53.6
2006,rel_evidence,Spain,西班牙,-3.57791,32,57,55.4
2006,rel_evidence,Tunisia,突尼西亞,-3.62348,33,57,57.1
2006,rel_evidence,Poland,波蘭,-4.09599,34,57,58.9
2006,rel_evidence,Colombia,哥倫比亞,-4.85615,35,57,60.7
2006,rel_evidence,Montenegro,蒙特內哥羅,-5.15949,36,57,62.5
2006,rel_evidence,Argentina,阿根廷,-5.79398,37,57,64.3
2006,rel_evidence,Austria,奧地利,-6.07625,38,57,66.1
2006,rel_evidence,Türkiye,土耳其,-6.63221,39,57,67.9
2006,rel_evidence,Hungary,匈牙利,-6.87248,40,57,69.6
2006,rel_evidence,Sweden,瑞典,-7.24001,41,57,71.4
2006,rel_evidence,Denmark,丹麥,-7.32464,42,57,73.2
2006,rel_evidence,Mexico,墨西哥,-7.4203,43,57,75.0
2006,rel_evidence,Indonesia,印尼,-7.8193,44,57,76.8
2006,rel_evidence,Greece,希臘,-7.94127,45,57,78.6
2006,rel_evidence,Italy,義大利,-8.40209,46,57,80.4
2006,rel_evidence,Serbia,塞爾維亞,-10.75817,47,57,82.1
2006,rel_evidence,Slovak Republic,斯洛伐克,-10.83361,48,57,83.9
2006,rel_evidence,Romania,羅馬尼亞,-10.89657,49,57,85.7
2006,rel_evidence,Brazil,巴西,-12.20012,50,57,87.5
2006,rel_evidence,Czechia,捷克,-12.33826,51,57,89.3
2006,rel_evidence,Norway,挪威,-13.97026,52,57,91.1
2006,rel_evidence,Bulgaria,保加利亞,-17.36639,53,57,92.9
2006,rel_evidence,Jordan,約旦,-17.43142,54,57,94.6
2006,rel_evidence,Qatar,卡達,-25.45946,55,57,96.4
2006,rel_evidence,Kyrgyzstan,吉爾吉斯,-34.03952,56,57,98.2
2006,rel_evidence,Azerbaijan,亞塞拜然,-38.06608,57,57,100.0
2006,rel_explain,Azerbaijan,亞塞拜然,29.64924,1,57,0.0
2006,rel_explain,Jordan,約旦,15.65797,2,57,1.8
2006,rel_explain,Czechia,捷克,14.61369,3,57,3.6
2006,rel_explain,Hungary,匈牙利,14.15582,4,57,5.4
2006,rel_explain,Chinese Taipei,臺灣,12.70215,5,57,7.1
2006,rel_explain,Slovak Republic,斯洛伐克,12.6271,6,57,8.9
2006,rel_explain,Kyrgyzstan,吉爾吉斯,11.74614,7,57,10.7
2006,rel_explain,Bulgaria,保加利亞,10.21516,8,57,12.5
2006,rel_explain,Estonia,愛沙尼亞,9.16174,9,57,14.3
2006,rel_explain,Macao (China),澳門,9.15484,10,57,16.1
2006,rel_explain,Norway,挪威,8.6748,11,57,17.9
2006,rel_explain,Poland,波蘭,8.20069,12,57,19.6
2006,rel_explain,Romania,羅馬尼亞,7.38443,13,57,21.4
2006,rel_explain,Hong Kong (China),香港,7.04021,14,57,23.2
2006,rel_explain,Qatar,卡達,6.64674,15,57,25.0
2006,rel_explain,Lithuania,立陶宛,6.52157,16,57,26.8
2006,rel_explain,Sweden,瑞典,6.4336,17,57,28.6
2006,rel_explain,Austria,奧地利,5.58745,18,57,30.4
2006,rel_explain,Denmark,丹麥,5.39101,19,57,32.1
2006,rel_explain,Serbia,塞爾維亞,5.17068,20,57,33.9
2006,rel_explain,Montenegro,蒙特內哥羅,4.89462,21,57,35.7
2006,rel_explain,Italy,義大利,4.13276,22,57,37.5
2006,rel_explain,Slovenia,斯洛維尼亞,3.9675,23,57,39.3
2006,rel_explain,Russia,俄羅斯,3.79159,24,57,41.1
2006,rel_explain,Germany,德國,3.43441,25,57,42.9
2006,rel_explain,Greece,希臘,3.09287,26,57,44.6
2006,rel_explain,Finland,芬蘭,2.8473,27,57,46.4
2006,rel_explain,Spain,西班牙,1.88148,28,57,48.2
2006,rel_explain,United Kingdom,英國,1.86487,29,57,50.0
2006,rel_explain,Indonesia,印尼,1.09756,30,57,51.8
2006,rel_explain,Brazil,巴西,-0.11778,31,57,53.6
2006,rel_explain,Croatia,克羅埃西亞,-0.75269,32,57,55.4
2006,rel_explain,Türkiye,土耳其,-0.83473,33,57,57.1
2006,rel_explain,Thailand,泰國,-1.14771,34,57,58.9
2006,rel_explain,Tunisia,突尼西亞,-2.15101,35,57,60.7
2006,rel_explain,Iceland,冰島,-2.6731,36,57,62.5
2006,rel_explain,United States,美國,-2.82526,37,57,64.3
2006,rel_explain,Ireland,愛爾蘭,-2.84217,38,57,66.1
2006,rel_explain,Netherlands,荷蘭,-3.08514,39,57,67.9
2006,rel_explain,Luxembourg,盧森堡,-3.09206,40,57,69.6
2006,rel_explain,Latvia,拉脫維亞,-3.21866,41,57,71.4
2006,rel_explain,Mexico,墨西哥,-3.4107,42,57,73.2
2006,rel_explain,Canada,加拿大,-3.57555,43,57,75.0
2006,rel_explain,Switzerland,瑞士,-3.71855,44,57,76.8
2006,rel_explain,Japan,日本,-4.09448,45,57,78.6
2006,rel_explain,Argentina,阿根廷,-4.75084,46,57,80.4
2006,rel_explain,Portugal,葡萄牙,-4.95039,47,57,82.1
2006,rel_explain,Uruguay,烏拉圭,-5.1878,48,57,83.9
2006,rel_explain,Liechtenstein,列支敦斯登,-6.00934,49,57,85.7
2006,rel_explain,Chile,智利,-6.06601,50,57,87.5
2006,rel_explain,Australia,澳洲,-6.64721,51,57,89.3
2006,rel_explain,Belgium,比利時,-7.69977,52,57,91.1
2006,rel_explain,New Zealand,紐西蘭,-8.193,53,57,92.9
2006,rel_explain,Colombia,哥倫比亞,-9.01452,54,57,94.6
2006,rel_explain,Israel,以色列,-10.45416,55,57,96.4
2006,rel_explain,Korea,韓國,-10.50059,56,57,98.2
2006,rel_explain,France,法國,-14.10323,57,57,100.0
2006,rel_identify,Colombia,哥倫比亞,14.446,1,57,0.0
2006,rel_identify,Portugal,葡萄牙,12.15927,2,57,1.8
2006,rel_identify,Mexico,墨西哥,11.70108,3,57,3.6
2006,rel_identify,Australia,澳洲,8.44965,4,57,5.4
2006,rel_identify,Brazil,巴西,7.84965,5,57,7.1
2006,rel_identify,Netherlands,荷蘭,7.70398,6,57,8.9
2006,rel_identify,Ireland,愛爾蘭,7.589,7,57,10.7
2006,rel_identify,Chile,智利,5.92363,8,57,12.5
2006,rel_identify,New Zealand,紐西蘭,5.84522,9,57,14.3
2006,rel_identify,Belgium,比利時,4.69196,10,57,16.1
2006,rel_identify,Argentina,阿根廷,4.12823,11,57,17.9
2006,rel_identify,France,法國,3.93077,12,57,19.6
2006,rel_identify,Türkiye,土耳其,3.6593,13,57,21.4
2006,rel_identify,Switzerland,瑞士,3.39302,14,57,23.2
2006,rel_identify,United States,美國,3.18286,15,57,25.0
2006,rel_identify,Qatar,卡達,3.09998,16,57,26.8
2006,rel_identify,Israel,以色列,3.09609,17,57,28.6
2006,rel_identify,Iceland,冰島,3.03391,18,57,30.4
2006,rel_identify,Norway,挪威,2.57004,19,57,32.1
2006,rel_identify,Uruguay,烏拉圭,0.543,20,57,33.9
2006,rel_identify,Spain,西班牙,0.41812,21,57,35.7
2006,rel_identify,Croatia,克羅埃西亞,0.34073,22,57,37.5
2006,rel_identify,Liechtenstein,列支敦斯登,0.12242,23,57,39.3
2006,rel_identify,Indonesia,印尼,-0.43421,24,57,41.1
2006,rel_identify,Kyrgyzstan,吉爾吉斯,-0.73733,25,57,42.9
2006,rel_identify,Latvia,拉脫維亞,-0.93622,26,57,44.6
2006,rel_identify,United Kingdom,英國,-1.01248,27,57,46.4
2006,rel_identify,Italy,義大利,-1.20068,28,57,48.2
2006,rel_identify,Tunisia,突尼西亞,-1.72594,29,57,50.0
2006,rel_identify,Slovenia,斯洛維尼亞,-1.7519,30,57,51.8
2006,rel_identify,Denmark,丹麥,-2.59389,31,57,53.6
2006,rel_identify,Canada,加拿大,-2.60743,32,57,55.4
2006,rel_identify,Korea,韓國,-3.07949,33,57,57.1
2006,rel_identify,Luxembourg,盧森堡,-3.47728,34,57,58.9
2006,rel_identify,Greece,希臘,-4.61117,35,57,60.7
2006,rel_identify,Sweden,瑞典,-4.71942,36,57,62.5
2006,rel_identify,Serbia,塞爾維亞,-5.10742,37,57,64.3
2006,rel_identify,Austria,奧地利,-5.74404,38,57,66.1
2006,rel_identify,Germany,德國,-5.88266,39,57,67.9
2006,rel_identify,Bulgaria,保加利亞,-6.79451,40,57,69.6
2006,rel_identify,Thailand,泰國,-7.79389,41,57,71.4
2006,rel_identify,Finland,芬蘭,-8.39374,42,57,73.2
2006,rel_identify,Romania,羅馬尼亞,-8.89177,43,57,75.0
2006,rel_identify,Japan,日本,-9.33721,44,57,76.8
2006,rel_identify,Montenegro,蒙特內哥羅,-10.6786,45,57,78.6
2006,rel_identify,Lithuania,立陶宛,-11.87549,46,57,80.4
2006,rel_identify,Czechia,捷克,-12.3932,47,57,82.1
2006,rel_identify,Jordan,約旦,-13.13022,48,57,83.9
2006,rel_identify,Slovak Republic,斯洛伐克,-13.46066,49,57,85.7
2006,rel_identify,Hong Kong (China),香港,-14.40646,50,57,87.5
2006,rel_identify,Poland,波蘭,-14.70951,51,57,89.3
2006,rel_identify,Estonia,愛沙尼亞,-15.74896,52,57,91.1
2006,rel_identify,Russia,俄羅斯,-16.55491,53,57,92.9
2006,rel_identify,Macao (China),澳門,-20.7721,54,57,94.6
2006,rel_identify,Hungary,匈牙利,-21.25894,55,57,96.4
2006,rel_identify,Chinese Taipei,臺灣,-23.8283,56,57,98.2
2006,rel_identify,Azerbaijan,亞塞拜然,-29.56319,57,57,100.0
2006,sci_activities,Kyrgyzstan,吉爾吉斯,1.33147,1,57,0.0
2006,sci_activities,Azerbaijan,亞塞拜然,1.22191,2,57,1.8
2006,sci_activities,Tunisia,突尼西亞,1.11341,3,57,3.6
2006,sci_activities,Thailand,泰國,1.10025,4,57,5.4
2006,sci_activities,Colombia,哥倫比亞,0.99545,5,57,7.1
2006,sci_activities,Jordan,約旦,0.97033,6,57,8.9
2006,sci_activities,Bulgaria,保加利亞,0.77583,7,57,10.7
2006,sci_activities,Montenegro,蒙特內哥羅,0.7486,8,57,12.5
2006,sci_activities,Mexico,墨西哥,0.73323,9,57,14.3
2006,sci_activities,Poland,波蘭,0.64197,10,57,16.1
2006,sci_activities,Romania,羅馬尼亞,0.63834,11,57,17.9
2006,sci_activities,Qatar,卡達,0.63651,12,57,19.6
2006,sci_activities,Indonesia,印尼,0.56843,13,57,21.4
2006,sci_activities,Türkiye,土耳其,0.56678,14,57,23.2
2006,sci_activities,Russia,俄羅斯,0.56196,15,57,25.0
2006,sci_activities,Serbia,塞爾維亞,0.54031,16,57,26.8
2006,sci_activities,Brazil,巴西,0.5306,17,57,28.6
2006,sci_activities,Chile,智利,0.48658,18,57,30.4
2006,sci_activities,Portugal,葡萄牙,0.45098,19,57,32.1
2006,sci_activities,Slovenia,斯洛維尼亞,0.43352,20,57,33.9
2006,sci_activities,Argentina,阿根廷,0.43348,21,57,35.7
2006,sci_activities,Chinese Taipei,臺灣,0.39697,22,57,37.5
2006,sci_activities,Estonia,愛沙尼亞,0.39617,23,57,39.3
2006,sci_activities,Croatia,克羅埃西亞,0.36037,24,57,41.1
2006,sci_activities,Hungary,匈牙利,0.32329,25,57,42.9
2006,sci_activities,Greece,希臘,0.27547,26,57,44.6
2006,sci_activities,Macao (China),澳門,0.26969,27,57,46.4
2006,sci_activities,Italy,義大利,0.26049,28,57,48.2
2006,sci_activities,Lithuania,立陶宛,0.25965,29,57,50.0
2006,sci_activities,Hong Kong (China),香港,0.25794,30,57,51.8
2006,sci_activities,Latvia,拉脫維亞,0.24722,31,57,53.6
2006,sci_activities,Slovak Republic,斯洛伐克,0.23253,32,57,55.4
2006,sci_activities,Uruguay,烏拉圭,0.14908,33,57,57.1
2006,sci_activities,Israel,以色列,0.12311,34,57,58.9
2006,sci_activities,Germany,德國,0.11165,35,57,60.7
2006,sci_activities,Luxembourg,盧森堡,0.10483,36,57,62.5
2006,sci_activities,Czechia,捷克,0.05243,37,57,64.3
2006,sci_activities,Switzerland,瑞士,0.02689,38,57,66.1
2006,sci_activities,Austria,奧地利,0.01465,39,57,67.9
2006,sci_activities,Belgium,比利時,0.01269,40,57,69.6
2006,sci_activities,France,法國,-0.00573,41,57,71.4
2006,sci_activities,United States,美國,-0.08679,42,57,73.2
2006,sci_activities,Norway,挪威,-0.10642,43,57,75.0
2006,sci_activities,Liechtenstein,列支敦斯登,-0.11828,44,57,76.8
2006,sci_activities,Spain,西班牙,-0.14603,45,57,78.6
2006,sci_activities,Canada,加拿大,-0.15073,46,57,80.4
2006,sci_activities,Denmark,丹麥,-0.15131,47,57,82.1
2006,sci_activities,Finland,芬蘭,-0.16193,48,57,83.9
2006,sci_activities,Korea,韓國,-0.186,49,57,85.7
2006,sci_activities,Iceland,冰島,-0.2127,50,57,87.5
2006,sci_activities,New Zealand,紐西蘭,-0.25922,51,57,89.3
2006,sci_activities,Netherlands,荷蘭,-0.26277,52,57,91.1
2006,sci_activities,Australia,澳洲,-0.29148,53,57,92.9
2006,sci_activities,United Kingdom,英國,-0.35415,54,57,94.6
2006,sci_activities,Sweden,瑞典,-0.41027,55,57,96.4
2006,sci_activities,Ireland,愛爾蘭,-0.43215,56,57,98.2
2006,sci_activities,Japan,日本,-0.62329,57,57,100.0
2006,sci_mean,Finland,芬蘭,563.32283,1,57,0.0
2006,sci_mean,Hong Kong (China),香港,542.21139,2,57,1.8
2006,sci_mean,Canada,加拿大,534.46978,3,57,3.6
2006,sci_mean,Chinese Taipei,臺灣,532.47355,4,57,5.4
2006,sci_mean,Estonia,愛沙尼亞,531.3918,5,57,7.1
2006,sci_mean,Japan,日本,531.38851,6,57,8.9
2006,sci_mean,New Zealand,紐西蘭,530.38436,7,57,10.7
2006,sci_mean,Australia,澳洲,526.87959,8,57,12.5
2006,sci_mean,Netherlands,荷蘭,524.86151,9,57,14.3
2006,sci_mean,Liechtenstein,列支敦斯登,522.16103,10,57,16.1
2006,sci_mean,Korea,韓國,522.14814,11,57,17.9
2006,sci_mean,Slovenia,斯洛維尼亞,518.81561,12,57,19.6
2006,sci_mean,Germany,德國,515.64913,13,57,21.4
2006,sci_mean,United Kingdom,英國,514.77355,14,57,23.2
2006,sci_mean,Czechia,捷克,512.86075,15,57,25.0
2006,sci_mean,Switzerland,瑞士,511.52391,16,57,26.8
2006,sci_mean,Macao (China),澳門,510.83972,17,57,28.6
2006,sci_mean,Austria,奧地利,510.83715,18,57,30.4
2006,sci_mean,Belgium,比利時,510.36348,19,57,32.1
2006,sci_mean,Ireland,愛爾蘭,508.32893,20,57,33.9
2006,sci_mean,Hungary,匈牙利,503.93173,21,57,35.7
2006,sci_mean,Sweden,瑞典,503.33401,22,57,37.5
2006,sci_mean,Poland,波蘭,497.8065,23,57,39.3
2006,sci_mean,Denmark,丹麥,495.89431,24,57,41.1
2006,sci_mean,France,法國,495.21984,25,57,42.9
2006,sci_mean,Croatia,克羅埃西亞,493.20439,26,57,44.6
2006,sci_mean,Iceland,冰島,490.79377,27,57,46.4
2006,sci_mean,Latvia,拉脫維亞,489.54378,28,57,48.2
2006,sci_mean,United States,美國,488.90684,29,57,50.0
2006,sci_mean,Slovak Republic,斯洛伐克,488.4334,30,57,51.8
2006,sci_mean,Spain,西班牙,488.42452,31,57,53.6
2006,sci_mean,Lithuania,立陶宛,487.9567,32,57,55.4
2006,sci_mean,Norway,挪威,486.52796,33,57,57.1
2006,sci_mean,Luxembourg,盧森堡,486.32436,34,57,58.9
2006,sci_mean,Russia,俄羅斯,479.47042,35,57,60.7
2006,sci_mean,Italy,義大利,475.39722,36,57,62.5
2006,sci_mean,Portugal,葡萄牙,474.30589,37,57,64.3
2006,sci_mean,Greece,希臘,473.37796,38,57,66.1
2006,sci_mean,Israel,以色列,453.90371,39,57,67.9
2006,sci_mean,Chile,智利,438.17744,40,57,69.6
2006,sci_mean,Serbia,塞爾維亞,435.63634,41,57,71.4
2006,sci_mean,Bulgaria,保加利亞,434.07977,42,57,73.2
2006,sci_mean,Uruguay,烏拉圭,428.13388,43,57,75.0
2006,sci_mean,Türkiye,土耳其,423.83275,44,57,76.8
2006,sci_mean,Jordan,約旦,421.97182,45,57,78.6
2006,sci_mean,Thailand,泰國,421.01147,46,57,80.4
2006,sci_mean,Romania,羅馬尼亞,418.38637,47,57,82.1
2006,sci_mean,Montenegro,蒙特內哥羅,411.78843,48,57,83.9
2006,sci_mean,Mexico,墨西哥,409.65195,49,57,85.7
2006,sci_mean,Indonesia,印尼,393.48102,50,57,87.5
2006,sci_mean,Argentina,阿根廷,391.2439,51,57,89.3
2006,sci_mean,Brazil,巴西,390.33157,52,57,91.1
2006,sci_mean,Colombia,哥倫比亞,388.03827,53,57,92.9
2006,sci_mean,Tunisia,突尼西亞,385.50671,54,57,94.6
2006,sci_mean,Azerbaijan,亞塞拜然,382.33394,55,57,96.4
2006,sci_mean,Qatar,卡達,349.31315,56,57,98.2
2006,sci_mean,Kyrgyzstan,吉爾吉斯,322.03158,57,57,100.0
2006,sci_sd,Israel,以色列,111.4908,1,57,0.0
2006,sci_sd,New Zealand,紐西蘭,107.27896,2,57,1.8
2006,sci_sd,United Kingdom,英國,106.78852,3,57,3.6
2006,sci_sd,Bulgaria,保加利亞,106.73963,4,57,5.4
2006,sci_sd,United States,美國,106.04864,5,57,7.1
2006,sci_sd,France,法國,101.57877,6,57,8.9
2006,sci_sd,Argentina,阿根廷,101.24228,7,57,10.7
2006,sci_sd,Australia,澳洲,100.20457,8,57,12.5
2006,sci_sd,Japan,日本,100.12455,9,57,14.3
2006,sci_sd,Germany,德國,99.98291,10,57,16.1
2006,sci_sd,Belgium,比利時,99.68136,11,57,17.9
2006,sci_sd,Switzerland,瑞士,99.32861,12,57,19.6
2006,sci_sd,Czechia,捷克,98.44993,13,57,21.4
2006,sci_sd,Slovenia,斯洛維尼亞,98.15239,14,57,23.2
2006,sci_sd,Austria,奧地利,97.85768,15,57,25.0
2006,sci_sd,Iceland,冰島,96.87851,16,57,26.8
2006,sci_sd,Luxembourg,盧森堡,96.7853,17,57,28.6
2006,sci_sd,Liechtenstein,列支敦斯登,96.67092,18,57,30.4
2006,sci_sd,Norway,挪威,96.10002,19,57,32.1
2006,sci_sd,Netherlands,荷蘭,95.62527,20,57,33.9
2006,sci_sd,Italy,義大利,95.54769,21,57,35.7
2006,sci_sd,Chinese Taipei,臺灣,94.45096,22,57,37.5
2006,sci_sd,Ireland,愛爾蘭,94.38428,23,57,39.3
2006,sci_sd,Uruguay,烏拉圭,94.36671,24,57,41.1
2006,sci_sd,Sweden,瑞典,94.20847,25,57,42.9
2006,sci_sd,Canada,加拿大,94.19803,26,57,44.6
2006,sci_sd,Slovak Republic,斯洛伐克,93.14584,27,57,46.4
2006,sci_sd,Denmark,丹麥,93.13443,28,57,48.2
2006,sci_sd,Greece,希臘,92.15632,29,57,50.0
2006,sci_sd,Hong Kong (China),香港,91.67782,30,57,51.8
2006,sci_sd,Chile,智利,91.67385,31,57,53.6
2006,sci_sd,Spain,西班牙,90.54284,32,57,55.4
2006,sci_sd,Korea,韓國,90.05428,33,57,57.1
2006,sci_sd,Lithuania,立陶宛,90.01688,34,57,58.9
2006,sci_sd,Jordan,約旦,89.92286,35,57,60.7
2006,sci_sd,Poland,波蘭,89.87723,36,57,62.5
2006,sci_sd,Russia,俄羅斯,89.57393,37,57,64.3
2006,sci_sd,Brazil,巴西,89.27965,38,57,66.1
2006,sci_sd,Portugal,葡萄牙,88.56204,39,57,67.9
2006,sci_sd,Hungary,匈牙利,88.17229,40,57,69.6
2006,sci_sd,Croatia,克羅埃西亞,85.74459,41,57,71.4
2006,sci_sd,Finland,芬蘭,85.6441,42,57,73.2
2006,sci_sd,Serbia,塞爾維亞,85.11227,43,57,75.0
2006,sci_sd,Colombia,哥倫比亞,84.80876,44,57,76.8
2006,sci_sd,Latvia,拉脫維亞,84.33082,45,57,78.6
2006,sci_sd,Kyrgyzstan,吉爾吉斯,83.85674,46,57,80.4
2006,sci_sd,Estonia,愛沙尼亞,83.64203,47,57,82.1
2006,sci_sd,Qatar,卡達,83.61656,48,57,83.9
2006,sci_sd,Türkiye,土耳其,83.2028,49,57,85.7
2006,sci_sd,Tunisia,突尼西亞,82.37001,50,57,87.5
2006,sci_sd,Romania,羅馬尼亞,81.13809,51,57,89.3
2006,sci_sd,Mexico,墨西哥,80.70463,52,57,91.1
2006,sci_sd,Montenegro,蒙特內哥羅,79.93717,53,57,92.9
2006,sci_sd,Macao (China),澳門,78.18464,54,57,94.6
2006,sci_sd,Thailand,泰國,77.17495,55,57,96.4
2006,sci_sd,Indonesia,印尼,70.06014,56,57,98.2
2006,sci_sd,Azerbaijan,亞塞拜然,55.67985,57,57,100.0
2006,self_concept,Colombia,哥倫比亞,0.74892,1,57,0.0
2006,self_concept,Jordan,約旦,0.7423,2,57,1.8
2006,self_concept,Kyrgyzstan,吉爾吉斯,0.692,3,57,3.6
2006,self_concept,Thailand,泰國,0.68807,4,57,5.4
2006,self_concept,Azerbaijan,亞塞拜然,0.64588,5,57,7.1
2006,self_concept,Tunisia,突尼西亞,0.6388,6,57,8.9
2006,self_concept,Qatar,卡達,0.58624,7,57,10.7
2006,self_concept,Mexico,墨西哥,0.53054,8,57,12.5
2006,self_concept,Montenegro,蒙特內哥羅,0.49128,9,57,14.3
2006,self_concept,Bulgaria,保加利亞,0.36631,10,57,16.1
2006,self_concept,Brazil,巴西,0.36318,11,57,17.9
2006,self_concept,Uruguay,烏拉圭,0.35066,12,57,19.6
2006,self_concept,Romania,羅馬尼亞,0.34382,13,57,21.4
2006,self_concept,Portugal,葡萄牙,0.30627,14,57,23.2
2006,self_concept,Israel,以色列,0.27029,15,57,25.0
2006,self_concept,Canada,加拿大,0.26786,16,57,26.8
2006,self_concept,Argentina,阿根廷,0.26496,17,57,28.6
2006,self_concept,Germany,德國,0.25597,18,57,30.4
2006,self_concept,Serbia,塞爾維亞,0.24199,19,57,32.1
2006,self_concept,Luxembourg,盧森堡,0.23746,20,57,33.9
2006,self_concept,Slovenia,斯洛維尼亞,0.22289,21,57,35.7
2006,self_concept,United States,美國,0.20409,22,57,37.5
2006,self_concept,Chile,智利,0.18279,23,57,39.3
2006,self_concept,Indonesia,印尼,0.1628,24,57,41.1
2006,self_concept,Italy,義大利,0.16156,25,57,42.9
2006,self_concept,Russia,俄羅斯,0.16063,26,57,44.6
2006,self_concept,Türkiye,土耳其,0.15332,27,57,46.4
2006,self_concept,Slovak Republic,斯洛伐克,0.14952,28,57,48.2
2006,self_concept,Estonia,愛沙尼亞,0.11076,29,57,50.0
2006,self_concept,Iceland,冰島,0.10247,30,57,51.8
2006,self_concept,Switzerland,瑞士,0.1001,31,57,53.6
2006,self_concept,Austria,奧地利,0.08894,32,57,55.4
2006,self_concept,Liechtenstein,列支敦斯登,0.08792,33,57,57.1
2006,self_concept,Poland,波蘭,0.0826,34,57,58.9
2006,self_concept,Finland,芬蘭,0.06439,35,57,60.7
2006,self_concept,Norway,挪威,0.0525,36,57,62.5
2006,self_concept,Greece,希臘,0.03601,37,57,64.3
2006,self_concept,Latvia,拉脫維亞,0.02697,38,57,66.1
2006,self_concept,United Kingdom,英國,0.02045,39,57,67.9
2006,self_concept,Sweden,瑞典,0.01048,40,57,69.6
2006,self_concept,Spain,西班牙,-0.00825,41,57,71.4
2006,self_concept,Croatia,克羅埃西亞,-0.02558,42,57,73.2
2006,self_concept,Australia,澳洲,-0.03253,43,57,75.0
2006,self_concept,Czechia,捷克,-0.03407,44,57,76.8
2006,self_concept,New Zealand,紐西蘭,-0.05726,45,57,78.6
2006,self_concept,Denmark,丹麥,-0.08192,46,57,80.4
2006,self_concept,France,法國,-0.10895,47,57,82.1
2006,self_concept,Macao (China),澳門,-0.11076,48,57,83.9
2006,self_concept,Ireland,愛爾蘭,-0.12563,49,57,85.7
2006,self_concept,Belgium,比利時,-0.13858,50,57,87.5
2006,self_concept,Hungary,匈牙利,-0.2137,51,57,89.3
2006,self_concept,Lithuania,立陶宛,-0.24083,52,57,91.1
2006,self_concept,Hong Kong (China),香港,-0.25394,53,57,92.9
2006,self_concept,Netherlands,荷蘭,-0.32953,54,57,94.6
2006,self_concept,Chinese Taipei,臺灣,-0.40434,55,57,96.4
2006,self_concept,Korea,韓國,-0.71287,56,57,98.2
2006,self_concept,Japan,日本,-0.87318,57,57,100.0
2006,self_efficacy,Poland,波蘭,0.25898,1,57,0.0
2006,self_efficacy,United States,美國,0.2209,2,57,1.8
2006,self_efficacy,Canada,加拿大,0.2129,3,57,3.6
2006,self_efficacy,Jordan,約旦,0.21265,4,57,5.4
2006,self_efficacy,Portugal,葡萄牙,0.20529,5,57,7.1
2006,self_efficacy,United Kingdom,英國,0.18667,6,57,8.9
2006,self_efficacy,Chinese Taipei,臺灣,0.18043,7,57,10.7
2006,self_efficacy,Czechia,捷克,0.14364,8,57,12.5
2006,self_efficacy,Croatia,克羅埃西亞,0.14209,9,57,14.3
2006,self_efficacy,Iceland,冰島,0.13696,10,57,16.1
2006,self_efficacy,Uruguay,烏拉圭,0.12708,11,57,17.9
2006,self_efficacy,Norway,挪威,0.12369,12,57,19.6
2006,self_efficacy,Australia,澳洲,0.11536,13,57,21.4
2006,self_efficacy,Slovak Republic,斯洛伐克,0.1065,14,57,23.2
2006,self_efficacy,Mexico,墨西哥,0.09371,15,57,25.0
2006,self_efficacy,Colombia,哥倫比亞,0.08854,16,57,26.8
2006,self_efficacy,Thailand,泰國,0.06299,17,57,28.6
2006,self_efficacy,Hong Kong (China),香港,0.06279,18,57,30.4
2006,self_efficacy,Chile,智利,0.06242,19,57,32.1
2006,self_efficacy,Germany,德國,0.0616,20,57,33.9
2006,self_efficacy,Serbia,塞爾維亞,0.05447,21,57,35.7
2006,self_efficacy,Netherlands,荷蘭,0.02882,22,57,37.5
2006,self_efficacy,Estonia,愛沙尼亞,0.02758,23,57,39.3
2006,self_efficacy,Israel,以色列,0.02583,24,57,41.1
2006,self_efficacy,Finland,芬蘭,0.02425,25,57,42.9
2006,self_efficacy,Türkiye,土耳其,0.01623,26,57,44.6
2006,self_efficacy,Ireland,愛爾蘭,0.00964,27,57,46.4
2006,self_efficacy,Lithuania,立陶宛,0.0084,28,57,48.2
2006,self_efficacy,Russia,俄羅斯,-0.00746,29,57,50.0
2006,self_efficacy,Latvia,拉脫維亞,-0.01729,30,57,51.8
2006,self_efficacy,New Zealand,紐西蘭,-0.02083,31,57,53.6
2006,self_efficacy,Montenegro,蒙特內哥羅,-0.0218,32,57,55.4
2006,self_efficacy,Bulgaria,保加利亞,-0.04504,33,57,57.1
2006,self_efficacy,Argentina,阿根廷,-0.049,34,57,58.9
2006,self_efficacy,Brazil,巴西,-0.05223,35,57,60.7
2006,self_efficacy,France,法國,-0.0554,36,57,62.5
2006,self_efficacy,Hungary,匈牙利,-0.05661,37,57,64.3
2006,self_efficacy,Sweden,瑞典,-0.06586,38,57,66.1
2006,self_efficacy,Spain,西班牙,-0.06839,39,57,67.9
2006,self_efficacy,Belgium,比利時,-0.07147,40,57,69.6
2006,self_efficacy,Denmark,丹麥,-0.08104,41,57,71.4
2006,self_efficacy,Qatar,卡達,-0.08955,42,57,73.2
2006,self_efficacy,Slovenia,斯洛維尼亞,-0.10398,43,57,75.0
2006,self_efficacy,Macao (China),澳門,-0.10729,44,57,76.8
2006,self_efficacy,Tunisia,突尼西亞,-0.10736,45,57,78.6
2006,self_efficacy,Austria,奧地利,-0.1088,46,57,80.4
2006,self_efficacy,Liechtenstein,列支敦斯登,-0.11505,47,57,82.1
2006,self_efficacy,Greece,希臘,-0.1263,48,57,83.9
2006,self_efficacy,Luxembourg,盧森堡,-0.13378,49,57,85.7
2006,self_efficacy,Kyrgyzstan,吉爾吉斯,-0.14604,50,57,87.5
2006,self_efficacy,Switzerland,瑞士,-0.19149,51,57,89.3
2006,self_efficacy,Italy,義大利,-0.20289,52,57,91.1
2006,self_efficacy,Korea,韓國,-0.21492,53,57,92.9
2006,self_efficacy,Romania,羅馬尼亞,-0.34579,54,57,94.6
2006,self_efficacy,Azerbaijan,亞塞拜然,-0.45588,55,57,96.4
2006,self_efficacy,Japan,日本,-0.53228,56,57,98.2
2006,self_efficacy,Indonesia,印尼,-0.70021,57,57,100.0
2006,sub_evidence,Finland,芬蘭,567.43173,1,57,0.0
2006,sub_evidence,Japan,日本,544.33883,2,57,1.8
2006,sub_evidence,Hong Kong (China),香港,542.36308,3,57,3.6
2006,sub_evidence,Canada,加拿大,541.54562,4,57,5.4
2006,sub_evidence,Korea,韓國,538.46145,5,57,7.1
2006,sub_evidence,New Zealand,紐西蘭,536.75376,6,57,8.9
2006,sub_evidence,Liechtenstein,列支敦斯登,534.86287,7,57,10.7
2006,sub_evidence,Chinese Taipei,臺灣,531.84247,8,57,12.5
2006,sub_evidence,Australia,澳洲,531.28435,9,57,14.3
2006,sub_evidence,Estonia,愛沙尼亞,530.94957,10,57,16.1
2006,sub_evidence,Netherlands,荷蘭,525.56498,11,57,17.9
2006,sub_evidence,Switzerland,瑞士,518.76568,12,57,19.6
2006,sub_evidence,Slovenia,斯洛維尼亞,516.05164,13,57,21.4
2006,sub_evidence,Belgium,比利時,516.00662,14,57,23.2
2006,sub_evidence,Germany,德國,515.39203,15,57,25.0
2006,sub_evidence,United Kingdom,英國,513.59925,16,57,26.8
2006,sub_evidence,Macao (China),澳門,511.54796,17,57,28.6
2006,sub_evidence,France,法國,511.02517,18,57,30.4
2006,sub_evidence,Ireland,愛爾蘭,505.92747,19,57,32.1
2006,sub_evidence,Austria,奧地利,504.7609,20,57,33.9
2006,sub_evidence,Czechia,捷克,500.52249,21,57,35.7
2006,sub_evidence,Hungary,匈牙利,497.05925,22,57,37.5
2006,sub_evidence,Sweden,瑞典,496.094,23,57,39.3
2006,sub_evidence,Poland,波蘭,493.71051,24,57,41.1
2006,sub_evidence,Luxembourg,盧森堡,491.79482,25,57,42.9
2006,sub_evidence,Iceland,冰島,490.98998,26,57,44.6
2006,sub_evidence,Latvia,拉脫維亞,490.6865,27,57,46.4
2006,sub_evidence,Croatia,克羅埃西亞,490.34768,28,57,48.2
2006,sub_evidence,Denmark,丹麥,488.56967,29,57,50.0
2006,sub_evidence,United States,美國,488.52237,30,57,51.8
2006,sub_evidence,Lithuania,立陶宛,486.5394,31,57,53.6
2006,sub_evidence,Spain,西班牙,484.84661,32,57,55.4
2006,sub_evidence,Russia,俄羅斯,480.84565,33,57,57.1
2006,sub_evidence,Slovak Republic,斯洛伐克,477.59979,34,57,58.9
2006,sub_evidence,Norway,挪威,472.5577,35,57,60.7
2006,sub_evidence,Portugal,葡萄牙,472.2213,36,57,62.5
2006,sub_evidence,Italy,義大利,466.99513,37,57,64.3
2006,sub_evidence,Greece,希臘,465.43669,38,57,66.1
2006,sub_evidence,Israel,以色列,460.27532,39,57,67.9
2006,sub_evidence,Chile,智利,439.6027,40,57,69.6
2006,sub_evidence,Uruguay,烏拉圭,429.0389,41,57,71.4
2006,sub_evidence,Serbia,塞爾維亞,424.87817,42,57,73.2
2006,sub_evidence,Thailand,泰國,423.1302,43,57,75.0
2006,sub_evidence,Türkiye,土耳其,417.20054,44,57,76.8
2006,sub_evidence,Bulgaria,保加利亞,416.71338,45,57,78.6
2006,sub_evidence,Romania,羅馬尼亞,407.4898,46,57,80.4
2006,sub_evidence,Montenegro,蒙特內哥羅,406.62894,47,57,82.1
2006,sub_evidence,Jordan,約旦,404.5404,48,57,83.9
2006,sub_evidence,Mexico,墨西哥,402.23165,49,57,85.7
2006,sub_evidence,Indonesia,印尼,385.66172,50,57,87.5
2006,sub_evidence,Argentina,阿根廷,385.44992,51,57,89.3
2006,sub_evidence,Colombia,哥倫比亞,383.18212,52,57,91.1
2006,sub_evidence,Tunisia,突尼西亞,381.88323,53,57,92.9
2006,sub_evidence,Brazil,巴西,378.13145,54,57,94.6
2006,sub_evidence,Azerbaijan,亞塞拜然,344.26786,55,57,96.4
2006,sub_evidence,Qatar,卡達,323.85369,56,57,98.2
2006,sub_evidence,Kyrgyzstan,吉爾吉斯,287.99206,57,57,100.0
2006,sub_explain,Finland,芬蘭,566.17013,1,57,0.0
2006,sub_explain,Hong Kong (China),香港,549.2516,2,57,1.8
2006,sub_explain,Chinese Taipei,臺灣,545.1757,3,57,3.6
2006,sub_explain,Estonia,愛沙尼亞,540.55354,4,57,5.4
2006,sub_explain,Canada,加拿大,530.89423,5,57,7.1
2006,sub_explain,Czechia,捷克,527.47444,6,57,8.9
2006,sub_explain,Japan,日本,527.29403,7,57,10.7
2006,sub_explain,Slovenia,斯洛維尼亞,522.78311,8,57,12.5
2006,sub_explain,New Zealand,紐西蘭,522.19136,9,57,14.3
2006,sub_explain,Netherlands,荷蘭,521.77637,10,57,16.1
2006,sub_explain,Australia,澳洲,520.23238,11,57,17.9
2006,sub_explain,Macao (China),澳門,519.99456,12,57,19.6
2006,sub_explain,Germany,德國,519.08354,13,57,21.4
2006,sub_explain,Hungary,匈牙利,518.08755,14,57,23.2
2006,sub_explain,United Kingdom,英國,516.63842,15,57,25.0
2006,sub_explain,Austria,奧地利,516.4246,16,57,26.8
2006,sub_explain,Liechtenstein,列支敦斯登,516.15169,17,57,28.6
2006,sub_explain,Korea,韓國,511.64755,18,57,30.4
2006,sub_explain,Sweden,瑞典,509.76761,19,57,32.1
2006,sub_explain,Switzerland,瑞士,507.80536,20,57,33.9
2006,sub_explain,Poland,波蘭,506.00719,21,57,35.7
2006,sub_explain,Ireland,愛爾蘭,505.48676,22,57,37.5
2006,sub_explain,Belgium,比利時,502.66371,23,57,39.3
2006,sub_explain,Denmark,丹麥,501.28532,24,57,41.1
2006,sub_explain,Slovak Republic,斯洛伐克,501.0605,25,57,42.9
2006,sub_explain,Norway,挪威,495.20276,26,57,44.6
2006,sub_explain,Lithuania,立陶宛,494.47827,27,57,46.4
2006,sub_explain,Croatia,克羅埃西亞,492.4517,28,57,48.2
2006,sub_explain,Spain,西班牙,490.306,29,57,50.0
2006,sub_explain,Iceland,冰島,488.12067,30,57,51.8
2006,sub_explain,Latvia,拉脫維亞,486.32512,31,57,53.6
2006,sub_explain,United States,美國,486.08158,32,57,55.4
2006,sub_explain,Russia,俄羅斯,483.26201,33,57,57.1
2006,sub_explain,Luxembourg,盧森堡,483.2323,34,57,58.9
2006,sub_explain,France,法國,481.11661,35,57,60.7
2006,sub_explain,Italy,義大利,479.52998,36,57,62.5
2006,sub_explain,Greece,希臘,476.47083,37,57,64.3
2006,sub_explain,Portugal,葡萄牙,469.3555,38,57,66.1
2006,sub_explain,Bulgaria,保加利亞,444.29493,39,57,67.9
2006,sub_explain,Israel,以色列,443.44955,40,57,69.6
2006,sub_explain,Serbia,塞爾維亞,440.80702,41,57,71.4
2006,sub_explain,Jordan,約旦,437.62979,42,57,73.2
2006,sub_explain,Chile,智利,432.11143,43,57,75.0
2006,sub_explain,Romania,羅馬尼亞,425.7708,44,57,76.8
2006,sub_explain,Türkiye,土耳其,422.99802,45,57,78.6
2006,sub_explain,Uruguay,烏拉圭,422.94608,46,57,80.4
2006,sub_explain,Thailand,泰國,419.86376,47,57,82.1
2006,sub_explain,Montenegro,蒙特內哥羅,416.68305,48,57,83.9
2006,sub_explain,Azerbaijan,亞塞拜然,411.98318,49,57,85.7
2006,sub_explain,Mexico,墨西哥,406.24125,50,57,87.5
2006,sub_explain,Indonesia,印尼,394.57858,51,57,89.3
2006,sub_explain,Brazil,巴西,390.21379,52,57,91.1
2006,sub_explain,Argentina,阿根廷,386.49306,53,57,92.9
2006,sub_explain,Tunisia,突尼西亞,383.3557,54,57,94.6
2006,sub_explain,Colombia,哥倫比亞,379.02375,55,57,96.4
2006,sub_explain,Qatar,卡達,355.95989,56,57,98.2
2006,sub_explain,Kyrgyzstan,吉爾吉斯,333.77772,57,57,100.0
2006,sub_identify,Finland,芬蘭,554.92909,1,57,0.0
2006,sub_identify,New Zealand,紐西蘭,536.22958,2,57,1.8
2006,sub_identify,Australia,澳洲,535.32924,3,57,3.6
2006,sub_identify,Netherlands,荷蘭,532.56549,4,57,5.4
2006,sub_identify,Canada,加拿大,531.86235,5,57,7.1
2006,sub_identify,Hong Kong (China),香港,527.80493,6,57,8.9
2006,sub_identify,Liechtenstein,列支敦斯登,522.28345,7,57,10.7
2006,sub_identify,Japan,日本,522.0513,8,57,12.5
2006,sub_identify,Korea,韓國,519.06865,9,57,14.3
2006,sub_identify,Slovenia,斯洛維尼亞,517.06371,10,57,16.1
2006,sub_identify,Ireland,愛爾蘭,515.91793,11,57,17.9
2006,sub_identify,Estonia,愛沙尼亞,515.64284,12,57,19.6
2006,sub_identify,Belgium,比利時,515.05544,13,57,21.4
2006,sub_identify,Switzerland,瑞士,514.91693,14,57,23.2
2006,sub_identify,United Kingdom,英國,513.76107,15,57,25.0
2006,sub_identify,Germany,德國,509.76647,16,57,26.8
2006,sub_identify,Chinese Taipei,臺灣,508.64525,17,57,28.6
2006,sub_identify,Austria,奧地利,505.09311,18,57,30.4
2006,sub_identify,Czechia,捷克,500.46755,19,57,32.1
2006,sub_identify,France,法國,499.15061,20,57,33.9
2006,sub_identify,Sweden,瑞典,498.61459,21,57,35.7
2006,sub_identify,Iceland,冰島,493.82768,22,57,37.5
2006,sub_identify,Croatia,克羅埃西亞,493.54512,23,57,39.3
2006,sub_identify,Denmark,丹麥,493.30042,24,57,41.1
2006,sub_identify,United States,美國,492.0897,25,57,42.9
2006,sub_identify,Macao (China),澳門,490.06762,26,57,44.6
2006,sub_identify,Norway,挪威,489.098,27,57,46.4
2006,sub_identify,Spain,西班牙,488.84264,28,57,48.2
2006,sub_identify,Latvia,拉脫維亞,488.60756,29,57,50.0
2006,sub_identify,Portugal,葡萄牙,486.46516,30,57,51.8
2006,sub_identify,Poland,波蘭,483.09699,31,57,53.6
2006,sub_identify,Luxembourg,盧森堡,482.84708,32,57,55.4
2006,sub_identify,Hungary,匈牙利,482.67279,33,57,57.1
2006,sub_identify,Lithuania,立陶宛,476.08121,34,57,58.9
2006,sub_identify,Slovak Republic,斯洛伐克,474.97274,35,57,60.7
2006,sub_identify,Italy,義大利,474.19654,36,57,62.5
2006,sub_identify,Greece,希臘,468.76679,37,57,64.3
2006,sub_identify,Russia,俄羅斯,462.91551,38,57,66.1
2006,sub_identify,Israel,以色列,456.9998,39,57,67.9
2006,sub_identify,Chile,智利,444.10107,40,57,69.6
2006,sub_identify,Serbia,塞爾維亞,430.52892,41,57,71.4
2006,sub_identify,Uruguay,烏拉圭,428.67688,42,57,73.2
2006,sub_identify,Türkiye,土耳其,427.49205,43,57,75.0
2006,sub_identify,Bulgaria,保加利亞,427.28526,44,57,76.8
2006,sub_identify,Mexico,墨西哥,421.35303,45,57,78.6
2006,sub_identify,Thailand,泰國,413.21758,46,57,80.4
2006,sub_identify,Romania,羅馬尼亞,409.4946,47,57,82.1
2006,sub_identify,Jordan,約旦,408.8416,48,57,83.9
2006,sub_identify,Colombia,哥倫比亞,402.48427,49,57,85.7
2006,sub_identify,Montenegro,蒙特內哥羅,401.10983,50,57,87.5
2006,sub_identify,Brazil,巴西,398.18122,51,57,89.3
2006,sub_identify,Argentina,阿根廷,395.37213,52,57,91.1
2006,sub_identify,Indonesia,印尼,393.04681,53,57,92.9
2006,sub_identify,Tunisia,突尼西亞,383.78077,54,57,94.6
2006,sub_identify,Azerbaijan,亞塞拜然,352.77075,55,57,96.4
2006,sub_identify,Qatar,卡達,352.41313,56,57,98.2
2006,sub_identify,Kyrgyzstan,吉爾吉斯,321.29425,57,57,100.0
2006,support_enquiry,Thailand,泰國,568.59829,1,57,0.0
2006,support_enquiry,Chile,智利,563.98486,2,57,1.8
2006,support_enquiry,Türkiye,土耳其,562.91761,3,57,3.6
2006,support_enquiry,Jordan,約旦,555.02678,4,57,5.4
2006,support_enquiry,Chinese Taipei,臺灣,545.65015,5,57,7.1
2006,support_enquiry,Colombia,哥倫比亞,545.53748,6,57,8.9
2006,support_enquiry,Azerbaijan,亞塞拜然,541.71218,7,57,10.7
2006,support_enquiry,Lithuania,立陶宛,540.70731,8,57,12.5
2006,support_enquiry,Romania,羅馬尼亞,540.07471,9,57,14.3
2006,support_enquiry,Portugal,葡萄牙,537.8931,10,57,16.1
2006,support_enquiry,Mexico,墨西哥,535.7572,11,57,17.9
2006,support_enquiry,Tunisia,突尼西亞,534.10138,12,57,19.6
2006,support_enquiry,Greece,希臘,532.68354,13,57,21.4
2006,support_enquiry,Spain,西班牙,529.24999,14,57,23.2
2006,support_enquiry,Montenegro,蒙特內哥羅,528.94711,15,57,25.0
2006,support_enquiry,Hong Kong (China),香港,528.86995,16,57,26.8
2006,support_enquiry,Bulgaria,保加利亞,526.81724,17,57,28.6
2006,support_enquiry,Liechtenstein,列支敦斯登,524.11219,18,57,30.4
2006,support_enquiry,Luxembourg,盧森堡,521.57512,19,57,32.1
2006,support_enquiry,Indonesia,印尼,521.24349,20,57,33.9
2006,support_enquiry,Macao (China),澳門,520.78297,21,57,35.7
2006,support_enquiry,Serbia,塞爾維亞,520.24925,22,57,37.5
2006,support_enquiry,Qatar,卡達,519.64326,23,57,39.3
2006,support_enquiry,Brazil,巴西,518.87311,24,57,41.1
2006,support_enquiry,Germany,德國,518.13487,25,57,42.9
2006,support_enquiry,Austria,奧地利,515.04584,26,57,44.6
2006,support_enquiry,Croatia,克羅埃西亞,514.32919,27,57,46.4
2006,support_enquiry,Poland,波蘭,512.91968,28,57,48.2
2006,support_enquiry,Hungary,匈牙利,511.52773,29,57,50.0
2006,support_enquiry,Israel,以色列,511.51862,30,57,51.8
2006,support_enquiry,Italy,義大利,510.78237,31,57,53.6
2006,support_enquiry,Uruguay,烏拉圭,510.46574,32,57,55.4
2006,support_enquiry,Switzerland,瑞士,510.44835,33,57,57.1
2006,support_enquiry,Russia,俄羅斯,508.09058,34,57,58.9
2006,support_enquiry,France,法國,506.71311,35,57,60.7
2006,support_enquiry,Argentina,阿根廷,506.34235,36,57,62.5
2006,support_enquiry,Slovenia,斯洛維尼亞,501.83565,37,57,64.3
2006,support_enquiry,Kyrgyzstan,吉爾吉斯,501.73585,38,57,66.1
2006,support_enquiry,Canada,加拿大,500.60632,39,57,67.9
2006,support_enquiry,Slovak Republic,斯洛伐克,497.08441,40,57,69.6
2006,support_enquiry,Estonia,愛沙尼亞,496.95412,41,57,71.4
2006,support_enquiry,Korea,韓國,495.33302,42,57,73.2
2006,support_enquiry,Latvia,拉脫維亞,493.68154,43,57,75.0
2006,support_enquiry,Belgium,比利時,491.85183,44,57,76.8
2006,support_enquiry,Iceland,冰島,491.00765,45,57,78.6
2006,support_enquiry,United States,美國,490.36726,46,57,80.4
2006,support_enquiry,Australia,澳洲,487.09475,47,57,82.1
2006,support_enquiry,Norway,挪威,485.01247,48,57,83.9
2006,support_enquiry,Czechia,捷克,484.57925,49,57,85.7
2006,support_enquiry,Ireland,愛爾蘭,484.29802,50,57,87.5
2006,support_enquiry,Denmark,丹麥,482.60252,51,57,89.3
2006,support_enquiry,Finland,芬蘭,479.23942,52,57,91.1
2006,support_enquiry,Sweden,瑞典,471.06227,53,57,92.9
2006,support_enquiry,New Zealand,紐西蘭,470.14036,54,57,94.6
2006,support_enquiry,United Kingdom,英國,469.80034,55,57,96.4
2006,support_enquiry,Japan,日本,467.65964,56,57,98.2
2006,support_enquiry,Netherlands,荷蘭,446.65969,57,57,100.0
2015,career_health,Colombia,哥倫比亞,22.4585,1,73,0.0
2015,career_health,Tunisia,突尼西亞,22.19737,2,73,1.4
2015,career_health,Lebanon,黎巴嫩,22.09521,3,73,2.8
2015,career_health,United States,美國,22.08368,4,73,4.2
2015,career_health,Jordan,約旦,21.51757,5,73,5.6
2015,career_health,Dominican Republic,多明尼加,21.10695,6,73,6.9
2015,career_health,Brazil,巴西,20.94626,7,73,8.3
2015,career_health,Costa Rica,哥斯大黎加,20.55683,8,73,9.7
2015,career_health,Canada,加拿大,19.20097,9,73,11.1
2015,career_health,Mexico,墨西哥,19.16339,10,73,12.5
2015,career_health,Qatar,卡達,19.02271,11,73,13.9
2015,career_health,Chile,智利,18.32855,12,73,15.3
2015,career_health,United Arab Emirates,阿聯,17.77544,13,73,16.7
2015,career_health,Kazakhstan,哈薩克,17.00837,14,73,18.1
2015,career_health,Algeria,阿爾及利亞,16.59444,15,73,19.4
2015,career_health,Uruguay,烏拉圭,16.43997,16,73,20.8
2015,career_health,Kosovo,科索沃,16.14979,17,73,22.2
2015,career_health,Israel,以色列,15.81783,18,73,23.6
2015,career_health,Cyprus,賽普勒斯,15.45563,19,73,25.0
2015,career_health,Australia,澳洲,15.36614,20,73,26.4
2015,career_health,North Macedonia,北馬其頓,14.12607,21,73,27.8
2015,career_health,Thailand,泰國,14.04344,22,73,29.2
2015,career_health,Malaysia,馬來西亞,13.97961,23,73,30.6
2015,career_health,Trinidad and Tobago,千里達,13.95046,24,73,31.9
2015,career_health,Ireland,愛爾蘭,13.75912,25,73,33.3
2015,career_health,Portugal,葡萄牙,13.68282,26,73,34.7
2015,career_health,CABA (Argentina),布宜諾斯艾利斯市,13.55216,27,73,36.1
2015,career_health,United Kingdom,英國,13.51477,28,73,37.5
2015,career_health,Viet Nam,越南,13.41783,29,73,38.9
2015,career_health,New Zealand,紐西蘭,13.4112,30,73,40.3
2015,career_health,Spain,西班牙,13.32207,31,73,41.7
2015,career_health,Peru,秘魯,13.0876,32,73,43.1
2015,career_health,Iceland,冰島,13.06486,33,73,44.4
2015,career_health,Hong Kong (China),香港,13.02226,34,73,45.8
2015,career_health,Indonesia,印尼,12.74633,35,73,47.2
2015,career_health,Belgium,比利時,12.41369,36,73,48.6
2015,career_health,Macao (China),澳門,12.35054,37,73,50.0
2015,career_health,Poland,波蘭,12.30289,38,73,51.4
2015,career_health,Slovenia,斯洛維尼亞,12.2886,39,73,52.8
2015,career_health,Argentina,阿根廷,12.20151,40,73,54.2
2015,career_health,Greece,希臘,11.98027,41,73,55.6
2015,career_health,Norway,挪威,11.90428,42,73,56.9
2015,career_health,Türkiye,土耳其,11.76957,43,73,58.3
2015,career_health,Singapore,新加坡,11.7287,44,73,59.7
2015,career_health,Bulgaria,保加利亞,11.70967,45,73,61.1
2015,career_health,Romania,羅馬尼亞,11.49154,46,73,62.5
2015,career_health,Albania,阿爾巴尼亞,11.47619,47,73,63.9
2015,career_health,Moldova,摩爾多瓦,10.91038,48,73,65.3
2015,career_health,Croatia,克羅埃西亞,10.8498,49,73,66.7
2015,career_health,Finland,芬蘭,10.75808,50,73,68.1
2015,career_health,Lithuania,立陶宛,10.39492,51,73,69.4
2015,career_health,Malta,馬爾他,10.26298,52,73,70.8
2015,career_health,Georgia,喬治亞,10.25846,53,73,72.2
2015,career_health,Italy,義大利,10.10393,54,73,73.6
2015,career_health,Montenegro,蒙特內哥羅,9.97839,55,73,75.0
2015,career_health,Japan,日本,9.89288,56,73,76.4
2015,career_health,Russia,俄羅斯,9.83503,57,73,77.8
2015,career_health,Slovak Republic,斯洛伐克,9.46507,58,73,79.2
2015,career_health,Latvia,拉脫維亞,9.3912,59,73,80.6
2015,career_health,France,法國,9.29104,60,73,81.9
2015,career_health,Denmark,丹麥,8.90652,61,73,83.3
2015,career_health,Sweden,瑞典,8.79518,62,73,84.7
2015,career_health,Luxembourg,盧森堡,8.37317,63,73,86.1
2015,career_health,Korea,韓國,8.33737,64,73,87.5
2015,career_health,Austria,奧地利,8.29185,65,73,88.9
2015,career_health,Estonia,愛沙尼亞,8.14826,66,73,90.3
2015,career_health,Switzerland,瑞士,7.87654,67,73,91.7
2015,career_health,Netherlands,荷蘭,7.84221,68,73,93.1
2015,career_health,B-S-J-Z (China),中國四省市,7.50801,69,73,94.4
2015,career_health,Czechia,捷克,7.29252,70,73,95.8
2015,career_health,Chinese Taipei,臺灣,7.18238,71,73,97.2
2015,career_health,Hungary,匈牙利,5.44285,72,73,98.6
2015,career_health,Germany,德國,4.56371,73,73,100.0
2015,career_ict,Bulgaria,保加利亞,8.34674,1,73,0.0
2015,career_ict,Estonia,愛沙尼亞,8.08779,2,73,1.4
2015,career_ict,Moldova,摩爾多瓦,5.07808,3,73,2.8
2015,career_ict,Romania,羅馬尼亞,5.06437,4,73,4.2
2015,career_ict,Malta,馬爾他,5.03705,5,73,5.6
2015,career_ict,Lithuania,立陶宛,4.87227,6,73,6.9
2015,career_ict,Hungary,匈牙利,4.32199,7,73,8.3
2015,career_ict,Iceland,冰島,4.06986,8,73,9.7
2015,career_ict,Russia,俄羅斯,4.05395,9,73,11.1
2015,career_ict,Colombia,哥倫比亞,4.00593,10,73,12.5
2015,career_ict,Cyprus,賽普勒斯,4.00023,11,73,13.9
2015,career_ict,Latvia,拉脫維亞,3.87592,12,73,15.3
2015,career_ict,North Macedonia,北馬其頓,3.84346,13,73,16.7
2015,career_ict,Peru,秘魯,3.68722,14,73,18.1
2015,career_ict,Costa Rica,哥斯大黎加,3.63427,15,73,19.4
2015,career_ict,Spain,西班牙,3.60286,16,73,20.8
2015,career_ict,Ireland,愛爾蘭,3.39685,17,73,22.2
2015,career_ict,Chinese Taipei,臺灣,3.39542,18,73,23.6
2015,career_ict,Czechia,捷克,3.23963,19,73,25.0
2015,career_ict,Austria,奧地利,3.09581,20,73,26.4
2015,career_ict,Croatia,克羅埃西亞,3.04665,21,73,27.8
2015,career_ict,Greece,希臘,3.02177,22,73,29.2
2015,career_ict,Belgium,比利時,3.00006,23,73,30.6
2015,career_ict,Luxembourg,盧森堡,2.92733,24,73,31.9
2015,career_ict,Slovenia,斯洛維尼亞,2.88203,25,73,33.3
2015,career_ict,Slovak Republic,斯洛伐克,2.83923,26,73,34.7
2015,career_ict,Israel,以色列,2.78977,27,73,36.1
2015,career_ict,Germany,德國,2.77971,28,73,37.5
2015,career_ict,France,法國,2.77439,29,73,38.9
2015,career_ict,Georgia,喬治亞,2.71779,30,73,40.3
2015,career_ict,Sweden,瑞典,2.69303,31,73,41.7
2015,career_ict,United Kingdom,英國,2.61976,32,73,43.1
2015,career_ict,Macao (China),澳門,2.56649,33,73,44.4
2015,career_ict,Australia,澳洲,2.55732,34,73,45.8
2015,career_ict,Korea,韓國,2.46956,35,73,47.2
2015,career_ict,New Zealand,紐西蘭,2.46522,36,73,48.6
2015,career_ict,Japan,日本,2.41633,37,73,50.0
2015,career_ict,Switzerland,瑞士,2.39859,38,73,51.4
2015,career_ict,Mexico,墨西哥,2.28474,39,73,52.8
2015,career_ict,B-S-J-Z (China),中國四省市,2.14972,40,73,54.2
2015,career_ict,United States,美國,2.13113,41,73,55.6
2015,career_ict,Montenegro,蒙特內哥羅,2.11965,42,73,56.9
2015,career_ict,Dominican Republic,多明尼加,2.11564,43,73,58.3
2015,career_ict,Uruguay,烏拉圭,2.03225,44,73,59.7
2015,career_ict,Canada,加拿大,2.01967,45,73,61.1
2015,career_ict,Kazakhstan,哈薩克,1.85995,46,73,62.5
2015,career_ict,Netherlands,荷蘭,1.77187,47,73,63.9
2015,career_ict,Hong Kong (China),香港,1.73038,48,73,65.3
2015,career_ict,Finland,芬蘭,1.68648,49,73,66.7
2015,career_ict,Singapore,新加坡,1.68035,50,73,68.1
2015,career_ict,CABA (Argentina),布宜諾斯艾利斯市,1.6202,51,73,69.4
2015,career_ict,Italy,義大利,1.61134,52,73,70.8
2015,career_ict,Portugal,葡萄牙,1.58291,53,73,72.2
2015,career_ict,Tunisia,突尼西亞,1.45802,54,73,73.6
2015,career_ict,Trinidad and Tobago,千里達,1.43266,55,73,75.0
2015,career_ict,United Arab Emirates,阿聯,1.41164,56,73,76.4
2015,career_ict,Thailand,泰國,1.38888,57,73,77.8
2015,career_ict,Albania,阿爾巴尼亞,1.3812,58,73,79.2
2015,career_ict,Qatar,卡達,1.37987,59,73,80.6
2015,career_ict,Poland,波蘭,1.3593,60,73,81.9
2015,career_ict,Malaysia,馬來西亞,1.3266,61,73,83.3
2015,career_ict,Denmark,丹麥,1.27052,62,73,84.7
2015,career_ict,Norway,挪威,1.11885,63,73,86.1
2015,career_ict,Brazil,巴西,1.10655,64,73,87.5
2015,career_ict,Viet Nam,越南,1.00373,65,73,88.9
2015,career_ict,Argentina,阿根廷,0.72544,66,73,90.3
2015,career_ict,Kosovo,科索沃,0.67493,67,73,91.7
2015,career_ict,Indonesia,印尼,0.61848,68,73,93.1
2015,career_ict,Lebanon,黎巴嫩,0.5513,69,73,94.4
2015,career_ict,Chile,智利,0.42697,70,73,95.8
2015,career_ict,Türkiye,土耳其,0.36362,71,73,97.2
2015,career_ict,Jordan,約旦,0.20927,72,73,98.6
2015,career_ict,Algeria,阿爾及利亞,0.20167,73,73,100.0
2015,career_sci,Dominican Republic,多明尼加,45.72457,1,73,0.0
2015,career_sci,Costa Rica,哥斯大黎加,43.98309,2,73,1.4
2015,career_sci,Jordan,約旦,43.72992,3,73,2.8
2015,career_sci,United Arab Emirates,阿聯,41.27316,4,73,4.2
2015,career_sci,Mexico,墨西哥,40.67622,5,73,5.6
2015,career_sci,Colombia,哥倫比亞,39.71812,6,73,6.9
2015,career_sci,Lebanon,黎巴嫩,39.65339,7,73,8.3
2015,career_sci,Brazil,巴西,38.75228,8,73,9.7
2015,career_sci,Peru,秘魯,38.65506,9,73,11.1
2015,career_sci,Qatar,卡達,38.04657,10,73,12.5
2015,career_sci,United States,美國,37.99071,11,73,13.9
2015,career_sci,Chile,智利,37.94707,12,73,15.3
2015,career_sci,Tunisia,突尼西亞,34.36674,13,73,16.7
2015,career_sci,Canada,加拿大,33.86596,14,73,18.1
2015,career_sci,Slovenia,斯洛維尼亞,30.84739,15,73,19.4
2015,career_sci,Cyprus,賽普勒斯,29.89536,16,73,20.8
2015,career_sci,Türkiye,土耳其,29.69335,17,73,22.2
2015,career_sci,Australia,澳洲,29.23982,18,73,23.6
2015,career_sci,United Kingdom,英國,29.14214,19,73,25.0
2015,career_sci,Malaysia,馬來西亞,29.04675,20,73,26.4
2015,career_sci,Kazakhstan,哈薩克,28.94117,21,73,27.8
2015,career_sci,Spain,西班牙,28.63848,22,73,29.2
2015,career_sci,Norway,挪威,28.6355,23,73,30.6
2015,career_sci,Uruguay,烏拉圭,28.0759,24,73,31.9
2015,career_sci,Singapore,新加坡,27.98798,25,73,33.3
2015,career_sci,Trinidad and Tobago,千里達,27.84657,26,73,34.7
2015,career_sci,Israel,以色列,27.83784,27,73,36.1
2015,career_sci,CABA (Argentina),布宜諾斯艾利斯市,27.77758,28,73,37.5
2015,career_sci,Portugal,葡萄牙,27.48365,29,73,38.9
2015,career_sci,Bulgaria,保加利亞,27.47282,30,73,40.3
2015,career_sci,Ireland,愛爾蘭,27.27882,31,73,41.7
2015,career_sci,Kosovo,科索沃,26.39324,32,73,43.1
2015,career_sci,Algeria,阿爾及利亞,25.96411,33,73,44.4
2015,career_sci,Malta,馬爾他,25.36189,34,73,45.8
2015,career_sci,Greece,希臘,25.34752,35,73,47.2
2015,career_sci,New Zealand,紐西蘭,24.80091,36,73,48.6
2015,career_sci,Albania,阿爾巴尼亞,24.78661,37,73,50.0
2015,career_sci,Estonia,愛沙尼亞,24.70342,38,73,51.4
2015,career_sci,Belgium,比利時,24.45186,39,73,52.8
2015,career_sci,North Macedonia,北馬其頓,24.17249,40,73,54.2
2015,career_sci,Croatia,克羅埃西亞,24.15546,41,73,55.6
2015,career_sci,Lithuania,立陶宛,23.92597,42,73,56.9
2015,career_sci,Iceland,冰島,23.82367,43,73,58.3
2015,career_sci,Argentina,阿根廷,23.60861,44,73,59.7
2015,career_sci,Hong Kong (China),香港,23.58281,45,73,61.1
2015,career_sci,Russia,俄羅斯,23.50398,46,73,62.5
2015,career_sci,Romania,羅馬尼亞,23.14749,47,73,63.9
2015,career_sci,Italy,義大利,22.59529,48,73,65.3
2015,career_sci,Austria,奧地利,22.33984,49,73,66.7
2015,career_sci,Moldova,摩爾多瓦,21.95091,50,73,68.1
2015,career_sci,Latvia,拉脫維亞,21.26217,51,73,69.4
2015,career_sci,Montenegro,蒙特內哥羅,21.20166,52,73,70.8
2015,career_sci,France,法國,21.16931,53,73,72.2
2015,career_sci,Luxembourg,盧森堡,21.11073,54,73,73.6
2015,career_sci,Poland,波蘭,20.99185,55,73,75.0
2015,career_sci,Chinese Taipei,臺灣,20.89637,56,73,76.4
2015,career_sci,Macao (China),澳門,20.82474,57,73,77.8
2015,career_sci,Sweden,瑞典,20.18328,58,73,79.2
2015,career_sci,Thailand,泰國,19.66462,59,73,80.6
2015,career_sci,Viet Nam,越南,19.60659,60,73,81.9
2015,career_sci,Switzerland,瑞士,19.49188,61,73,83.3
2015,career_sci,Korea,韓國,19.32129,62,73,84.7
2015,career_sci,Hungary,匈牙利,18.33879,63,73,86.1
2015,career_sci,Slovak Republic,斯洛伐克,18.31519,64,73,87.5
2015,career_sci,Japan,日本,18.02004,65,73,88.9
2015,career_sci,Finland,芬蘭,17.01784,66,73,90.3
2015,career_sci,Georgia,喬治亞,17.00642,67,73,91.7
2015,career_sci,Czechia,捷克,16.85116,68,73,93.1
2015,career_sci,B-S-J-Z (China),中國四省市,16.81227,69,73,94.4
2015,career_sci,Netherlands,荷蘭,16.31661,70,73,95.8
2015,career_sci,Indonesia,印尼,15.33697,71,73,97.2
2015,career_sci,Germany,德國,15.32712,72,73,98.6
2015,career_sci,Denmark,丹麥,14.7856,73,73,100.0
2015,career_sci_eng,Dominican Republic,多明尼加,21.53532,1,73,0.0
2015,career_sci_eng,Peru,秘魯,21.39266,2,73,1.4
2015,career_sci_eng,United Arab Emirates,阿聯,21.37063,3,73,2.8
2015,career_sci_eng,Jordan,約旦,21.10379,4,73,4.2
2015,career_sci_eng,Mexico,墨西哥,18.25215,5,73,5.6
2015,career_sci_eng,Chile,智利,17.77719,6,73,6.9
2015,career_sci_eng,Costa Rica,哥斯大黎加,17.42567,7,73,8.3
2015,career_sci_eng,Türkiye,土耳其,17.08659,8,73,9.7
2015,career_sci_eng,Qatar,卡達,16.78453,9,73,11.1
2015,career_sci_eng,Lebanon,黎巴嫩,16.53515,10,73,12.5
2015,career_sci_eng,Brazil,巴西,16.3339,11,73,13.9
2015,career_sci_eng,Singapore,新加坡,14.06005,12,73,15.3
2015,career_sci_eng,Malaysia,馬來西亞,13.17957,13,73,16.7
2015,career_sci_eng,United States,美國,13.04134,14,73,18.1
2015,career_sci_eng,United Kingdom,英國,12.73949,15,73,19.4
2015,career_sci_eng,CABA (Argentina),布宜諾斯艾利斯市,12.24698,16,73,20.8
2015,career_sci_eng,Trinidad and Tobago,千里達,12.15935,17,73,22.2
2015,career_sci_eng,Colombia,哥倫比亞,12.15037,18,73,23.6
2015,career_sci_eng,Canada,加拿大,12.05324,19,73,25.0
2015,career_sci_eng,Portugal,葡萄牙,11.8379,20,73,26.4
2015,career_sci_eng,Norway,挪威,11.3451,21,73,27.8
2015,career_sci_eng,Spain,西班牙,11.07609,22,73,29.2
2015,career_sci_eng,Albania,阿爾巴尼亞,10.91934,23,73,30.6
2015,career_sci_eng,Tunisia,突尼西亞,10.61865,24,73,31.9
2015,career_sci_eng,Cyprus,賽普勒斯,10.2037,25,73,33.3
2015,career_sci_eng,Australia,澳洲,9.98883,26,73,34.7
2015,career_sci_eng,Argentina,阿根廷,9.80985,27,73,36.1
2015,career_sci_eng,Greece,希臘,9.44879,28,73,37.5
2015,career_sci_eng,Kosovo,科索沃,9.20958,29,73,38.9
2015,career_sci_eng,Malta,馬爾他,9.08669,30,73,40.3
2015,career_sci_eng,Italy,義大利,9.01374,31,73,41.7
2015,career_sci_eng,Austria,奧地利,8.97238,32,73,43.1
2015,career_sci_eng,Algeria,阿爾及利亞,8.94973,33,73,44.4
2015,career_sci_eng,Uruguay,烏拉圭,8.89204,34,73,45.8
2015,career_sci_eng,Ireland,愛爾蘭,8.79193,35,73,47.2
2015,career_sci_eng,Israel,以色列,8.77844,36,73,48.6
2015,career_sci_eng,Belgium,比利時,8.58832,37,73,50.0
2015,career_sci_eng,Hong Kong (China),香港,8.53425,38,73,51.4
2015,career_sci_eng,Luxembourg,盧森堡,8.45795,39,73,52.8
2015,career_sci_eng,Kazakhstan,哈薩克,8.33866,40,73,54.2
2015,career_sci_eng,Lithuania,立陶宛,8.32324,41,73,55.6
2015,career_sci_eng,Russia,俄羅斯,8.31696,42,73,56.9
2015,career_sci_eng,New Zealand,紐西蘭,8.30606,43,73,58.3
2015,career_sci_eng,France,法國,8.18175,44,73,59.7
2015,career_sci_eng,Chinese Taipei,臺灣,7.89336,45,73,61.1
2015,career_sci_eng,Estonia,愛沙尼亞,7.677,46,73,62.5
2015,career_sci_eng,Hungary,匈牙利,7.51566,47,73,63.9
2015,career_sci_eng,Latvia,拉脫維亞,7.21165,48,73,65.3
2015,career_sci_eng,Slovenia,斯洛維尼亞,7.17504,49,73,66.7
2015,career_sci_eng,Montenegro,蒙特內哥羅,6.85349,50,73,68.1
2015,career_sci_eng,Germany,德國,6.77727,51,73,69.4
2015,career_sci_eng,B-S-J-Z (China),中國四省市,6.72118,52,73,70.8
2015,career_sci_eng,Iceland,冰島,6.60393,53,73,72.2
2015,career_sci_eng,Poland,波蘭,6.35275,54,73,73.6
2015,career_sci_eng,Korea,韓國,6.2542,55,73,75.0
2015,career_sci_eng,Switzerland,瑞士,6.1958,56,73,76.4
2015,career_sci_eng,Croatia,克羅埃西亞,6.16192,57,73,77.8
2015,career_sci_eng,Romania,羅馬尼亞,6.049,58,73,79.2
2015,career_sci_eng,Sweden,瑞典,5.61207,59,73,80.6
2015,career_sci_eng,Bulgaria,保加利亞,5.42242,60,73,81.9
2015,career_sci_eng,Macao (China),澳門,5.4139,61,73,83.3
2015,career_sci_eng,Moldova,摩爾多瓦,5.40844,62,73,84.7
2015,career_sci_eng,Netherlands,荷蘭,5.311,63,73,86.1
2015,career_sci_eng,Japan,日本,4.81839,64,73,87.5
2015,career_sci_eng,Viet Nam,越南,4.81221,65,73,88.9
2015,career_sci_eng,North Macedonia,北馬其頓,4.22801,66,73,90.3
2015,career_sci_eng,Czechia,捷克,4.06852,67,73,91.7
2015,career_sci_eng,Thailand,泰國,3.98347,68,73,93.1
2015,career_sci_eng,Georgia,喬治亞,3.95954,69,73,94.4
2015,career_sci_eng,Denmark,丹麥,3.9548,70,73,95.8
2015,career_sci_eng,Finland,芬蘭,3.86079,71,73,97.2
2015,career_sci_eng,Slovak Republic,斯洛伐克,3.67677,72,73,98.6
2015,career_sci_eng,Indonesia,印尼,1.85131,73,73,100.0
2015,career_vague,Malaysia,馬來西亞,3.97919,1,73,0.0
2015,career_vague,Türkiye,土耳其,6.07527,2,73,1.4
2015,career_vague,Mexico,墨西哥,6.18751,3,73,2.8
2015,career_vague,Jordan,約旦,6.19268,4,73,4.2
2015,career_vague,Moldova,摩爾多瓦,6.57542,5,73,5.6
2015,career_vague,Kosovo,科索沃,7.28197,6,73,6.9
2015,career_vague,Peru,秘魯,7.44657,7,73,8.3
2015,career_vague,Korea,韓國,7.49998,8,73,9.7
2015,career_vague,Colombia,哥倫比亞,8.36847,9,73,11.1
2015,career_vague,Macao (China),澳門,10.19563,10,73,12.5
2015,career_vague,United Arab Emirates,阿聯,10.61958,11,73,13.9
2015,career_vague,Spain,西班牙,10.80618,12,73,15.3
2015,career_vague,Malta,馬爾他,10.80881,13,73,16.7
2015,career_vague,Cyprus,賽普勒斯,10.85144,14,73,18.1
2015,career_vague,Costa Rica,哥斯大黎加,11.32297,15,73,19.4
2015,career_vague,Greece,希臘,11.59616,16,73,20.8
2015,career_vague,Dominican Republic,多明尼加,11.81849,17,73,22.2
2015,career_vague,Algeria,阿爾及利亞,12.17233,18,73,23.6
2015,career_vague,Argentina,阿根廷,12.35334,19,73,25.0
2015,career_vague,Trinidad and Tobago,千里達,12.88658,20,73,26.4
2015,career_vague,Ireland,愛爾蘭,13.06746,21,73,27.8
2015,career_vague,United States,美國,13.11983,22,73,29.2
2015,career_vague,Viet Nam,越南,13.13372,23,73,30.6
2015,career_vague,Poland,波蘭,13.35656,24,73,31.9
2015,career_vague,Singapore,新加坡,14.10923,25,73,33.3
2015,career_vague,Kazakhstan,哈薩克,14.3266,26,73,34.7
2015,career_vague,Lebanon,黎巴嫩,14.84873,27,73,36.1
2015,career_vague,Australia,澳洲,15.39348,28,73,37.5
2015,career_vague,Estonia,愛沙尼亞,15.39632,29,73,38.9
2015,career_vague,Belgium,比利時,15.55452,30,73,40.3
2015,career_vague,Slovenia,斯洛維尼亞,16.1218,31,73,41.7
2015,career_vague,Croatia,克羅埃西亞,16.57369,32,73,43.1
2015,career_vague,Uruguay,烏拉圭,17.01437,33,73,44.4
2015,career_vague,Italy,義大利,17.39773,34,73,45.8
2015,career_vague,United Kingdom,英國,17.45636,35,73,47.2
2015,career_vague,Montenegro,蒙特內哥羅,17.75577,36,73,48.6
2015,career_vague,Portugal,葡萄牙,17.97456,37,73,50.0
2015,career_vague,Luxembourg,盧森堡,18.0346,38,73,51.4
2015,career_vague,Chile,智利,18.13425,39,73,52.8
2015,career_vague,Japan,日本,18.32534,40,73,54.2
2015,career_vague,Latvia,拉脫維亞,18.64538,41,73,55.6
2015,career_vague,Qatar,卡達,18.70924,42,73,56.9
2015,career_vague,Brazil,巴西,18.85404,43,73,58.3
2015,career_vague,Netherlands,荷蘭,18.91881,44,73,59.7
2015,career_vague,CABA (Argentina),布宜諾斯艾利斯市,19.0244,45,73,61.1
2015,career_vague,Tunisia,突尼西亞,19.27879,46,73,62.5
2015,career_vague,Indonesia,印尼,19.39895,47,73,63.9
2015,career_vague,Russia,俄羅斯,19.43338,48,73,65.3
2015,career_vague,Hong Kong (China),香港,19.80573,49,73,66.7
2015,career_vague,Romania,羅馬尼亞,20.02817,50,73,68.1
2015,career_vague,North Macedonia,北馬其頓,20.0606,51,73,69.4
2015,career_vague,France,法國,20.56888,52,73,70.8
2015,career_vague,Canada,加拿大,20.75178,53,73,72.2
2015,career_vague,Chinese Taipei,臺灣,20.80364,54,73,73.6
2015,career_vague,Norway,挪威,21.03321,55,73,75.0
2015,career_vague,Sweden,瑞典,21.18577,56,73,76.4
2015,career_vague,Lithuania,立陶宛,21.3525,57,73,77.8
2015,career_vague,Iceland,冰島,21.76489,58,73,79.2
2015,career_vague,Hungary,匈牙利,21.93365,59,73,80.6
2015,career_vague,Switzerland,瑞士,22.00408,60,73,81.9
2015,career_vague,Czechia,捷克,22.10635,61,73,83.3
2015,career_vague,Austria,奧地利,22.54597,62,73,84.7
2015,career_vague,Slovak Republic,斯洛伐克,23.63878,63,73,86.1
2015,career_vague,New Zealand,紐西蘭,24.13439,64,73,87.5
2015,career_vague,Finland,芬蘭,24.45282,65,73,88.9
2015,career_vague,Israel,以色列,24.72776,66,73,90.3
2015,career_vague,Bulgaria,保加利亞,25.12478,67,73,91.7
2015,career_vague,Thailand,泰國,26.58375,68,73,93.1
2015,career_vague,Georgia,喬治亞,26.75207,69,73,94.4
2015,career_vague,Albania,阿爾巴尼亞,29.15437,70,73,95.8
2015,career_vague,B-S-J-Z (China),中國四省市,31.45627,71,73,97.2
2015,career_vague,Germany,德國,32.93518,72,73,98.6
2015,career_vague,Denmark,丹麥,48.3261,73,73,100.0
2015,enjoyment,Kosovo,科索沃,0.92221,1,73,0.0
2015,enjoyment,Kazakhstan,哈薩克,0.85499,2,73,1.4
2015,enjoyment,Albania,阿爾巴尼亞,0.71988,3,73,2.8
2015,enjoyment,Indonesia,印尼,0.64971,4,73,4.2
2015,enjoyment,Viet Nam,越南,0.64604,5,73,5.6
2015,enjoyment,Singapore,新加坡,0.59371,6,73,6.9
2015,enjoyment,Dominican Republic,多明尼加,0.54128,7,73,8.3
2015,enjoyment,Jordan,約旦,0.52568,8,73,9.7
2015,enjoyment,Tunisia,突尼西亞,0.51908,9,73,11.1
2015,enjoyment,Malaysia,馬來西亞,0.5151,10,73,12.5
2015,enjoyment,North Macedonia,北馬其頓,0.48041,11,73,13.9
2015,enjoyment,United Arab Emirates,阿聯,0.47341,12,73,15.3
2015,enjoyment,Algeria,阿爾及利亞,0.46216,13,73,16.7
2015,enjoyment,Mexico,墨西哥,0.42352,14,73,18.1
2015,enjoyment,Thailand,泰國,0.41657,15,73,19.4
2015,enjoyment,Canada,加拿大,0.40057,16,73,20.8
2015,enjoyment,Peru,秘魯,0.39998,17,73,22.2
2015,enjoyment,Lebanon,黎巴嫩,0.37844,18,73,23.6
2015,enjoyment,B-S-J-Z (China),中國四省市,0.36975,19,73,25.0
2015,enjoyment,Lithuania,立陶宛,0.36403,20,73,26.4
2015,enjoyment,Qatar,卡達,0.36255,21,73,27.8
2015,enjoyment,Costa Rica,哥斯大黎加,0.34779,22,73,29.2
2015,enjoyment,Georgia,喬治亞,0.33697,23,73,30.6
2015,enjoyment,Moldova,摩爾多瓦,0.33103,24,73,31.9
2015,enjoyment,Colombia,哥倫比亞,0.32198,25,73,33.3
2015,enjoyment,Portugal,葡萄牙,0.31631,26,73,34.7
2015,enjoyment,Bulgaria,保加利亞,0.2767,27,73,36.1
2015,enjoyment,Hong Kong (China),香港,0.27591,28,73,37.5
2015,enjoyment,United States,美國,0.22843,29,73,38.9
2015,enjoyment,Brazil,巴西,0.22579,30,73,40.3
2015,enjoyment,Macao (China),澳門,0.20499,31,73,41.7
2015,enjoyment,Ireland,愛爾蘭,0.1987,32,73,43.1
2015,enjoyment,New Zealand,紐西蘭,0.19545,33,73,44.4
2015,enjoyment,Trinidad and Tobago,千里達,0.18888,34,73,45.8
2015,enjoyment,Malta,馬爾他,0.17543,35,73,47.2
2015,enjoyment,Estonia,愛沙尼亞,0.16135,36,73,48.6
2015,enjoyment,Iceland,冰島,0.15273,37,73,50.0
2015,enjoyment,Türkiye,土耳其,0.15025,38,73,51.4
2015,enjoyment,Cyprus,賽普勒斯,0.14819,39,73,52.8
2015,enjoyment,United Kingdom,英國,0.1459,40,73,54.2
2015,enjoyment,Greece,希臘,0.13142,41,73,55.6
2015,enjoyment,Australia,澳洲,0.11848,42,73,56.9
2015,enjoyment,Denmark,丹麥,0.11771,43,73,58.3
2015,enjoyment,Norway,挪威,0.11588,44,73,59.7
2015,enjoyment,Luxembourg,盧森堡,0.0991,45,73,61.1
2015,enjoyment,Israel,以色列,0.09492,46,73,62.5
2015,enjoyment,Latvia,拉脫維亞,0.09245,47,73,63.9
2015,enjoyment,Montenegro,蒙特內哥羅,0.08681,48,73,65.3
2015,enjoyment,Sweden,瑞典,0.07871,49,73,66.7
2015,enjoyment,Chile,智利,0.07602,50,73,68.1
2015,enjoyment,Spain,西班牙,0.03149,51,73,69.4
2015,enjoyment,Poland,波蘭,0.01722,52,73,70.8
2015,enjoyment,Russia,俄羅斯,0.00481,53,73,72.2
2015,enjoyment,Italy,義大利,-0.00309,54,73,73.6
2015,enjoyment,Switzerland,瑞士,-0.01687,55,73,75.0
2015,enjoyment,Romania,羅馬尼亞,-0.026,56,73,76.4
2015,enjoyment,Belgium,比利時,-0.02953,57,73,77.8
2015,enjoyment,France,法國,-0.03073,58,73,79.2
2015,enjoyment,Chinese Taipei,臺灣,-0.06414,59,73,80.6
2015,enjoyment,Finland,芬蘭,-0.07488,60,73,81.9
2015,enjoyment,Argentina,阿根廷,-0.08947,61,73,83.3
2015,enjoyment,Uruguay,烏拉圭,-0.09536,62,73,84.7
2015,enjoyment,Croatia,克羅埃西亞,-0.10882,63,73,86.1
2015,enjoyment,Korea,韓國,-0.13614,64,73,87.5
2015,enjoyment,Germany,德國,-0.17573,65,73,88.9
2015,enjoyment,CABA (Argentina),布宜諾斯艾利斯市,-0.19611,66,73,90.3
2015,enjoyment,Hungary,匈牙利,-0.22539,67,73,91.7
2015,enjoyment,Slovak Republic,斯洛伐克,-0.24375,68,73,93.1
2015,enjoyment,Austria,奧地利,-0.32085,69,73,94.4
2015,enjoyment,Japan,日本,-0.33029,70,73,95.8
2015,enjoyment,Czechia,捷克,-0.33579,71,73,97.2
2015,enjoyment,Slovenia,斯洛維尼亞,-0.36454,72,73,98.6
2015,enjoyment,Netherlands,荷蘭,-0.5199,73,73,100.0
2015,epistemic,Chinese Taipei,臺灣,0.30709,1,73,0.0
2015,epistemic,Canada,加拿大,0.29704,2,73,1.4
2015,epistemic,Iceland,冰島,0.29265,3,73,2.8
2015,epistemic,Portugal,葡萄牙,0.27862,4,73,4.2
2015,epistemic,Australia,澳洲,0.26216,5,73,5.6
2015,epistemic,United States,美國,0.25016,6,73,6.9
2015,epistemic,Singapore,新加坡,0.22484,7,73,8.3
2015,epistemic,United Kingdom,英國,0.2227,8,73,9.7
2015,epistemic,New Zealand,紐西蘭,0.22172,9,73,11.1
2015,epistemic,Ireland,愛爾蘭,0.20862,10,73,12.5
2015,epistemic,Israel,以色列,0.17935,11,73,13.9
2015,epistemic,Denmark,丹麥,0.16713,12,73,15.3
2015,epistemic,Sweden,瑞典,0.13584,13,73,16.7
2015,epistemic,Lithuania,立陶宛,0.11244,14,73,18.1
2015,epistemic,Spain,西班牙,0.109,15,73,19.4
2015,epistemic,CABA (Argentina),布宜諾斯艾利斯市,0.09439,16,73,20.8
2015,epistemic,Malta,馬爾他,0.09171,17,73,22.2
2015,epistemic,Slovenia,斯洛維尼亞,0.07272,18,73,23.6
2015,epistemic,Malaysia,馬來西亞,0.05798,19,73,25.0
2015,epistemic,Georgia,喬治亞,0.0515,20,73,26.4
2015,epistemic,United Arab Emirates,阿聯,0.04307,21,73,27.8
2015,epistemic,Hong Kong (China),香港,0.04028,22,73,29.2
2015,epistemic,Croatia,克羅埃西亞,0.02959,23,73,30.6
2015,epistemic,Kosovo,科索沃,0.02607,24,73,31.9
2015,epistemic,Korea,韓國,0.02239,25,73,33.3
2015,epistemic,Estonia,愛沙尼亞,0.01066,26,73,34.7
2015,epistemic,France,法國,0.00912,27,73,36.1
2015,epistemic,Belgium,比利時,-0.00152,28,73,37.5
2015,epistemic,Norway,挪威,-0.00506,29,73,38.9
2015,epistemic,Trinidad and Tobago,千里達,-0.01534,30,73,40.3
2015,epistemic,Albania,阿爾巴尼亞,-0.03138,31,73,41.7
2015,epistemic,Kazakhstan,哈薩克,-0.04268,32,73,43.1
2015,epistemic,Japan,日本,-0.06024,33,73,44.4
2015,epistemic,Macao (China),澳門,-0.06266,34,73,45.8
2015,epistemic,Thailand,泰國,-0.06536,35,73,47.2
2015,epistemic,Brazil,巴西,-0.06877,36,73,48.6
2015,epistemic,Switzerland,瑞士,-0.07179,37,73,50.0
2015,epistemic,Finland,芬蘭,-0.07211,38,73,51.4
2015,epistemic,B-S-J-Z (China),中國四省市,-0.08093,39,73,52.8
2015,epistemic,Poland,波蘭,-0.08123,40,73,54.2
2015,epistemic,Qatar,卡達,-0.09713,41,73,55.6
2015,epistemic,Dominican Republic,多明尼加,-0.10159,42,73,56.9
2015,epistemic,Italy,義大利,-0.10454,43,73,58.3
2015,epistemic,Uruguay,烏拉圭,-0.12571,44,73,59.7
2015,epistemic,Jordan,約旦,-0.12873,45,73,61.1
2015,epistemic,Moldova,摩爾多瓦,-0.13538,46,73,62.5
2015,epistemic,Austria,奧地利,-0.13643,47,73,63.9
2015,epistemic,Viet Nam,越南,-0.14505,48,73,65.3
2015,epistemic,Luxembourg,盧森堡,-0.14569,49,73,66.7
2015,epistemic,Chile,智利,-0.14847,50,73,68.1
2015,epistemic,Cyprus,賽普勒斯,-0.15165,51,73,69.4
2015,epistemic,Costa Rica,哥斯大黎加,-0.15194,52,73,70.8
2015,epistemic,Germany,德國,-0.16027,53,73,72.2
2015,epistemic,Peru,秘魯,-0.16333,54,73,73.6
2015,epistemic,Türkiye,土耳其,-0.17005,55,73,75.0
2015,epistemic,Mexico,墨西哥,-0.17124,56,73,76.4
2015,epistemic,North Macedonia,北馬其頓,-0.17945,57,73,77.8
2015,epistemic,Bulgaria,保加利亞,-0.18033,58,73,79.2
2015,epistemic,Greece,希臘,-0.18781,59,73,80.6
2015,epistemic,Colombia,哥倫比亞,-0.18956,60,73,81.9
2015,epistemic,Netherlands,荷蘭,-0.19052,61,73,83.3
2015,epistemic,Czechia,捷克,-0.22539,62,73,84.7
2015,epistemic,Lebanon,黎巴嫩,-0.23586,63,73,86.1
2015,epistemic,Latvia,拉脫維亞,-0.25514,64,73,87.5
2015,epistemic,Russia,俄羅斯,-0.25523,65,73,88.9
2015,epistemic,Argentina,阿根廷,-0.25679,66,73,90.3
2015,epistemic,Indonesia,印尼,-0.30127,67,73,91.7
2015,epistemic,Algeria,阿爾及利亞,-0.31161,68,73,93.1
2015,epistemic,Tunisia,突尼西亞,-0.31173,69,73,94.4
2015,epistemic,Montenegro,蒙特內哥羅,-0.31792,70,73,95.8
2015,epistemic,Slovak Republic,斯洛伐克,-0.35076,71,73,97.2
2015,epistemic,Hungary,匈牙利,-0.36195,72,73,98.6
2015,epistemic,Romania,羅馬尼亞,-0.37951,73,73,100.0
2015,instrumental,Albania,阿爾巴尼亞,0.87988,1,73,0.0
2015,instrumental,Indonesia,印尼,0.80953,2,73,1.4
2015,instrumental,Kosovo,科索沃,0.80483,3,73,2.8
2015,instrumental,Jordan,約旦,0.71003,4,73,4.2
2015,instrumental,Malaysia,馬來西亞,0.68186,5,73,5.6
2015,instrumental,Tunisia,突尼西亞,0.60003,6,73,6.9
2015,instrumental,Dominican Republic,多明尼加,0.59601,7,73,8.3
2015,instrumental,United Arab Emirates,阿聯,0.56186,8,73,9.7
2015,instrumental,Kazakhstan,哈薩克,0.54039,9,73,11.1
2015,instrumental,B-S-J-Z (China),中國四省市,0.53143,10,73,12.5
2015,instrumental,Mexico,墨西哥,0.52749,11,73,13.9
2015,instrumental,Qatar,卡達,0.52533,12,73,15.3
2015,instrumental,Trinidad and Tobago,千里達,0.52174,13,73,16.7
2015,instrumental,Singapore,新加坡,0.51472,14,73,18.1
2015,instrumental,Lebanon,黎巴嫩,0.50777,15,73,19.4
2015,instrumental,Peru,秘魯,0.50629,16,73,20.8
2015,instrumental,Thailand,泰國,0.48376,17,73,22.2
2015,instrumental,Viet Nam,越南,0.48089,18,73,23.6
2015,instrumental,Canada,加拿大,0.46463,19,73,25.0
2015,instrumental,Brazil,巴西,0.45329,20,73,26.4
2015,instrumental,North Macedonia,北馬其頓,0.45291,21,73,27.8
2015,instrumental,Costa Rica,哥斯大黎加,0.43614,22,73,29.2
2015,instrumental,Algeria,阿爾及利亞,0.4321,23,73,30.6
2015,instrumental,Lithuania,立陶宛,0.4119,24,73,31.9
2015,instrumental,Argentina,阿根廷,0.4098,25,73,33.3
2015,instrumental,Colombia,哥倫比亞,0.39858,26,73,34.7
2015,instrumental,Romania,羅馬尼亞,0.38735,27,73,36.1
2015,instrumental,New Zealand,紐西蘭,0.3804,28,73,37.5
2015,instrumental,Türkiye,土耳其,0.37946,29,73,38.9
2015,instrumental,United Kingdom,英國,0.37902,30,73,40.3
2015,instrumental,Ireland,愛爾蘭,0.36357,31,73,41.7
2015,instrumental,Montenegro,蒙特內哥羅,0.36207,32,73,43.1
2015,instrumental,Moldova,摩爾多瓦,0.35897,33,73,44.4
2015,instrumental,Portugal,葡萄牙,0.35694,34,73,45.8
2015,instrumental,Chile,智利,0.33624,35,73,47.2
2015,instrumental,United States,美國,0.32326,36,73,48.6
2015,instrumental,Cyprus,賽普勒斯,0.29844,37,73,50.0
2015,instrumental,Uruguay,烏拉圭,0.29453,38,73,51.4
2015,instrumental,Israel,以色列,0.28392,39,73,52.8
2015,instrumental,Greece,希臘,0.27263,40,73,54.2
2015,instrumental,Sweden,瑞典,0.25935,41,73,55.6
2015,instrumental,Spain,西班牙,0.25927,42,73,56.9
2015,instrumental,Russia,俄羅斯,0.24434,43,73,58.3
2015,instrumental,Chinese Taipei,臺灣,0.24411,44,73,59.7
2015,instrumental,Hong Kong (China),香港,0.23381,45,73,61.1
2015,instrumental,Iceland,冰島,0.22251,46,73,62.5
2015,instrumental,Georgia,喬治亞,0.21572,47,73,63.9
2015,instrumental,Malta,馬爾他,0.20244,48,73,65.3
2015,instrumental,Macao (China),澳門,0.19939,49,73,66.7
2015,instrumental,Estonia,愛沙尼亞,0.18905,50,73,68.1
2015,instrumental,Bulgaria,保加利亞,0.17807,51,73,69.4
2015,instrumental,Australia,澳洲,0.16271,52,73,70.8
2015,instrumental,CABA (Argentina),布宜諾斯艾利斯市,0.15985,53,73,72.2
2015,instrumental,Finland,芬蘭,0.15781,54,73,73.6
2015,instrumental,Italy,義大利,0.15674,55,73,75.0
2015,instrumental,Croatia,克羅埃西亞,0.14464,56,73,76.4
2015,instrumental,Poland,波蘭,0.12631,57,73,77.8
2015,instrumental,Norway,挪威,0.10868,58,73,79.2
2015,instrumental,Latvia,拉脫維亞,0.08337,59,73,80.6
2015,instrumental,Slovenia,斯洛維尼亞,0.06987,60,73,81.9
2015,instrumental,Denmark,丹麥,0.04072,61,73,83.3
2015,instrumental,Slovak Republic,斯洛伐克,0.04032,62,73,84.7
2015,instrumental,Korea,韓國,0.03179,63,73,86.1
2015,instrumental,France,法國,0.00019,64,73,87.5
2015,instrumental,Belgium,比利時,-0.00996,65,73,88.9
2015,instrumental,Japan,日本,-0.025,66,73,90.3
2015,instrumental,Luxembourg,盧森堡,-0.03338,67,73,91.7
2015,instrumental,Hungary,匈牙利,-0.04044,68,73,93.1
2015,instrumental,Czechia,捷克,-0.11638,69,73,94.4
2015,instrumental,Netherlands,荷蘭,-0.21014,70,73,95.8
2015,instrumental,Austria,奧地利,-0.22275,71,73,97.2
2015,instrumental,Germany,德國,-0.24348,72,73,98.6
2015,instrumental,Switzerland,瑞士,-0.24589,73,73,100.0
2015,interest_broad,Dominican Republic,多明尼加,0.69377,1,57,0.0
2015,interest_broad,Thailand,泰國,0.60196,2,57,1.8
2015,interest_broad,Malaysia,馬來西亞,0.48651,3,57,3.6
2015,interest_broad,Peru,秘魯,0.46474,4,57,5.4
2015,interest_broad,B-S-J-Z (China),中國四省市,0.45412,5,57,7.1
2015,interest_broad,Mexico,墨西哥,0.4348,6,57,8.9
2015,interest_broad,Colombia,哥倫比亞,0.34711,7,57,10.7
2015,interest_broad,Bulgaria,保加利亞,0.28221,8,57,12.5
2015,interest_broad,Singapore,新加坡,0.28123,9,57,14.3
2015,interest_broad,Portugal,葡萄牙,0.2653,10,57,16.1
2015,interest_broad,Canada,加拿大,0.26092,11,57,17.9
2015,interest_broad,Tunisia,突尼西亞,0.25703,12,57,19.6
2015,interest_broad,Qatar,卡達,0.24913,13,57,21.4
2015,interest_broad,Hong Kong (China),香港,0.24628,14,57,23.2
2015,interest_broad,Brazil,巴西,0.24264,15,57,25.0
2015,interest_broad,Iceland,冰島,0.23341,16,57,26.8
2015,interest_broad,Costa Rica,哥斯大黎加,0.22424,17,57,28.6
2015,interest_broad,Luxembourg,盧森堡,0.21143,18,57,30.4
2015,interest_broad,Italy,義大利,0.20628,19,57,32.1
2015,interest_broad,United Arab Emirates,阿聯,0.18526,20,57,33.9
2015,interest_broad,Denmark,丹麥,0.18214,21,57,35.7
2015,interest_broad,Switzerland,瑞士,0.15125,22,57,37.5
2015,interest_broad,Greece,希臘,0.14274,23,57,39.3
2015,interest_broad,Latvia,拉脫維亞,0.14084,24,57,41.1
2015,interest_broad,Lithuania,立陶宛,0.10923,25,57,42.9
2015,interest_broad,Spain,西班牙,0.10432,26,57,44.6
2015,interest_broad,New Zealand,紐西蘭,0.0927,27,57,46.4
2015,interest_broad,Belgium,比利時,0.06906,28,57,48.2
2015,interest_broad,Macao (China),澳門,0.06427,29,57,50.0
2015,interest_broad,Ireland,愛爾蘭,0.06085,30,57,51.8
2015,interest_broad,Austria,奧地利,0.0574,31,57,53.6
2015,interest_broad,United States,美國,0.0508,32,57,55.4
2015,interest_broad,Norway,挪威,0.04556,33,57,57.1
2015,interest_broad,Germany,德國,0.04396,34,57,58.9
2015,interest_broad,Chile,智利,0.04355,35,57,60.7
2015,interest_broad,Australia,澳洲,0.0395,36,57,62.5
2015,interest_broad,Russia,俄羅斯,0.02859,37,57,64.3
2015,interest_broad,Cyprus,賽普勒斯,0.02323,38,57,66.1
2015,interest_broad,Estonia,愛沙尼亞,0.0157,39,57,67.9
2015,interest_broad,United Kingdom,英國,0.00813,40,57,69.6
2015,interest_broad,Chinese Taipei,臺灣,-0.01156,41,57,71.4
2015,interest_broad,Sweden,瑞典,-0.01671,42,57,73.2
2015,interest_broad,Uruguay,烏拉圭,-0.05451,43,57,75.0
2015,interest_broad,France,法國,-0.05562,44,57,76.8
2015,interest_broad,Türkiye,土耳其,-0.05723,45,57,78.6
2015,interest_broad,Korea,韓國,-0.06837,46,57,80.4
2015,interest_broad,Montenegro,蒙特內哥羅,-0.08409,47,57,82.1
2015,interest_broad,Finland,芬蘭,-0.09439,48,57,83.9
2015,interest_broad,Japan,日本,-0.10558,49,57,85.7
2015,interest_broad,Croatia,克羅埃西亞,-0.16382,50,57,87.5
2015,interest_broad,Hungary,匈牙利,-0.22561,51,57,89.3
2015,interest_broad,Israel,以色列,-0.24055,52,57,91.1
2015,interest_broad,Poland,波蘭,-0.24228,53,57,92.9
2015,interest_broad,Netherlands,荷蘭,-0.26906,54,57,94.6
2015,interest_broad,Slovak Republic,斯洛伐克,-0.32131,55,57,96.4
2015,interest_broad,Slovenia,斯洛維尼亞,-0.32416,56,57,98.2
2015,interest_broad,Czechia,捷克,-0.66884,57,57,100.0
2015,sci_activities,Tunisia,突尼西亞,1.19833,1,57,0.0
2015,sci_activities,Thailand,泰國,0.92317,2,57,1.8
2015,sci_activities,Dominican Republic,多明尼加,0.92305,3,57,3.6
2015,sci_activities,Malaysia,馬來西亞,0.88077,4,57,5.4
2015,sci_activities,United Arab Emirates,阿聯,0.88006,5,57,7.1
2015,sci_activities,Montenegro,蒙特內哥羅,0.86454,6,57,8.9
2015,sci_activities,Bulgaria,保加利亞,0.81939,7,57,10.7
2015,sci_activities,Qatar,卡達,0.79547,8,57,12.5
2015,sci_activities,Peru,秘魯,0.70464,9,57,14.3
2015,sci_activities,Türkiye,土耳其,0.68325,10,57,16.1
2015,sci_activities,Russia,俄羅斯,0.66021,11,57,17.9
2015,sci_activities,Colombia,哥倫比亞,0.64229,12,57,19.6
2015,sci_activities,Mexico,墨西哥,0.52932,13,57,21.4
2015,sci_activities,B-S-J-Z (China),中國四省市,0.51798,14,57,23.2
2015,sci_activities,Brazil,巴西,0.49739,15,57,25.0
2015,sci_activities,Cyprus,賽普勒斯,0.45767,16,57,26.8
2015,sci_activities,Poland,波蘭,0.40296,17,57,28.6
2015,sci_activities,Lithuania,立陶宛,0.37488,18,57,30.4
2015,sci_activities,Costa Rica,哥斯大黎加,0.30803,19,57,32.1
2015,sci_activities,Estonia,愛沙尼亞,0.28887,20,57,33.9
2015,sci_activities,Hong Kong (China),香港,0.28312,21,57,35.7
2015,sci_activities,Italy,義大利,0.26991,22,57,37.5
2015,sci_activities,Hungary,匈牙利,0.26938,23,57,39.3
2015,sci_activities,Latvia,拉脫維亞,0.22468,24,57,41.1
2015,sci_activities,Chinese Taipei,臺灣,0.20104,25,57,42.9
2015,sci_activities,Portugal,葡萄牙,0.19928,26,57,44.6
2015,sci_activities,Singapore,新加坡,0.1956,27,57,46.4
2015,sci_activities,Greece,希臘,0.19318,28,57,48.2
2015,sci_activities,Chile,智利,0.16779,29,57,50.0
2015,sci_activities,Macao (China),澳門,0.16587,30,57,51.8
2015,sci_activities,Slovak Republic,斯洛伐克,0.14481,31,57,53.6
2015,sci_activities,Uruguay,烏拉圭,0.13576,32,57,55.4
2015,sci_activities,Israel,以色列,0.09397,33,57,57.1
2015,sci_activities,Slovenia,斯洛維尼亞,0.06681,34,57,58.9
2015,sci_activities,Luxembourg,盧森堡,0.06668,35,57,60.7
2015,sci_activities,Croatia,克羅埃西亞,0.03229,36,57,62.5
2015,sci_activities,Canada,加拿大,-0.01502,37,57,64.3
2015,sci_activities,United States,美國,-0.01751,38,57,66.1
2015,sci_activities,Norway,挪威,-0.03884,39,57,67.9
2015,sci_activities,Czechia,捷克,-0.07738,40,57,69.6
2015,sci_activities,France,法國,-0.11397,41,57,71.4
2015,sci_activities,Germany,德國,-0.11819,42,57,73.2
2015,sci_activities,Switzerland,瑞士,-0.1218,43,57,75.0
2015,sci_activities,Denmark,丹麥,-0.13198,44,57,76.8
2015,sci_activities,Belgium,比利時,-0.13357,45,57,78.6
2015,sci_activities,Austria,奧地利,-0.13508,46,57,80.4
2015,sci_activities,United Kingdom,英國,-0.15087,47,57,82.1
2015,sci_activities,Iceland,冰島,-0.17385,48,57,83.9
2015,sci_activities,Spain,西班牙,-0.19934,49,57,85.7
2015,sci_activities,New Zealand,紐西蘭,-0.19973,50,57,87.5
2015,sci_activities,Sweden,瑞典,-0.25245,51,57,89.3
2015,sci_activities,Korea,韓國,-0.28278,52,57,91.1
2015,sci_activities,Australia,澳洲,-0.2973,53,57,92.9
2015,sci_activities,Ireland,愛爾蘭,-0.36941,54,57,94.6
2015,sci_activities,Netherlands,荷蘭,-0.4292,55,57,96.4
2015,sci_activities,Finland,芬蘭,-0.50147,56,57,98.2
2015,sci_activities,Japan,日本,-0.56698,57,57,100.0
2015,sci_mean,Singapore,新加坡,555.57468,1,73,0.0
2015,sci_mean,Japan,日本,538.39475,2,73,1.4
2015,sci_mean,Estonia,愛沙尼亞,534.19375,3,73,2.8
2015,sci_mean,Chinese Taipei,臺灣,532.34745,4,73,4.2
2015,sci_mean,Finland,芬蘭,530.66116,5,73,5.6
2015,sci_mean,Macao (China),澳門,528.5496,6,73,6.9
2015,sci_mean,Canada,加拿大,527.70468,7,73,8.3
2015,sci_mean,Viet Nam,越南,524.64452,8,73,9.7
2015,sci_mean,Hong Kong (China),香港,523.27745,9,73,11.1
2015,sci_mean,B-S-J-Z (China),中國四省市,517.77928,10,73,12.5
2015,sci_mean,Korea,韓國,515.80991,11,73,13.9
2015,sci_mean,New Zealand,紐西蘭,513.30351,12,73,15.3
2015,sci_mean,Slovenia,斯洛維尼亞,512.86358,13,73,16.7
2015,sci_mean,Australia,澳洲,509.99385,14,73,18.1
2015,sci_mean,United Kingdom,英國,509.2215,15,73,19.4
2015,sci_mean,Germany,德國,509.14065,16,73,20.8
2015,sci_mean,Netherlands,荷蘭,508.57481,17,73,22.2
2015,sci_mean,Switzerland,瑞士,505.50582,18,73,23.6
2015,sci_mean,Ireland,愛爾蘭,502.57512,19,73,25.0
2015,sci_mean,Belgium,比利時,501.99971,20,73,26.4
2015,sci_mean,Denmark,丹麥,501.93689,21,73,27.8
2015,sci_mean,Poland,波蘭,501.43533,22,73,29.2
2015,sci_mean,Portugal,葡萄牙,501.10006,23,73,30.6
2015,sci_mean,Norway,挪威,498.48111,24,73,31.9
2015,sci_mean,United States,美國,496.24243,25,73,33.3
2015,sci_mean,Austria,奧地利,495.03749,26,73,34.7
2015,sci_mean,France,法國,494.9776,27,73,36.1
2015,sci_mean,Sweden,瑞典,493.42236,28,73,37.5
2015,sci_mean,Czechia,捷克,492.83005,29,73,38.9
2015,sci_mean,Spain,西班牙,492.78614,30,73,40.3
2015,sci_mean,Latvia,拉脫維亞,490.22502,31,73,41.7
2015,sci_mean,Russia,俄羅斯,486.63104,32,73,43.1
2015,sci_mean,Luxembourg,盧森堡,482.80637,33,73,44.4
2015,sci_mean,Italy,義大利,480.54676,34,73,45.8
2015,sci_mean,Hungary,匈牙利,476.74751,35,73,47.2
2015,sci_mean,Lithuania,立陶宛,475.40895,36,73,48.6
2015,sci_mean,Croatia,克羅埃西亞,475.39118,37,73,50.0
2015,sci_mean,CABA (Argentina),布宜諾斯艾利斯市,475.1866,38,73,51.4
2015,sci_mean,Iceland,冰島,473.23009,39,73,52.8
2015,sci_mean,Israel,以色列,466.55281,40,73,54.2
2015,sci_mean,Malta,馬爾他,464.78194,41,73,55.6
2015,sci_mean,Slovak Republic,斯洛伐克,460.77486,42,73,56.9
2015,sci_mean,Kazakhstan,哈薩克,456.48358,43,73,58.3
2015,sci_mean,Greece,希臘,454.82882,44,73,59.7
2015,sci_mean,Chile,智利,446.95607,45,73,61.1
2015,sci_mean,Bulgaria,保加利亞,445.77196,46,73,62.5
2015,sci_mean,Malaysia,馬來西亞,442.94752,47,73,63.9
2015,sci_mean,United Arab Emirates,阿聯,436.73114,48,73,65.3
2015,sci_mean,Uruguay,烏拉圭,435.36295,49,73,66.7
2015,sci_mean,Romania,羅馬尼亞,434.88486,50,73,68.1
2015,sci_mean,Cyprus,賽普勒斯,432.57677,51,73,69.4
2015,sci_mean,Argentina,阿根廷,432.22625,52,73,70.8
2015,sci_mean,Moldova,摩爾多瓦,427.9978,53,73,72.2
2015,sci_mean,Albania,阿爾巴尼亞,427.22498,54,73,73.6
2015,sci_mean,Türkiye,土耳其,425.48951,55,73,75.0
2015,sci_mean,Trinidad and Tobago,千里達,424.59046,56,73,76.4
2015,sci_mean,Thailand,泰國,421.33733,57,73,77.8
2015,sci_mean,Costa Rica,哥斯大黎加,419.60803,58,73,79.2
2015,sci_mean,Qatar,卡達,417.61116,59,73,80.6
2015,sci_mean,Colombia,哥倫比亞,415.72876,60,73,81.9
2015,sci_mean,Mexico,墨西哥,415.70988,61,73,83.3
2015,sci_mean,Montenegro,蒙特內哥羅,411.31365,62,73,84.7
2015,sci_mean,Georgia,喬治亞,411.13152,63,73,86.1
2015,sci_mean,Jordan,約旦,408.66911,64,73,87.5
2015,sci_mean,Indonesia,印尼,403.09974,65,73,88.9
2015,sci_mean,Brazil,巴西,400.6821,66,73,90.3
2015,sci_mean,Peru,秘魯,396.68365,67,73,91.7
2015,sci_mean,Lebanon,黎巴嫩,386.48537,68,73,93.1
2015,sci_mean,Tunisia,突尼西亞,386.40337,69,73,94.4
2015,sci_mean,North Macedonia,北馬其頓,383.68238,70,73,95.8
2015,sci_mean,Kosovo,科索沃,378.44218,71,73,97.2
2015,sci_mean,Algeria,阿爾及利亞,375.7451,72,73,98.6
2015,sci_mean,Dominican Republic,多明尼加,331.63883,73,73,100.0
2015,sci_sd,Malta,馬爾他,117.63803,1,73,0.0
2015,sci_sd,Israel,以色列,106.36356,2,73,1.4
2015,sci_sd,New Zealand,紐西蘭,104.09494,3,73,2.8
2015,sci_sd,Singapore,新加坡,103.60264,4,73,4.2
2015,sci_sd,B-S-J-Z (China),中國四省市,103.38525,5,73,5.6
2015,sci_sd,Sweden,瑞典,102.478,6,73,6.9
2015,sci_sd,Australia,澳洲,102.29735,7,73,8.3
2015,sci_sd,France,法國,101.96264,8,73,9.7
2015,sci_sd,Bulgaria,保加利亞,101.52268,9,73,11.1
2015,sci_sd,Netherlands,荷蘭,100.94054,10,73,12.5
2015,sci_sd,Luxembourg,盧森堡,100.3998,11,73,13.9
2015,sci_sd,Belgium,比利時,100.18513,12,73,15.3
2015,sci_sd,United Kingdom,英國,99.65148,13,73,16.7
2015,sci_sd,Chinese Taipei,臺灣,99.55322,14,73,18.1
2015,sci_sd,Switzerland,瑞士,99.52384,15,73,19.4
2015,sci_sd,Germany,德國,99.32808,16,73,20.8
2015,sci_sd,United Arab Emirates,阿聯,99.13752,17,73,22.2
2015,sci_sd,Slovak Republic,斯洛伐克,98.93081,18,73,23.6
2015,sci_sd,Qatar,卡達,98.73628,19,73,25.0
2015,sci_sd,United States,美國,98.62148,20,73,26.4
2015,sci_sd,Austria,奧地利,97.34336,21,73,27.8
2015,sci_sd,Hungary,匈牙利,96.33525,22,73,29.2
2015,sci_sd,Norway,挪威,96.24056,23,73,30.6
2015,sci_sd,Finland,芬蘭,96.17347,24,73,31.9
2015,sci_sd,Czechia,捷克,95.26365,25,73,33.3
2015,sci_sd,Slovenia,斯洛維尼亞,95.18928,26,73,34.7
2015,sci_sd,Korea,韓國,95.17856,27,73,36.1
2015,sci_sd,Trinidad and Tobago,千里達,93.7953,28,73,37.5
2015,sci_sd,Japan,日本,93.47152,29,73,38.9
2015,sci_sd,Cyprus,賽普勒斯,92.80904,30,73,40.3
2015,sci_sd,Canada,加拿大,92.36632,31,73,41.7
2015,sci_sd,Greece,希臘,91.92087,32,73,43.1
2015,sci_sd,Portugal,葡萄牙,91.82156,33,73,44.4
2015,sci_sd,Italy,義大利,91.43959,34,73,45.8
2015,sci_sd,Iceland,冰島,91.20541,35,73,47.2
2015,sci_sd,Lithuania,立陶宛,90.9194,36,73,48.6
2015,sci_sd,Poland,波蘭,90.79231,37,73,50.0
2015,sci_sd,Georgia,喬治亞,90.59591,38,73,51.4
2015,sci_sd,Lebanon,黎巴嫩,90.40601,39,73,52.8
2015,sci_sd,Denmark,丹麥,90.29195,40,73,54.2
2015,sci_sd,Croatia,克羅埃西亞,89.31867,41,73,55.6
2015,sci_sd,Brazil,巴西,89.1513,42,73,56.9
2015,sci_sd,Estonia,愛沙尼亞,88.90062,43,73,58.3
2015,sci_sd,Ireland,愛爾蘭,88.89671,44,73,59.7
2015,sci_sd,Spain,西班牙,88.00873,45,73,61.1
2015,sci_sd,Uruguay,烏拉圭,86.54422,46,73,62.5
2015,sci_sd,Moldova,摩爾多瓦,86.03509,47,73,63.9
2015,sci_sd,Chile,智利,86.01711,48,73,65.3
2015,sci_sd,CABA (Argentina),布宜諾斯艾利斯市,85.76125,49,73,66.7
2015,sci_sd,Montenegro,蒙特內哥羅,85.25384,50,73,68.1
2015,sci_sd,North Macedonia,北馬其頓,84.7781,51,73,69.4
2015,sci_sd,Jordan,約旦,84.38462,52,73,70.8
2015,sci_sd,Russia,俄羅斯,82.41261,53,73,72.2
2015,sci_sd,Latvia,拉脫維亞,82.20806,54,73,73.6
2015,sci_sd,Macao (China),澳門,81.37405,55,73,75.0
2015,sci_sd,Argentina,阿根廷,80.59932,56,73,76.4
2015,sci_sd,Hong Kong (China),香港,80.57183,57,73,77.8
2015,sci_sd,Colombia,哥倫比亞,80.37225,58,73,79.2
2015,sci_sd,Türkiye,土耳其,79.26156,59,73,80.6
2015,sci_sd,Romania,羅馬尼亞,79.11079,60,73,81.9
2015,sci_sd,Thailand,泰國,78.48571,61,73,83.3
2015,sci_sd,Albania,阿爾巴尼亞,78.47874,62,73,84.7
2015,sci_sd,Peru,秘魯,76.69592,63,73,86.1
2015,sci_sd,Viet Nam,越南,76.59878,64,73,87.5
2015,sci_sd,Kazakhstan,哈薩克,76.42396,65,73,88.9
2015,sci_sd,Malaysia,馬來西亞,75.72668,66,73,90.3
2015,sci_sd,Dominican Republic,多明尼加,72.467,67,73,91.7
2015,sci_sd,Mexico,墨西哥,71.40591,68,73,93.1
2015,sci_sd,Kosovo,科索沃,71.28663,69,73,94.4
2015,sci_sd,Costa Rica,哥斯大黎加,70.0215,70,73,95.8
2015,sci_sd,Algeria,阿爾及利亞,69.28151,71,73,97.2
2015,sci_sd,Indonesia,印尼,68.36698,72,73,98.6
2015,sci_sd,Tunisia,突尼西亞,64.85265,73,73,100.0
2015,self_efficacy,Jordan,約旦,0.56353,1,73,0.0
2015,self_efficacy,Dominican Republic,多明尼加,0.54393,2,73,1.4
2015,self_efficacy,Kazakhstan,哈薩克,0.45763,3,73,2.8
2015,self_efficacy,United Arab Emirates,阿聯,0.40503,4,73,4.2
2015,self_efficacy,Bulgaria,保加利亞,0.3925,5,73,5.6
2015,self_efficacy,Qatar,卡達,0.36246,6,73,6.9
2015,self_efficacy,Canada,加拿大,0.35122,7,73,8.3
2015,self_efficacy,Türkiye,土耳其,0.34959,8,73,9.7
2015,self_efficacy,Peru,秘魯,0.34095,9,73,11.1
2015,self_efficacy,Montenegro,蒙特內哥羅,0.30886,10,73,12.5
2015,self_efficacy,United Kingdom,英國,0.27307,11,73,13.9
2015,self_efficacy,Portugal,葡萄牙,0.26943,12,73,15.3
2015,self_efficacy,Georgia,喬治亞,0.26885,13,73,16.7
2015,self_efficacy,Mexico,墨西哥,0.26561,14,73,18.1
2015,self_efficacy,United States,美國,0.26215,15,73,19.4
2015,self_efficacy,Lithuania,立陶宛,0.25739,16,73,20.8
2015,self_efficacy,Iceland,冰島,0.24358,17,73,22.2
2015,self_efficacy,Norway,挪威,0.18931,18,73,23.6
2015,self_efficacy,Chinese Taipei,臺灣,0.18819,19,73,25.0
2015,self_efficacy,Thailand,泰國,0.17443,20,73,26.4
2015,self_efficacy,Brazil,巴西,0.17385,21,73,27.8
2015,self_efficacy,Lebanon,黎巴嫩,0.16795,22,73,29.2
2015,self_efficacy,Poland,波蘭,0.16202,23,73,30.6
2015,self_efficacy,Italy,義大利,0.1305,24,73,31.9
2015,self_efficacy,Trinidad and Tobago,千里達,0.11495,25,73,33.3
2015,self_efficacy,Singapore,新加坡,0.10614,26,73,34.7
2015,self_efficacy,Czechia,捷克,0.10003,27,73,36.1
2015,self_efficacy,Croatia,克羅埃西亞,0.09748,28,73,37.5
2015,self_efficacy,Moldova,摩爾多瓦,0.08915,29,73,38.9
2015,self_efficacy,Denmark,丹麥,0.07803,30,73,40.3
2015,self_efficacy,Slovenia,斯洛維尼亞,0.07357,31,73,41.7
2015,self_efficacy,Australia,澳洲,0.06687,32,73,43.1
2015,self_efficacy,Ireland,愛爾蘭,0.06131,33,73,44.4
2015,self_efficacy,Sweden,瑞典,0.0545,34,73,45.8
2015,self_efficacy,Uruguay,烏拉圭,0.04818,35,73,47.2
2015,self_efficacy,Israel,以色列,0.04399,36,73,48.6
2015,self_efficacy,Albania,阿爾巴尼亞,0.02441,37,73,50.0
2015,self_efficacy,Russia,俄羅斯,0.01704,38,73,51.4
2015,self_efficacy,Latvia,拉脫維亞,-0.00595,39,73,52.8
2015,self_efficacy,B-S-J-Z (China),中國四省市,-0.01037,40,73,54.2
2015,self_efficacy,Germany,德國,-0.01478,41,73,55.6
2015,self_efficacy,Korea,韓國,-0.01635,42,73,56.9
2015,self_efficacy,Luxembourg,盧森堡,-0.0284,43,73,58.3
2015,self_efficacy,New Zealand,紐西蘭,-0.03163,44,73,59.7
2015,self_efficacy,Macao (China),澳門,-0.03451,45,73,61.1
2015,self_efficacy,Estonia,愛沙尼亞,-0.03797,46,73,62.5
2015,self_efficacy,Greece,希臘,-0.03993,47,73,63.9
2015,self_efficacy,CABA (Argentina),布宜諾斯艾利斯市,-0.04133,48,73,65.3
2015,self_efficacy,Finland,芬蘭,-0.04176,49,73,66.7
2015,self_efficacy,Cyprus,賽普勒斯,-0.04564,50,73,68.1
2015,self_efficacy,Colombia,哥倫比亞,-0.04968,51,73,69.4
2015,self_efficacy,Hungary,匈牙利,-0.0526,52,73,70.8
2015,self_efficacy,North Macedonia,北馬其頓,-0.0579,53,73,72.2
2015,self_efficacy,Slovak Republic,斯洛伐克,-0.06296,54,73,73.6
2015,self_efficacy,Hong Kong (China),香港,-0.06822,55,73,75.0
2015,self_efficacy,Tunisia,突尼西亞,-0.07288,56,73,76.4
2015,self_efficacy,Netherlands,荷蘭,-0.07559,57,73,77.8
2015,self_efficacy,Malta,馬爾他,-0.08611,58,73,79.2
2015,self_efficacy,Argentina,阿根廷,-0.09809,59,73,80.6
2015,self_efficacy,Chile,智利,-0.10273,60,73,81.9
2015,self_efficacy,Belgium,比利時,-0.10358,61,73,83.3
2015,self_efficacy,Costa Rica,哥斯大黎加,-0.12378,62,73,84.7
2015,self_efficacy,Malaysia,馬來西亞,-0.12844,63,73,86.1
2015,self_efficacy,France,法國,-0.13395,64,73,87.5
2015,self_efficacy,Spain,西班牙,-0.14261,65,73,88.9
2015,self_efficacy,Algeria,阿爾及利亞,-0.15838,66,73,90.3
2015,self_efficacy,Switzerland,瑞士,-0.17059,67,73,91.7
2015,self_efficacy,Austria,奧地利,-0.17335,68,73,93.1
2015,self_efficacy,Romania,羅馬尼亞,-0.1983,69,73,94.4
2015,self_efficacy,Viet Nam,越南,-0.2783,70,73,95.8
2015,self_efficacy,Kosovo,科索沃,-0.28935,71,73,97.2
2015,self_efficacy,Japan,日本,-0.46103,72,73,98.6
2015,self_efficacy,Indonesia,印尼,-0.5052,73,73,100.0
2025,ai_use,United Arab Emirates,阿聯,0.5538,1,85,0.0
2025,ai_use,Viet Nam,越南,0.42835,2,85,1.2
2025,ai_use,Saudi Arabia,沙烏地阿拉伯,0.39352,3,85,2.4
2025,ai_use,Thailand,泰國,0.38024,4,85,3.6
2025,ai_use,Singapore,新加坡,0.37449,5,85,4.8
2025,ai_use,Colombia,哥倫比亞,0.33904,6,85,6.0
2025,ai_use,Uruguay,烏拉圭,0.3222,7,85,7.1
2025,ai_use,Macao (China),澳門,0.31735,8,85,8.3
2025,ai_use,Ukrainian regions (17 of 27),烏克蘭（17區）,0.30609,9,85,9.5
2025,ai_use,Türkiye,土耳其,0.3059,10,85,10.7
2025,ai_use,Dominican Republic,多明尼加,0.30427,11,85,11.9
2025,ai_use,Philippines,菲律賓,0.29665,12,85,13.1
2025,ai_use,Uzbekistan,烏茲別克,0.29376,13,85,14.3
2025,ai_use,Peru,秘魯,0.28434,14,85,15.5
2025,ai_use,Kyrgyzstan,吉爾吉斯,0.27537,15,85,16.7
2025,ai_use,Ecuador,厄瓜多,0.27526,16,85,17.9
2025,ai_use,Albania,阿爾巴尼亞,0.26209,17,85,19.0
2025,ai_use,Hong Kong (China),香港,0.23944,18,85,20.2
2025,ai_use,Argentina,阿根廷,0.23737,19,85,21.4
2025,ai_use,Malaysia,馬來西亞,0.23737,20,85,22.6
2025,ai_use,Mongolia,蒙古,0.23544,21,85,23.8
2025,ai_use,Malta,馬爾他,0.22889,22,85,25.0
2025,ai_use,Kazakhstan,哈薩克,0.22726,23,85,26.2
2025,ai_use,Spain,西班牙,0.2206,24,85,27.4
2025,ai_use,Poland,波蘭,0.21818,25,85,28.6
2025,ai_use,Lebanon,黎巴嫩,0.2176,26,85,29.8
2025,ai_use,Chile,智利,0.21233,27,85,31.0
2025,ai_use,Serbia,塞爾維亞,0.21232,28,85,32.1
2025,ai_use,Switzerland,瑞士,0.21173,29,85,33.3
2025,ai_use,Armenia,亞美尼亞,0.20773,30,85,34.5
2025,ai_use,Kosovo,科索沃,0.20347,31,85,35.7
2025,ai_use,Guatemala,瓜地馬拉,0.20245,32,85,36.9
2025,ai_use,Israel,以色列,0.2012,33,85,38.1
2025,ai_use,Brunei Darussalam,汶萊,0.19858,34,85,39.3
2025,ai_use,Azerbaijan,亞塞拜然,0.19569,35,85,40.5
2025,ai_use,Costa Rica,哥斯大黎加,0.19505,36,85,41.7
2025,ai_use,Korea,韓國,0.17365,37,85,42.9
2025,ai_use,Moldova,摩爾多瓦,0.17123,38,85,44.0
2025,ai_use,Mexico,墨西哥,0.16459,39,85,45.2
2025,ai_use,Portugal,葡萄牙,0.1572,40,85,46.4
2025,ai_use,Italy,義大利,0.14606,41,85,47.6
2025,ai_use,Lithuania,立陶宛,0.14494,42,85,48.8
2025,ai_use,Qatar,卡達,0.13992,43,85,50.0
2025,ai_use,Indonesia,印尼,0.12899,44,85,51.2
2025,ai_use,North Macedonia,北馬其頓,0.12786,45,85,52.4
2025,ai_use,Latvia,拉脫維亞,0.12609,46,85,53.6
2025,ai_use,Romania,羅馬尼亞,0.12387,47,85,54.8
2025,ai_use,Paraguay,巴拉圭,0.12184,48,85,56.0
2025,ai_use,Palestinian Authority,巴勒斯坦,0.11375,49,85,57.1
2025,ai_use,Austria,奧地利,0.10681,50,85,58.3
2025,ai_use,Croatia,克羅埃西亞,0.10036,51,85,59.5
2025,ai_use,Kenya,肯亞,0.09825,52,85,60.7
2025,ai_use,Germany,德國,0.09814,53,85,61.9
2025,ai_use,Brazil,巴西,0.09178,54,85,63.1
2025,ai_use,Slovenia,斯洛維尼亞,0.08443,55,85,64.3
2025,ai_use,Slovak Republic,斯洛伐克,0.07296,56,85,65.5
2025,ai_use,El Salvador,薩爾瓦多,0.06218,57,85,66.7
2025,ai_use,Norway,挪威,0.05777,58,85,67.9
2025,ai_use,Jordan,約旦,0.05184,59,85,69.0
2025,ai_use,Morocco,摩洛哥,0.05122,60,85,70.2
2025,ai_use,Luxembourg,盧森堡,0.04753,61,85,71.4
2025,ai_use,Bulgaria,保加利亞,0.03877,62,85,72.6
2025,ai_use,Australia,澳洲,0.02533,63,85,73.8
2025,ai_use,Georgia,喬治亞,0.02198,64,85,75.0
2025,ai_use,Estonia,愛沙尼亞,0.01608,65,85,76.2
2025,ai_use,Czechia,捷克,0.01567,66,85,77.4
2025,ai_use,Montenegro,蒙特內哥羅,0.01338,67,85,78.6
2025,ai_use,Denmark,丹麥,0.00546,68,85,79.8
2025,ai_use,Cyprus,賽普勒斯,0.00205,69,85,81.0
2025,ai_use,Belgium,比利時,-0.04883,70,85,82.1
2025,ai_use,New Zealand,紐西蘭,-0.07289,71,85,83.3
2025,ai_use,Sweden,瑞典,-0.08899,72,85,84.5
2025,ai_use,Iceland,冰島,-0.09431,73,85,85.7
2025,ai_use,Netherlands,荷蘭,-0.09622,74,85,86.9
2025,ai_use,France,法國,-0.13184,75,85,88.1
2025,ai_use,Hungary,匈牙利,-0.13466,76,85,89.3
2025,ai_use,Greece,希臘,-0.13853,77,85,90.5
2025,ai_use,Chinese Taipei,臺灣,-0.19737,78,85,91.7
2025,ai_use,B-S-J-Z (China),中國四省市,-0.27618,79,85,92.9
2025,ai_use,United States,美國,-0.29806,80,85,94.0
2025,ai_use,Canada,加拿大,-0.30282,81,85,95.2
2025,ai_use,Finland,芬蘭,-0.35225,82,85,96.4
2025,ai_use,United Kingdom,英國,-0.4662,83,85,97.6
2025,ai_use,Ireland,愛爾蘭,-0.47694,84,85,98.8
2025,ai_use,Japan,日本,-0.69136,85,85,100.0
2025,belonging,Albania,阿爾巴尼亞,0.67477,1,85,0.0
2025,belonging,Austria,奧地利,0.49505,2,85,1.2
2025,belonging,Croatia,克羅埃西亞,0.45974,3,85,2.4
2025,belonging,Spain,西班牙,0.45856,4,85,3.6
2025,belonging,Saudi Arabia,沙烏地阿拉伯,0.43144,5,85,4.8
2025,belonging,Japan,日本,0.42034,6,85,6.0
2025,belonging,Norway,挪威,0.39287,7,85,7.1
2025,belonging,Switzerland,瑞士,0.37686,8,85,8.3
2025,belonging,Iceland,冰島,0.3564,9,85,9.5
2025,belonging,Montenegro,蒙特內哥羅,0.35169,10,85,10.7
2025,belonging,Serbia,塞爾維亞,0.32788,11,85,11.9
2025,belonging,Korea,韓國,0.31006,12,85,13.1
2025,belonging,Sweden,瑞典,0.3036,13,85,14.3
2025,belonging,Uruguay,烏拉圭,0.27506,14,85,15.5
2025,belonging,North Macedonia,北馬其頓,0.25599,15,85,16.7
2025,belonging,Uzbekistan,烏茲別克,0.23851,16,85,17.9
2025,belonging,Germany,德國,0.23531,17,85,19.0
2025,belonging,Azerbaijan,亞塞拜然,0.23485,18,85,20.2
2025,belonging,Netherlands,荷蘭,0.22941,19,85,21.4
2025,belonging,Hungary,匈牙利,0.22834,20,85,22.6
2025,belonging,Costa Rica,哥斯大黎加,0.21072,21,85,23.8
2025,belonging,Armenia,亞美尼亞,0.19089,22,85,25.0
2025,belonging,Mongolia,蒙古,0.19048,23,85,26.2
2025,belonging,Israel,以色列,0.18265,24,85,27.4
2025,belonging,Finland,芬蘭,0.16557,25,85,28.6
2025,belonging,Slovenia,斯洛維尼亞,0.16505,26,85,29.8
2025,belonging,Portugal,葡萄牙,0.15972,27,85,31.0
2025,belonging,Denmark,丹麥,0.13964,28,85,32.1
2025,belonging,Romania,羅馬尼亞,0.13955,29,85,33.3
2025,belonging,Kosovo,科索沃,0.13952,30,85,34.5
2025,belonging,Kazakhstan,哈薩克,0.13368,31,85,35.7
2025,belonging,Belgium,比利時,0.12284,32,85,36.9
2025,belonging,Luxembourg,盧森堡,0.09416,33,85,38.1
2025,belonging,Georgia,喬治亞,0.07644,34,85,39.3
2025,belonging,Ukrainian regions (17 of 27),烏克蘭（17區）,0.06429,35,85,40.5
2025,belonging,France,法國,0.05823,36,85,41.7
2025,belonging,Mexico,墨西哥,0.05449,37,85,42.9
2025,belonging,Colombia,哥倫比亞,0.05206,38,85,44.0
2025,belonging,Türkiye,土耳其,0.05013,39,85,45.2
2025,belonging,Kyrgyzstan,吉爾吉斯,0.04909,40,85,46.4
2025,belonging,Italy,義大利,0.0147,41,85,47.6
2025,belonging,Chinese Taipei,臺灣,0.01299,42,85,48.8
2025,belonging,Moldova,摩爾多瓦,-0.00455,43,85,50.0
2025,belonging,Ecuador,厄瓜多,-0.00664,44,85,51.2
2025,belonging,Bulgaria,保加利亞,-0.00828,45,85,52.4
2025,belonging,United Arab Emirates,阿聯,-0.01313,46,85,53.6
2025,belonging,Cyprus,賽普勒斯,-0.01865,47,85,54.8
2025,belonging,Dominican Republic,多明尼加,-0.02166,48,85,56.0
2025,belonging,Estonia,愛沙尼亞,-0.03631,49,85,57.1
2025,belonging,B-S-J-Z (China),中國四省市,-0.0398,50,85,58.3
2025,belonging,Greece,希臘,-0.04018,51,85,59.5
2025,belonging,Slovak Republic,斯洛伐克,-0.04191,52,85,60.7
2025,belonging,Chile,智利,-0.0442,53,85,61.9
2025,belonging,Argentina,阿根廷,-0.04446,54,85,63.1
2025,belonging,Brazil,巴西,-0.04512,55,85,64.3
2025,belonging,Jordan,約旦,-0.05145,56,85,65.5
2025,belonging,Indonesia,印尼,-0.07491,57,85,66.7
2025,belonging,Morocco,摩洛哥,-0.07816,58,85,67.9
2025,belonging,El Salvador,薩爾瓦多,-0.08248,59,85,69.0
2025,belonging,United Kingdom,英國,-0.09944,60,85,70.2
2025,belonging,Latvia,拉脫維亞,-0.10593,61,85,71.4
2025,belonging,Singapore,新加坡,-0.10735,62,85,72.6
2025,belonging,Dushanbe (Tajikistan),杜尚別（塔吉克）,-0.11178,63,85,73.8
2025,belonging,Lithuania,立陶宛,-0.11307,64,85,75.0
2025,belonging,Ireland,愛爾蘭,-0.11435,65,85,76.2
2025,belonging,Canada,加拿大,-0.11468,66,85,77.4
2025,belonging,Palestinian Authority,巴勒斯坦,-0.12094,67,85,78.6
2025,belonging,Malta,馬爾他,-0.13894,68,85,79.8
2025,belonging,Qatar,卡達,-0.14437,69,85,81.0
2025,belonging,Paraguay,巴拉圭,-0.15403,70,85,82.1
2025,belonging,Australia,澳洲,-0.16221,71,85,83.3
2025,belonging,Poland,波蘭,-0.17633,72,85,84.5
2025,belonging,Czechia,捷克,-0.19045,73,85,85.7
2025,belonging,Peru,秘魯,-0.19229,74,85,86.9
2025,belonging,Malaysia,馬來西亞,-0.1947,75,85,88.1
2025,belonging,United States,美國,-0.20504,76,85,89.3
2025,belonging,Kenya,肯亞,-0.21306,77,85,90.5
2025,belonging,Mauritius,模里西斯,-0.22534,78,85,91.7
2025,belonging,New Zealand,紐西蘭,-0.22927,79,85,92.9
2025,belonging,Thailand,泰國,-0.25846,80,85,94.0
2025,belonging,Macao (China),澳門,-0.26873,81,85,95.2
2025,belonging,Viet Nam,越南,-0.27812,82,85,96.4
2025,belonging,Philippines,菲律賓,-0.28732,83,85,97.6
2025,belonging,Hong Kong (China),香港,-0.31697,84,85,98.8
2025,belonging,Brunei Darussalam,汶萊,-0.43025,85,85,100.0
2025,between_school_var,Iceland,冰島,6.85272,1,91,0.0
2025,between_school_var,Cambodia,柬埔寨,7.6366,2,91,1.1
2025,between_school_var,Finland,芬蘭,8.12033,3,91,2.2
2025,between_school_var,Norway,挪威,10.29629,4,91,3.3
2025,between_school_var,Dushanbe (Tajikistan),杜尚別（塔吉克）,11.32163,5,91,4.4
2025,between_school_var,Denmark,丹麥,12.32602,6,91,5.6
2025,between_school_var,Palestinian Authority,巴勒斯坦,12.35078,7,91,6.7
2025,between_school_var,Ireland,愛爾蘭,12.91559,8,91,7.8
2025,between_school_var,Spain,西班牙,13.91387,9,91,8.9
2025,between_school_var,Armenia,亞美尼亞,14.10746,10,91,10.0
2025,between_school_var,Kyrgyzstan,吉爾吉斯,14.96477,11,91,11.1
2025,between_school_var,Indonesia,印尼,14.98524,12,91,12.2
2025,between_school_var,Estonia,愛沙尼亞,15.18847,13,91,13.3
2025,between_school_var,Uzbekistan,烏茲別克,15.28741,14,91,14.4
2025,between_school_var,Canada,加拿大,15.3177,15,91,15.6
2025,between_school_var,Kurdistan Region (Iraq),伊拉克庫德斯坦,15.5968,16,91,16.7
2025,between_school_var,Uruguay,烏拉圭,16.30663,17,91,17.8
2025,between_school_var,Portugal,葡萄牙,16.53057,18,91,18.9
2025,between_school_var,Saudi Arabia,沙烏地阿拉伯,16.71024,19,91,20.0
2025,between_school_var,Jordan,約旦,16.72124,20,91,21.1
2025,between_school_var,Kosovo,科索沃,17.07673,21,91,22.2
2025,between_school_var,Malaysia,馬來西亞,17.28899,22,91,23.3
2025,between_school_var,Philippines,菲律賓,17.45844,23,91,24.4
2025,between_school_var,Mexico,墨西哥,17.86716,24,91,25.6
2025,between_school_var,Dominican Republic,多明尼加,18.8049,25,91,26.7
2025,between_school_var,Costa Rica,哥斯大黎加,19.60693,26,91,27.8
2025,between_school_var,Kazakhstan,哈薩克,19.68245,27,91,28.9
2025,between_school_var,Peru,秘魯,19.77313,28,91,30.0
2025,between_school_var,Sweden,瑞典,19.89572,29,91,31.1
2025,between_school_var,Paraguay,巴拉圭,20.0508,30,91,32.2
2025,between_school_var,Georgia,喬治亞,20.32538,31,91,33.3
2025,between_school_var,New Zealand,紐西蘭,20.65151,32,91,34.4
2025,between_school_var,Moldova,摩爾多瓦,20.68782,33,91,35.6
2025,between_school_var,El Salvador,薩爾瓦多,20.82689,34,91,36.7
2025,between_school_var,Ukrainian regions (17 of 27),烏克蘭（17區）,21.52984,35,91,37.8
2025,between_school_var,Thailand,泰國,21.54709,36,91,38.9
2025,between_school_var,Morocco,摩洛哥,21.69997,37,91,40.0
2025,between_school_var,Ecuador,厄瓜多,21.96204,38,91,41.1
2025,between_school_var,Malta,馬爾他,22.0738,39,91,42.2
2025,between_school_var,Chile,智利,22.25884,40,91,43.3
2025,between_school_var,Mongolia,蒙古,22.35096,41,91,44.4
2025,between_school_var,Albania,阿爾巴尼亞,22.66004,42,91,45.6
2025,between_school_var,Greece,希臘,22.90406,43,91,46.7
2025,between_school_var,Guatemala,瓜地馬拉,23.00338,44,91,47.8
2025,between_school_var,Australia,澳洲,23.41275,45,91,48.9
2025,between_school_var,United Kingdom,英國,23.83725,46,91,50.0
2025,between_school_var,Macao (China),澳門,24.09458,47,91,51.1
2025,between_school_var,Lithuania,立陶宛,24.87332,48,91,52.2
2025,between_school_var,Korea,韓國,26.46282,49,91,53.3
2025,between_school_var,Brunei Darussalam,汶萊,26.54164,50,91,54.4
2025,between_school_var,Montenegro,蒙特內哥羅,27.61985,51,91,55.6
2025,between_school_var,Azerbaijan,亞塞拜然,27.6295,52,91,56.7
2025,between_school_var,North Macedonia,北馬其頓,28.18102,53,91,57.8
2025,between_school_var,Cyprus,賽普勒斯,29.88045,54,91,58.9
2025,between_school_var,Viet Nam,越南,30.14708,55,91,60.0
2025,between_school_var,Rwanda,盧安達,31.46815,56,91,61.1
2025,between_school_var,Colombia,哥倫比亞,31.69549,57,91,62.2
2025,between_school_var,Singapore,新加坡,32.16547,58,91,63.3
2025,between_school_var,Hong Kong (China),香港,32.66823,59,91,64.4
2025,between_school_var,Brazil,巴西,34.24026,60,91,65.6
2025,between_school_var,B-S-J-Z (China),中國四省市,34.41588,61,91,66.7
2025,between_school_var,Latvia,拉脫維亞,34.50135,62,91,67.8
2025,between_school_var,Kenya,肯亞,34.9526,63,91,68.9
2025,between_school_var,Serbia,塞爾維亞,35.12257,64,91,70.0
2025,between_school_var,Italy,義大利,35.21059,65,91,71.1
2025,between_school_var,Argentina,阿根廷,36.14299,66,91,72.2
2025,between_school_var,Qatar,卡達,36.88318,67,91,73.3
2025,between_school_var,United States,美國,38.8662,68,91,74.4
2025,between_school_var,France,法國,38.99739,69,91,75.6
2025,between_school_var,Israel,以色列,39.66816,70,91,76.7
2025,between_school_var,Belgium,比利時,40.85327,71,91,77.8
2025,between_school_var,Austria,奧地利,41.44595,72,91,78.9
2025,between_school_var,Czechia,捷克,41.6568,73,91,80.0
2025,between_school_var,Chinese Taipei,臺灣,42.10793,74,91,81.1
2025,between_school_var,Poland,波蘭,42.66011,75,91,82.2
2025,between_school_var,Luxembourg,盧森堡,42.99828,76,91,83.3
2025,between_school_var,Switzerland,瑞士,43.43074,77,91,84.4
2025,between_school_var,Croatia,克羅埃西亞,43.75954,78,91,85.6
2025,between_school_var,Hungary,匈牙利,46.3298,79,91,86.7
2025,between_school_var,Japan,日本,47.86455,80,91,87.8
2025,between_school_var,Lebanon,黎巴嫩,49.53157,81,91,88.9
2025,between_school_var,Türkiye,土耳其,50.06667,82,91,90.0
2025,between_school_var,Slovenia,斯洛維尼亞,50.74816,83,91,91.1
2025,between_school_var,Mauritius,模里西斯,51.2189,84,91,92.2
2025,between_school_var,Romania,羅馬尼亞,51.86533,85,91,93.3
2025,between_school_var,Slovak Republic,斯洛伐克,54.0022,86,91,94.4
2025,between_school_var,United Arab Emirates,阿聯,59.46554,87,91,95.6
2025,between_school_var,Germany,德國,62.3306,88,91,96.7
2025,between_school_var,Bulgaria,保加利亞,66.72156,89,91,97.8
2025,between_school_var,Netherlands,荷蘭,71.59846,90,91,98.9
2025,between_school_var,Zambia,尚比亞,83.00459,91,91,100.0
2025,bullying,Armenia,亞美尼亞,-0.5544,1,91,0.0
2025,bullying,Kazakhstan,哈薩克,-0.5211,2,91,1.1
2025,bullying,Uzbekistan,烏茲別克,-0.49371,3,91,2.2
2025,bullying,Albania,阿爾巴尼亞,-0.46523,4,91,3.3
2025,bullying,Korea,韓國,-0.426,5,91,4.4
2025,bullying,Chinese Taipei,臺灣,-0.412,6,91,5.6
2025,bullying,Saudi Arabia,沙烏地阿拉伯,-0.37687,7,91,6.7
2025,bullying,Azerbaijan,亞塞拜然,-0.36981,8,91,7.8
2025,bullying,Italy,義大利,-0.36778,9,91,8.9
2025,bullying,Serbia,塞爾維亞,-0.36198,10,91,10.0
2025,bullying,Georgia,喬治亞,-0.3321,11,91,11.1
2025,bullying,Japan,日本,-0.3226,12,91,12.2
2025,bullying,Dushanbe (Tajikistan),杜尚別（塔吉克）,-0.32161,13,91,13.3
2025,bullying,Montenegro,蒙特內哥羅,-0.3122,14,91,14.4
2025,bullying,Ukrainian regions (17 of 27),烏克蘭（17區）,-0.29277,15,91,15.6
2025,bullying,B-S-J-Z (China),中國四省市,-0.28126,16,91,16.7
2025,bullying,Portugal,葡萄牙,-0.2775,17,91,17.8
2025,bullying,Netherlands,荷蘭,-0.25917,18,91,18.9
2025,bullying,Kurdistan Region (Iraq),伊拉克庫德斯坦,-0.24935,19,91,20.0
2025,bullying,Croatia,克羅埃西亞,-0.24723,20,91,21.1
2025,bullying,Spain,西班牙,-0.24328,21,91,22.2
2025,bullying,North Macedonia,北馬其頓,-0.23631,22,91,23.3
2025,bullying,Israel,以色列,-0.21028,23,91,24.4
2025,bullying,Iceland,冰島,-0.21014,24,91,25.6
2025,bullying,Kyrgyzstan,吉爾吉斯,-0.17893,25,91,26.7
2025,bullying,Thailand,泰國,-0.16548,26,91,27.8
2025,bullying,Slovak Republic,斯洛伐克,-0.15527,27,91,28.9
2025,bullying,France,法國,-0.15309,28,91,30.0
2025,bullying,Poland,波蘭,-0.14541,29,91,31.1
2025,bullying,Slovenia,斯洛維尼亞,-0.13552,30,91,32.2
2025,bullying,Uruguay,烏拉圭,-0.12851,31,91,33.3
2025,bullying,Finland,芬蘭,-0.12293,32,91,34.4
2025,bullying,Brazil,巴西,-0.12004,33,91,35.6
2025,bullying,Hungary,匈牙利,-0.11765,34,91,36.7
2025,bullying,Norway,挪威,-0.10475,35,91,37.8
2025,bullying,Mexico,墨西哥,-0.10225,36,91,38.9
2025,bullying,Viet Nam,越南,-0.10198,37,91,40.0
2025,bullying,Ireland,愛爾蘭,-0.0952,38,91,41.1
2025,bullying,United States,美國,-0.09022,39,91,42.2
2025,bullying,Sweden,瑞典,-0.08862,40,91,43.3
2025,bullying,Lithuania,立陶宛,-0.08696,41,91,44.4
2025,bullying,Türkiye,土耳其,-0.08686,42,91,45.6
2025,bullying,Mongolia,蒙古,-0.07986,43,91,46.7
2025,bullying,Greece,希臘,-0.07888,44,91,47.8
2025,bullying,Kosovo,科索沃,-0.06969,45,91,48.9
2025,bullying,Palestinian Authority,巴勒斯坦,-0.06418,46,91,50.0
2025,bullying,Cambodia,柬埔寨,-0.05521,47,91,51.1
2025,bullying,Hong Kong (China),香港,-0.04089,48,91,52.2
2025,bullying,Jordan,約旦,-0.02288,49,91,53.3
2025,bullying,Canada,加拿大,-0.01875,50,91,54.4
2025,bullying,Indonesia,印尼,-0.01736,51,91,55.6
2025,bullying,Morocco,摩洛哥,-0.01501,52,91,56.7
2025,bullying,Belgium,比利時,-0.01398,53,91,57.8
2025,bullying,Luxembourg,盧森堡,-0.01287,54,91,58.9
2025,bullying,Costa Rica,哥斯大黎加,-0.00762,55,91,60.0
2025,bullying,Singapore,新加坡,-0.0065,56,91,61.1
2025,bullying,Romania,羅馬尼亞,-0.00433,57,91,62.2
2025,bullying,Czechia,捷克,-0.00323,58,91,63.3
2025,bullying,Guatemala,瓜地馬拉,-0.00272,59,91,64.4
2025,bullying,United Arab Emirates,阿聯,0.00023,60,91,65.6
2025,bullying,Switzerland,瑞士,0.01135,61,91,66.7
2025,bullying,Chile,智利,0.01742,62,91,67.8
2025,bullying,Cyprus,賽普勒斯,0.01753,63,91,68.9
2025,bullying,Colombia,哥倫比亞,0.02056,64,91,70.0
2025,bullying,Argentina,阿根廷,0.02159,65,91,71.1
2025,bullying,Bulgaria,保加利亞,0.02243,66,91,72.2
2025,bullying,Austria,奧地利,0.02579,67,91,73.3
2025,bullying,Ecuador,厄瓜多,0.03723,68,91,74.4
2025,bullying,Qatar,卡達,0.03832,69,91,75.6
2025,bullying,Peru,秘魯,0.06382,70,91,76.7
2025,bullying,Macao (China),澳門,0.10263,71,91,77.8
2025,bullying,United Kingdom,英國,0.10701,72,91,78.9
2025,bullying,Dominican Republic,多明尼加,0.11209,73,91,80.0
2025,bullying,Malaysia,馬來西亞,0.11459,74,91,81.1
2025,bullying,Malta,馬爾他,0.12129,75,91,82.2
2025,bullying,Australia,澳洲,0.12986,76,91,83.3
2025,bullying,Denmark,丹麥,0.14012,77,91,84.4
2025,bullying,Paraguay,巴拉圭,0.14278,78,91,85.6
2025,bullying,Latvia,拉脫維亞,0.1458,79,91,86.7
2025,bullying,Estonia,愛沙尼亞,0.15914,80,91,87.8
2025,bullying,Moldova,摩爾多瓦,0.16434,81,91,88.9
2025,bullying,New Zealand,紐西蘭,0.16739,82,91,90.0
2025,bullying,Germany,德國,0.18198,83,91,91.1
2025,bullying,Mauritius,模里西斯,0.19681,84,91,92.2
2025,bullying,El Salvador,薩爾瓦多,0.21935,85,91,93.3
2025,bullying,Lebanon,黎巴嫩,0.29521,86,91,94.4
2025,bullying,Brunei Darussalam,汶萊,0.37549,87,91,95.6
2025,bullying,Zambia,尚比亞,0.46526,88,91,96.7
2025,bullying,Philippines,菲律賓,0.69669,89,91,97.8
2025,bullying,Kenya,肯亞,0.81469,90,91,98.9
2025,bullying,Rwanda,盧安達,1.01093,91,91,100.0
2025,class_size_city_rural,Hong Kong (China),香港,-1.64599,1,76,0.0
2025,class_size_city_rural,Viet Nam,越南,-1.62497,2,76,1.3
2025,class_size_city_rural,Morocco,摩洛哥,-1.4223,3,76,2.7
2025,class_size_city_rural,Austria,奧地利,-1.2599,4,76,4.0
2025,class_size_city_rural,Belgium,比利時,-1.13359,5,76,5.3
2025,class_size_city_rural,Cambodia,柬埔寨,-1.11996,6,76,6.7
2025,class_size_city_rural,Dushanbe (Tajikistan),杜尚別（塔吉克）,-1.06783,7,76,8.0
2025,class_size_city_rural,Ireland,愛爾蘭,-0.58038,8,76,9.3
2025,class_size_city_rural,B-S-J-Z (China),中國四省市,0.2776,9,76,10.7
2025,class_size_city_rural,Dominican Republic,多明尼加,0.51848,10,76,12.0
2025,class_size_city_rural,Rwanda,盧安達,1.11653,11,76,13.3
2025,class_size_city_rural,United Arab Emirates,阿聯,1.18575,12,76,14.7
2025,class_size_city_rural,Switzerland,瑞士,1.21288,13,76,16.0
2025,class_size_city_rural,Kyrgyzstan,吉爾吉斯,1.39582,14,76,17.3
2025,class_size_city_rural,Sweden,瑞典,1.50103,15,76,18.7
2025,class_size_city_rural,Denmark,丹麥,1.69128,16,76,20.0
2025,class_size_city_rural,Cyprus,賽普勒斯,1.74128,17,76,21.3
2025,class_size_city_rural,United Kingdom,英國,2.31304,18,76,22.7
2025,class_size_city_rural,France,法國,2.33666,19,76,24.0
2025,class_size_city_rural,Qatar,卡達,2.57049,20,76,25.3
2025,class_size_city_rural,Costa Rica,哥斯大黎加,2.9788,21,76,26.7
2025,class_size_city_rural,Poland,波蘭,3.42812,22,76,28.0
2025,class_size_city_rural,Finland,芬蘭,3.75279,23,76,29.3
2025,class_size_city_rural,Malaysia,馬來西亞,4.14827,24,76,30.7
2025,class_size_city_rural,Kurdistan Region (Iraq),伊拉克庫德斯坦,4.18412,25,76,32.0
2025,class_size_city_rural,Greece,希臘,4.24647,26,76,33.3
2025,class_size_city_rural,Norway,挪威,4.30173,27,76,34.7
2025,class_size_city_rural,Uzbekistan,烏茲別克,4.38891,28,76,36.0
2025,class_size_city_rural,Kazakhstan,哈薩克,4.39418,29,76,37.3
2025,class_size_city_rural,Uruguay,烏拉圭,4.42015,30,76,38.7
2025,class_size_city_rural,Israel,以色列,4.47527,31,76,40.0
2025,class_size_city_rural,Slovenia,斯洛維尼亞,4.89567,32,76,41.3
2025,class_size_city_rural,Czechia,捷克,5.01967,33,76,42.7
2025,class_size_city_rural,Slovak Republic,斯洛伐克,5.17805,34,76,44.0
2025,class_size_city_rural,Kenya,肯亞,5.30749,35,76,45.3
2025,class_size_city_rural,Lebanon,黎巴嫩,5.35615,36,76,46.7
2025,class_size_city_rural,Australia,澳洲,5.49319,37,76,48.0
2025,class_size_city_rural,Canada,加拿大,5.58048,38,76,49.3
2025,class_size_city_rural,Indonesia,印尼,5.81248,39,76,50.7
2025,class_size_city_rural,Philippines,菲律賓,6.14427,40,76,52.0
2025,class_size_city_rural,North Macedonia,北馬其頓,6.70286,41,76,53.3
2025,class_size_city_rural,Jordan,約旦,6.78925,42,76,54.7
2025,class_size_city_rural,New Zealand,紐西蘭,7.01907,43,76,56.0
2025,class_size_city_rural,Peru,秘魯,7.07436,44,76,57.3
2025,class_size_city_rural,Ecuador,厄瓜多,7.1153,45,76,58.7
2025,class_size_city_rural,Kosovo,科索沃,7.40122,46,76,60.0
2025,class_size_city_rural,Korea,韓國,7.48344,47,76,61.3
2025,class_size_city_rural,Saudi Arabia,沙烏地阿拉伯,7.53428,48,76,62.7
2025,class_size_city_rural,El Salvador,薩爾瓦多,7.54043,49,76,64.0
2025,class_size_city_rural,Guatemala,瓜地馬拉,7.64169,50,76,65.3
2025,class_size_city_rural,Croatia,克羅埃西亞,7.73775,51,76,66.7
2025,class_size_city_rural,Albania,阿爾巴尼亞,7.8497,52,76,68.0
2025,class_size_city_rural,Lithuania,立陶宛,7.87956,53,76,69.3
2025,class_size_city_rural,Estonia,愛沙尼亞,8.01306,54,76,70.7
2025,class_size_city_rural,Romania,羅馬尼亞,8.06366,55,76,72.0
2025,class_size_city_rural,Latvia,拉脫維亞,8.12479,56,76,73.3
2025,class_size_city_rural,Spain,西班牙,8.3571,57,76,74.7
2025,class_size_city_rural,Thailand,泰國,8.97876,58,76,76.0
2025,class_size_city_rural,Colombia,哥倫比亞,9.0206,59,76,77.3
2025,class_size_city_rural,United States,美國,9.24492,60,76,78.7
2025,class_size_city_rural,Ukrainian regions (17 of 27),烏克蘭（17區）,9.30684,61,76,80.0
2025,class_size_city_rural,Hungary,匈牙利,9.43807,62,76,81.3
2025,class_size_city_rural,Iceland,冰島,9.5937,63,76,82.7
2025,class_size_city_rural,Azerbaijan,亞塞拜然,9.62037,64,76,84.0
2025,class_size_city_rural,Moldova,摩爾多瓦,9.66739,65,76,85.3
2025,class_size_city_rural,Brazil,巴西,9.74408,66,76,86.7
2025,class_size_city_rural,Palestinian Authority,巴勒斯坦,9.86996,67,76,88.0
2025,class_size_city_rural,Zambia,尚比亞,10.20867,68,76,89.3
2025,class_size_city_rural,Bulgaria,保加利亞,10.7176,69,76,90.7
2025,class_size_city_rural,Chinese Taipei,臺灣,11.74747,70,76,92.0
2025,class_size_city_rural,Argentina,阿根廷,11.94941,71,76,93.3
2025,class_size_city_rural,Mexico,墨西哥,12.19796,72,76,94.7
2025,class_size_city_rural,Armenia,亞美尼亞,12.78989,73,76,96.0
2025,class_size_city_rural,Georgia,喬治亞,12.87016,74,76,97.3
2025,class_size_city_rural,Mongolia,蒙古,13.87567,75,76,98.7
2025,class_size_city_rural,Paraguay,巴拉圭,15.26283,76,76,100.0
2025,class_size_sci,Malta,馬爾他,17.28172,1,89,0.0
2025,class_size_sci,Cyprus,賽普勒斯,18.44714,2,89,1.1
2025,class_size_sci,Finland,芬蘭,18.48462,3,89,2.3
2025,class_size_sci,Switzerland,瑞士,19.24468,4,89,3.4
2025,class_size_sci,Belgium,比利時,19.39239,5,89,4.5
2025,class_size_sci,Denmark,丹麥,21.16983,6,89,5.7
2025,class_size_sci,Luxembourg,盧森堡,21.52588,7,89,6.8
2025,class_size_sci,Croatia,克羅埃西亞,21.85944,8,89,8.0
2025,class_size_sci,Slovak Republic,斯洛伐克,22.53404,9,89,9.1
2025,class_size_sci,Estonia,愛沙尼亞,22.56251,10,89,10.2
2025,class_size_sci,Austria,奧地利,22.71327,11,89,11.4
2025,class_size_sci,France,法國,22.71367,12,89,12.5
2025,class_size_sci,Brunei Darussalam,汶萊,23.03408,13,89,13.6
2025,class_size_sci,Greece,希臘,23.04735,14,89,14.8
2025,class_size_sci,Ireland,愛爾蘭,23.22687,15,89,15.9
2025,class_size_sci,Kazakhstan,哈薩克,23.29961,16,89,17.0
2025,class_size_sci,Latvia,拉脫維亞,23.41027,17,89,18.2
2025,class_size_sci,Portugal,葡萄牙,23.55825,18,89,19.3
2025,class_size_sci,Sweden,瑞典,23.60963,19,89,20.5
2025,class_size_sci,Iceland,冰島,23.95125,20,89,21.6
2025,class_size_sci,Armenia,亞美尼亞,23.98534,21,89,22.7
2025,class_size_sci,Norway,挪威,24.00294,22,89,23.9
2025,class_size_sci,Kosovo,科索沃,24.10544,23,89,25.0
2025,class_size_sci,North Macedonia,北馬其頓,24.26911,24,89,26.1
2025,class_size_sci,Australia,澳洲,24.46915,25,89,27.3
2025,class_size_sci,Czechia,捷克,24.48886,26,89,28.4
2025,class_size_sci,Moldova,摩爾多瓦,24.66728,27,89,29.5
2025,class_size_sci,United States,美國,24.6939,28,89,30.7
2025,class_size_sci,Romania,羅馬尼亞,24.81298,29,89,31.8
2025,class_size_sci,Germany,德國,25.0397,30,89,33.0
2025,class_size_sci,Lithuania,立陶宛,25.20625,31,89,34.1
2025,class_size_sci,Israel,以色列,25.42125,32,89,35.2
2025,class_size_sci,Spain,西班牙,25.46757,33,89,36.4
2025,class_size_sci,United Kingdom,英國,25.57486,34,89,37.5
2025,class_size_sci,New Zealand,紐西蘭,25.62442,35,89,38.6
2025,class_size_sci,Montenegro,蒙特內哥羅,25.64833,36,89,39.8
2025,class_size_sci,Serbia,塞爾維亞,25.75813,37,89,40.9
2025,class_size_sci,Lebanon,黎巴嫩,25.96114,38,89,42.0
2025,class_size_sci,Hong Kong (China),香港,25.98015,39,89,43.2
2025,class_size_sci,Uruguay,烏拉圭,26.16404,40,89,44.3
2025,class_size_sci,Poland,波蘭,26.33339,41,89,45.5
2025,class_size_sci,Slovenia,斯洛維尼亞,26.33661,42,89,46.6
2025,class_size_sci,Ukrainian regions (17 of 27),烏克蘭（17區）,26.71241,43,89,47.7
2025,class_size_sci,Albania,阿爾巴尼亞,26.73881,44,89,48.9
2025,class_size_sci,Hungary,匈牙利,27.18552,45,89,50.0
2025,class_size_sci,Türkiye,土耳其,27.41773,46,89,51.1
2025,class_size_sci,Peru,秘魯,27.64672,47,89,52.3
2025,class_size_sci,Korea,韓國,27.65438,48,89,53.4
2025,class_size_sci,Azerbaijan,亞塞拜然,27.6659,49,89,54.5
2025,class_size_sci,Canada,加拿大,27.66978,50,89,55.7
2025,class_size_sci,Malaysia,馬來西亞,27.69948,51,89,56.8
2025,class_size_sci,United Arab Emirates,阿聯,27.78469,52,89,58.0
2025,class_size_sci,Georgia,喬治亞,27.89934,53,89,59.1
2025,class_size_sci,Qatar,卡達,28.02116,54,89,60.2
2025,class_size_sci,Bulgaria,保加利亞,28.46736,55,89,61.4
2025,class_size_sci,Costa Rica,哥斯大黎加,28.5009,56,89,62.5
2025,class_size_sci,Uzbekistan,烏茲別克,28.65163,57,89,63.6
2025,class_size_sci,Guatemala,瓜地馬拉,29.3846,58,89,64.8
2025,class_size_sci,Paraguay,巴拉圭,29.9683,59,89,65.9
2025,class_size_sci,Mongolia,蒙古,30.19648,60,89,67.0
2025,class_size_sci,Indonesia,印尼,30.62391,61,89,68.2
2025,class_size_sci,Kurdistan Region (Iraq),伊拉克庫德斯坦,31.01573,62,89,69.3
2025,class_size_sci,Morocco,摩洛哥,31.12711,63,89,70.5
2025,class_size_sci,El Salvador,薩爾瓦多,31.28924,64,89,71.6
2025,class_size_sci,Palestinian Authority,巴勒斯坦,31.69648,65,89,72.7
2025,class_size_sci,Mauritius,模里西斯,31.84017,66,89,73.9
2025,class_size_sci,Saudi Arabia,沙烏地阿拉伯,32.23705,67,89,75.0
2025,class_size_sci,Jordan,約旦,32.32203,68,89,76.1
2025,class_size_sci,Macao (China),澳門,32.46538,69,89,77.3
2025,class_size_sci,Singapore,新加坡,32.80051,70,89,78.4
2025,class_size_sci,Chinese Taipei,臺灣,32.86779,71,89,79.5
2025,class_size_sci,Dominican Republic,多明尼加,33.08876,72,89,80.7
2025,class_size_sci,Dushanbe (Tajikistan),杜尚別（塔吉克）,33.09318,73,89,81.8
2025,class_size_sci,Colombia,哥倫比亞,33.55646,74,89,83.0
2025,class_size_sci,Kyrgyzstan,吉爾吉斯,33.62787,75,89,84.1
2025,class_size_sci,Thailand,泰國,34.27473,76,89,85.2
2025,class_size_sci,Brazil,巴西,34.48644,77,89,86.4
2025,class_size_sci,Japan,日本,35.34329,78,89,87.5
2025,class_size_sci,Chile,智利,35.96143,79,89,88.6
2025,class_size_sci,Ecuador,厄瓜多,38.77105,80,89,89.8
2025,class_size_sci,Philippines,菲律賓,40.3177,81,89,90.9
2025,class_size_sci,Viet Nam,越南,41.06798,82,89,92.0
2025,class_size_sci,Argentina,阿根廷,41.68638,83,89,93.2
2025,class_size_sci,Zambia,尚比亞,42.44765,84,89,94.3
2025,class_size_sci,B-S-J-Z (China),中國四省市,43.57701,85,89,95.5
2025,class_size_sci,Rwanda,盧安達,44.00033,86,89,96.6
2025,class_size_sci,Cambodia,柬埔寨,44.13506,87,89,97.7
2025,class_size_sci,Kenya,肯亞,45.10133,88,89,98.9
2025,class_size_sci,Mexico,墨西哥,47.06928,89,89,100.0
2025,cognitive_activation,Uzbekistan,烏茲別克,0.81649,1,90,0.0
2025,cognitive_activation,Albania,阿爾巴尼亞,0.71285,2,90,1.1
2025,cognitive_activation,B-S-J-Z (China),中國四省市,0.66732,3,90,2.2
2025,cognitive_activation,Kenya,肯亞,0.60102,4,90,3.4
2025,cognitive_activation,Viet Nam,越南,0.56651,5,90,4.5
2025,cognitive_activation,Indonesia,印尼,0.5417,6,90,5.6
2025,cognitive_activation,Saudi Arabia,沙烏地阿拉伯,0.5283,7,90,6.7
2025,cognitive_activation,Azerbaijan,亞塞拜然,0.5223,8,90,7.9
2025,cognitive_activation,Singapore,新加坡,0.51245,9,90,9.0
2025,cognitive_activation,United Arab Emirates,阿聯,0.49933,10,90,10.1
2025,cognitive_activation,Philippines,菲律賓,0.45959,11,90,11.2
2025,cognitive_activation,Korea,韓國,0.44045,12,90,12.4
2025,cognitive_activation,Malaysia,馬來西亞,0.43928,13,90,13.5
2025,cognitive_activation,United Kingdom,英國,0.41436,14,90,14.6
2025,cognitive_activation,Brunei Darussalam,汶萊,0.40903,15,90,15.7
2025,cognitive_activation,Kazakhstan,哈薩克,0.39076,16,90,16.9
2025,cognitive_activation,Armenia,亞美尼亞,0.38518,17,90,18.0
2025,cognitive_activation,Kyrgyzstan,吉爾吉斯,0.36124,18,90,19.1
2025,cognitive_activation,Dushanbe (Tajikistan),杜尚別（塔吉克）,0.35786,19,90,20.2
2025,cognitive_activation,United States,美國,0.35667,20,90,21.3
2025,cognitive_activation,Hong Kong (China),香港,0.32578,21,90,22.5
2025,cognitive_activation,Peru,秘魯,0.31415,22,90,23.6
2025,cognitive_activation,Australia,澳洲,0.30533,23,90,24.7
2025,cognitive_activation,Japan,日本,0.30297,24,90,25.8
2025,cognitive_activation,Mongolia,蒙古,0.30028,25,90,27.0
2025,cognitive_activation,Kurdistan Region (Iraq),伊拉克庫德斯坦,0.29578,26,90,28.1
2025,cognitive_activation,Thailand,泰國,0.29478,27,90,29.2
2025,cognitive_activation,Rwanda,盧安達,0.27953,28,90,30.3
2025,cognitive_activation,Ukrainian regions (17 of 27),烏克蘭（17區）,0.25482,29,90,31.5
2025,cognitive_activation,New Zealand,紐西蘭,0.24027,30,90,32.6
2025,cognitive_activation,Zambia,尚比亞,0.22156,31,90,33.7
2025,cognitive_activation,Canada,加拿大,0.22052,32,90,34.8
2025,cognitive_activation,Cambodia,柬埔寨,0.21613,33,90,36.0
2025,cognitive_activation,Macao (China),澳門,0.21578,34,90,37.1
2025,cognitive_activation,Bulgaria,保加利亞,0.21433,35,90,38.2
2025,cognitive_activation,Malta,馬爾他,0.21278,36,90,39.3
2025,cognitive_activation,Ireland,愛爾蘭,0.19786,37,90,40.4
2025,cognitive_activation,Latvia,拉脫維亞,0.19781,38,90,41.6
2025,cognitive_activation,Portugal,葡萄牙,0.19049,39,90,42.7
2025,cognitive_activation,Lebanon,黎巴嫩,0.18423,40,90,43.8
2025,cognitive_activation,Norway,挪威,0.18248,41,90,44.9
2025,cognitive_activation,Chile,智利,0.17305,42,90,46.1
2025,cognitive_activation,Guatemala,瓜地馬拉,0.17175,43,90,47.2
2025,cognitive_activation,Moldova,摩爾多瓦,0.15698,44,90,48.3
2025,cognitive_activation,Qatar,卡達,0.15037,45,90,49.4
2025,cognitive_activation,El Salvador,薩爾瓦多,0.14174,46,90,50.6
2025,cognitive_activation,Dominican Republic,多明尼加,0.12827,47,90,51.7
2025,cognitive_activation,North Macedonia,北馬其頓,0.11799,48,90,52.8
2025,cognitive_activation,Ecuador,厄瓜多,0.11715,49,90,53.9
2025,cognitive_activation,Croatia,克羅埃西亞,0.11653,50,90,55.1
2025,cognitive_activation,Georgia,喬治亞,0.09695,51,90,56.2
2025,cognitive_activation,Mexico,墨西哥,0.08013,52,90,57.3
2025,cognitive_activation,Jordan,約旦,0.03675,53,90,58.4
2025,cognitive_activation,Palestinian Authority,巴勒斯坦,0.03324,54,90,59.6
2025,cognitive_activation,Germany,德國,0.01782,55,90,60.7
2025,cognitive_activation,Serbia,塞爾維亞,0.01483,56,90,61.8
2025,cognitive_activation,Colombia,哥倫比亞,-0.00806,57,90,62.9
2025,cognitive_activation,Romania,羅馬尼亞,-0.01423,58,90,64.0
2025,cognitive_activation,Luxembourg,盧森堡,-0.02366,59,90,65.2
2025,cognitive_activation,Denmark,丹麥,-0.04099,60,90,66.3
2025,cognitive_activation,Switzerland,瑞士,-0.04735,61,90,67.4
2025,cognitive_activation,Kosovo,科索沃,-0.05156,62,90,68.5
2025,cognitive_activation,Chinese Taipei,臺灣,-0.05166,63,90,69.7
2025,cognitive_activation,France,法國,-0.06194,64,90,70.8
2025,cognitive_activation,Brazil,巴西,-0.07051,65,90,71.9
2025,cognitive_activation,Slovenia,斯洛維尼亞,-0.07174,66,90,73.0
2025,cognitive_activation,Sweden,瑞典,-0.07352,67,90,74.2
2025,cognitive_activation,Montenegro,蒙特內哥羅,-0.07493,68,90,75.3
2025,cognitive_activation,Finland,芬蘭,-0.07704,69,90,76.4
2025,cognitive_activation,Estonia,愛沙尼亞,-0.07855,70,90,77.5
2025,cognitive_activation,Hungary,匈牙利,-0.09365,71,90,78.7
2025,cognitive_activation,Morocco,摩洛哥,-0.11703,72,90,79.8
2025,cognitive_activation,Belgium,比利時,-0.12287,73,90,80.9
2025,cognitive_activation,Mauritius,模里西斯,-0.12779,74,90,82.0
2025,cognitive_activation,Slovak Republic,斯洛伐克,-0.12822,75,90,83.1
2025,cognitive_activation,Czechia,捷克,-0.14013,76,90,84.3
2025,cognitive_activation,Türkiye,土耳其,-0.14929,77,90,85.4
2025,cognitive_activation,Israel,以色列,-0.16516,78,90,86.5
2025,cognitive_activation,Iceland,冰島,-0.16952,79,90,87.6
2025,cognitive_activation,Lithuania,立陶宛,-0.17018,80,90,88.8
2025,cognitive_activation,Italy,義大利,-0.19323,81,90,89.9
2025,cognitive_activation,Argentina,阿根廷,-0.19347,82,90,91.0
2025,cognitive_activation,Cyprus,賽普勒斯,-0.1995,83,90,92.1
2025,cognitive_activation,Austria,奧地利,-0.20663,84,90,93.3
2025,cognitive_activation,Paraguay,巴拉圭,-0.22796,85,90,94.4
2025,cognitive_activation,Spain,西班牙,-0.24664,86,90,95.5
2025,cognitive_activation,Poland,波蘭,-0.26558,87,90,96.6
2025,cognitive_activation,Uruguay,烏拉圭,-0.29524,88,90,97.8
2025,cognitive_activation,Greece,希臘,-0.30624,89,90,98.9
2025,cognitive_activation,Netherlands,荷蘭,-0.36412,90,90,100.0
2025,cognitive_adaptability,Saudi Arabia,沙烏地阿拉伯,0.30046,1,83,0.0
2025,cognitive_adaptability,Albania,阿爾巴尼亞,0.28496,2,83,1.2
2025,cognitive_adaptability,Costa Rica,哥斯大黎加,0.26895,3,83,2.4
2025,cognitive_adaptability,Colombia,哥倫比亞,0.24891,4,83,3.7
2025,cognitive_adaptability,Mexico,墨西哥,0.23637,5,83,4.9
2025,cognitive_adaptability,El Salvador,薩爾瓦多,0.22836,6,83,6.1
2025,cognitive_adaptability,Montenegro,蒙特內哥羅,0.22711,7,83,7.3
2025,cognitive_adaptability,Paraguay,巴拉圭,0.22579,8,83,8.5
2025,cognitive_adaptability,Kazakhstan,哈薩克,0.21208,9,83,9.8
2025,cognitive_adaptability,Ukrainian regions (17 of 27),烏克蘭（17區）,0.19078,10,83,11.0
2025,cognitive_adaptability,Armenia,亞美尼亞,0.17393,11,83,12.2
2025,cognitive_adaptability,Israel,以色列,0.16686,12,83,13.4
2025,cognitive_adaptability,United Arab Emirates,阿聯,0.16026,13,83,14.6
2025,cognitive_adaptability,United States,美國,0.15924,14,83,15.9
2025,cognitive_adaptability,Ecuador,厄瓜多,0.15585,15,83,17.1
2025,cognitive_adaptability,Uzbekistan,烏茲別克,0.14967,16,83,18.3
2025,cognitive_adaptability,Spain,西班牙,0.14947,17,83,19.5
2025,cognitive_adaptability,Serbia,塞爾維亞,0.13272,18,83,20.7
2025,cognitive_adaptability,Bulgaria,保加利亞,0.12078,19,83,22.0
2025,cognitive_adaptability,Viet Nam,越南,0.11957,20,83,23.2
2025,cognitive_adaptability,Azerbaijan,亞塞拜然,0.119,21,83,24.4
2025,cognitive_adaptability,Estonia,愛沙尼亞,0.11812,22,83,25.6
2025,cognitive_adaptability,Georgia,喬治亞,0.1099,23,83,26.8
2025,cognitive_adaptability,Chile,智利,0.10986,24,83,28.0
2025,cognitive_adaptability,North Macedonia,北馬其頓,0.10408,25,83,29.3
2025,cognitive_adaptability,Canada,加拿大,0.10352,26,83,30.5
2025,cognitive_adaptability,Morocco,摩洛哥,0.08984,27,83,31.7
2025,cognitive_adaptability,Türkiye,土耳其,0.08809,28,83,32.9
2025,cognitive_adaptability,Germany,德國,0.08683,29,83,34.1
2025,cognitive_adaptability,Austria,奧地利,0.0816,30,83,35.4
2025,cognitive_adaptability,Australia,澳洲,0.07397,31,83,36.6
2025,cognitive_adaptability,Croatia,克羅埃西亞,0.07311,32,83,37.8
2025,cognitive_adaptability,Malta,馬爾他,0.06667,33,83,39.0
2025,cognitive_adaptability,Slovenia,斯洛維尼亞,0.06076,34,83,40.2
2025,cognitive_adaptability,Guatemala,瓜地馬拉,0.06035,35,83,41.5
2025,cognitive_adaptability,B-S-J-Z (China),中國四省市,0.05886,36,83,42.7
2025,cognitive_adaptability,Iceland,冰島,0.05861,37,83,43.9
2025,cognitive_adaptability,Switzerland,瑞士,0.05379,38,83,45.1
2025,cognitive_adaptability,Ireland,愛爾蘭,0.04281,39,83,46.3
2025,cognitive_adaptability,Dominican Republic,多明尼加,0.03904,40,83,47.6
2025,cognitive_adaptability,Palestinian Authority,巴勒斯坦,0.03224,41,83,48.8
2025,cognitive_adaptability,Poland,波蘭,0.03193,42,83,50.0
2025,cognitive_adaptability,Kenya,肯亞,0.02569,43,83,51.2
2025,cognitive_adaptability,Moldova,摩爾多瓦,0.01682,44,83,52.4
2025,cognitive_adaptability,Mongolia,蒙古,0.01248,45,83,53.7
2025,cognitive_adaptability,Qatar,卡達,0.00401,46,83,54.9
2025,cognitive_adaptability,Denmark,丹麥,0.00183,47,83,56.1
2025,cognitive_adaptability,France,法國,2e-05,48,83,57.3
2025,cognitive_adaptability,Singapore,新加坡,-0.00238,49,83,58.5
2025,cognitive_adaptability,Argentina,阿根廷,-0.003,50,83,59.8
2025,cognitive_adaptability,Lithuania,立陶宛,-0.00699,51,83,61.0
2025,cognitive_adaptability,Luxembourg,盧森堡,-0.00843,52,83,62.2
2025,cognitive_adaptability,Kosovo,科索沃,-0.00863,53,83,63.4
2025,cognitive_adaptability,Finland,芬蘭,-0.01673,54,83,64.6
2025,cognitive_adaptability,Kyrgyzstan,吉爾吉斯,-0.01944,55,83,65.9
2025,cognitive_adaptability,New Zealand,紐西蘭,-0.0284,56,83,67.1
2025,cognitive_adaptability,Belgium,比利時,-0.03185,57,83,68.3
2025,cognitive_adaptability,United Kingdom,英國,-0.03293,58,83,69.5
2025,cognitive_adaptability,Romania,羅馬尼亞,-0.03319,59,83,70.7
2025,cognitive_adaptability,Jordan,約旦,-0.0343,60,83,72.0
2025,cognitive_adaptability,Uruguay,烏拉圭,-0.04206,61,83,73.2
2025,cognitive_adaptability,Greece,希臘,-0.04455,62,83,74.4
2025,cognitive_adaptability,Peru,秘魯,-0.05134,63,83,75.6
2025,cognitive_adaptability,Latvia,拉脫維亞,-0.05303,64,83,76.8
2025,cognitive_adaptability,Cyprus,賽普勒斯,-0.06809,65,83,78.0
2025,cognitive_adaptability,Portugal,葡萄牙,-0.07109,66,83,79.3
2025,cognitive_adaptability,Indonesia,印尼,-0.07139,67,83,80.5
2025,cognitive_adaptability,Philippines,菲律賓,-0.07511,68,83,81.7
2025,cognitive_adaptability,Netherlands,荷蘭,-0.08072,69,83,82.9
2025,cognitive_adaptability,Thailand,泰國,-0.15149,70,83,84.1
2025,cognitive_adaptability,Lebanon,黎巴嫩,-0.15296,71,83,85.4
2025,cognitive_adaptability,Brazil,巴西,-0.15443,72,83,86.6
2025,cognitive_adaptability,Slovak Republic,斯洛伐克,-0.16651,73,83,87.8
2025,cognitive_adaptability,Czechia,捷克,-0.16963,74,83,89.0
2025,cognitive_adaptability,Hong Kong (China),香港,-0.185,75,83,90.2
2025,cognitive_adaptability,Malaysia,馬來西亞,-0.19533,76,83,91.5
2025,cognitive_adaptability,Korea,韓國,-0.19989,77,83,92.7
2025,cognitive_adaptability,Hungary,匈牙利,-0.20621,78,83,93.9
2025,cognitive_adaptability,Macao (China),澳門,-0.21189,79,83,95.1
2025,cognitive_adaptability,Italy,義大利,-0.21855,80,83,96.3
2025,cognitive_adaptability,Chinese Taipei,臺灣,-0.24645,81,83,97.6
2025,cognitive_adaptability,Brunei Darussalam,汶萊,-0.31641,82,83,98.8
2025,cognitive_adaptability,Japan,日本,-0.53505,83,83,100.0
2025,cps_mean,Macao (China),澳門,571.90155,1,85,0.0
2025,cps_mean,Singapore,新加坡,563.4684,2,85,1.2
2025,cps_mean,B-S-J-Z (China),中國四省市,560.3053,3,85,2.4
2025,cps_mean,Japan,日本,557.31996,4,85,3.6
2025,cps_mean,Chinese Taipei,臺灣,550.89796,5,85,4.8
2025,cps_mean,Hong Kong (China),香港,545.48746,6,85,6.0
2025,cps_mean,Estonia,愛沙尼亞,540.67639,7,85,7.1
2025,cps_mean,Korea,韓國,537.65191,8,85,8.3
2025,cps_mean,Australia,澳洲,531.75974,9,85,9.5
2025,cps_mean,New Zealand,紐西蘭,530.85353,10,85,10.7
2025,cps_mean,Canada,加拿大,524.87797,11,85,11.9
2025,cps_mean,United Kingdom,英國,522.56954,12,85,13.1
2025,cps_mean,Switzerland,瑞士,519.80892,13,85,14.3
2025,cps_mean,Czechia,捷克,516.52788,14,85,15.5
2025,cps_mean,United States,美國,513.22293,15,85,16.7
2025,cps_mean,Lithuania,立陶宛,511.78239,16,85,17.9
2025,cps_mean,Ireland,愛爾蘭,511.42925,17,85,19.0
2025,cps_mean,Austria,奧地利,509.45378,18,85,20.2
2025,cps_mean,Belgium,比利時,508.14937,19,85,21.4
2025,cps_mean,Latvia,拉脫維亞,506.80561,20,85,22.6
2025,cps_mean,Poland,波蘭,506.6779,21,85,23.8
2025,cps_mean,Finland,芬蘭,506.64899,22,85,25.0
2025,cps_mean,Netherlands,荷蘭,506.13043,23,85,26.2
2025,cps_mean,Denmark,丹麥,505.8787,24,85,27.4
2025,cps_mean,Luxembourg,盧森堡,505.64297,25,85,28.6
2025,cps_mean,Sweden,瑞典,502.62383,26,85,29.8
2025,cps_mean,Portugal,葡萄牙,500.56936,27,85,31.0
2025,cps_mean,Spain,西班牙,498.79147,28,85,32.1
2025,cps_mean,Germany,德國,497.53764,29,85,33.3
2025,cps_mean,France,法國,497.49041,30,85,34.5
2025,cps_mean,Slovak Republic,斯洛伐克,496.82925,31,85,35.7
2025,cps_mean,Brunei Darussalam,汶萊,496.33607,32,85,36.9
2025,cps_mean,Hungary,匈牙利,495.03429,33,85,38.1
2025,cps_mean,Norway,挪威,491.05821,34,85,39.3
2025,cps_mean,Italy,義大利,490.02644,35,85,40.5
2025,cps_mean,Iceland,冰島,489.77053,36,85,41.7
2025,cps_mean,Slovenia,斯洛維尼亞,485.8818,37,85,42.9
2025,cps_mean,Malaysia,馬來西亞,484.11785,38,85,44.0
2025,cps_mean,Ukrainian regions (17 of 27),烏克蘭（17區）,477.53819,39,85,45.2
2025,cps_mean,Thailand,泰國,476.10465,40,85,46.4
2025,cps_mean,United Arab Emirates,阿聯,475.55335,41,85,47.6
2025,cps_mean,Türkiye,土耳其,472.85581,42,85,48.8
2025,cps_mean,Chile,智利,466.23184,43,85,50.0
2025,cps_mean,Croatia,克羅埃西亞,463.784,44,85,51.2
2025,cps_mean,Malta,馬爾他,462.5778,45,85,52.4
2025,cps_mean,Uruguay,烏拉圭,461.86593,46,85,53.6
2025,cps_mean,Viet Nam,越南,461.38666,47,85,54.8
2025,cps_mean,Greece,希臘,461.01015,48,85,56.0
2025,cps_mean,Mexico,墨西哥,452.95076,49,85,57.1
2025,cps_mean,Moldova,摩爾多瓦,452.26848,50,85,58.3
2025,cps_mean,Qatar,卡達,452.18589,51,85,59.5
2025,cps_mean,Costa Rica,哥斯大黎加,451.91616,52,85,60.7
2025,cps_mean,Kazakhstan,哈薩克,448.85457,53,85,61.9
2025,cps_mean,Israel,以色列,443.76474,54,85,63.1
2025,cps_mean,Mongolia,蒙古,442.99666,55,85,64.3
2025,cps_mean,Romania,羅馬尼亞,442.15154,56,85,65.5
2025,cps_mean,Serbia,塞爾維亞,437.4879,57,85,66.7
2025,cps_mean,Albania,阿爾巴尼亞,436.987,58,85,67.9
2025,cps_mean,Peru,秘魯,436.31807,59,85,69.0
2025,cps_mean,Philippines,菲律賓,434.44804,60,85,70.2
2025,cps_mean,Colombia,哥倫比亞,431.78916,61,85,71.4
2025,cps_mean,Cyprus,賽普勒斯,427.15084,62,85,72.6
2025,cps_mean,Indonesia,印尼,426.86047,63,85,73.8
2025,cps_mean,Saudi Arabia,沙烏地阿拉伯,425.80632,64,85,75.0
2025,cps_mean,Bulgaria,保加利亞,425.3066,65,85,76.2
2025,cps_mean,Montenegro,蒙特內哥羅,423.13343,66,85,77.4
2025,cps_mean,Ecuador,厄瓜多,421.90787,67,85,78.6
2025,cps_mean,Georgia,喬治亞,413.33656,68,85,79.8
2025,cps_mean,Jordan,約旦,407.79271,69,85,81.0
2025,cps_mean,Brazil,巴西,405.54951,70,85,82.1
2025,cps_mean,Argentina,阿根廷,403.33997,71,85,83.3
2025,cps_mean,Uzbekistan,烏茲別克,402.36563,72,85,84.5
2025,cps_mean,El Salvador,薩爾瓦多,401.34699,73,85,85.7
2025,cps_mean,Palestinian Authority,巴勒斯坦,393.45203,74,85,86.9
2025,cps_mean,North Macedonia,北馬其頓,389.09288,75,85,88.1
2025,cps_mean,Azerbaijan,亞塞拜然,387.83205,76,85,89.3
2025,cps_mean,Kyrgyzstan,吉爾吉斯,387.82975,77,85,90.5
2025,cps_mean,Dominican Republic,多明尼加,378.76569,78,85,91.7
2025,cps_mean,Morocco,摩洛哥,373.87478,79,85,92.9
2025,cps_mean,Guatemala,瓜地馬拉,369.06219,80,85,94.0
2025,cps_mean,Kosovo,科索沃,358.93319,81,85,95.2
2025,cps_mean,Lebanon,黎巴嫩,358.17236,82,85,96.4
2025,cps_mean,Armenia,亞美尼亞,354.36597,83,85,97.6
2025,cps_mean,Paraguay,巴拉圭,352.49057,84,85,98.8
2025,cps_mean,Kenya,肯亞,277.89092,85,85,100.0
2025,cram_science,Viet Nam,越南,97.01123,1,89,0.0
2025,cram_science,Indonesia,印尼,94.41472,2,89,1.1
2025,cram_science,Jordan,約旦,93.84926,3,89,2.3
2025,cram_science,Azerbaijan,亞塞拜然,91.75457,4,89,3.4
2025,cram_science,Palestinian Authority,巴勒斯坦,91.51536,5,89,4.5
2025,cram_science,Kenya,肯亞,91.46896,6,89,5.7
2025,cram_science,Rwanda,盧安達,91.17847,7,89,6.8
2025,cram_science,Cambodia,柬埔寨,90.02131,8,89,8.0
2025,cram_science,Malaysia,馬來西亞,89.3417,9,89,9.1
2025,cram_science,Uzbekistan,烏茲別克,89.28326,10,89,10.2
2025,cram_science,Philippines,菲律賓,89.14832,11,89,11.4
2025,cram_science,United Arab Emirates,阿聯,88.39969,12,89,12.5
2025,cram_science,Morocco,摩洛哥,88.39118,13,89,13.6
2025,cram_science,Thailand,泰國,88.37903,14,89,14.8
2025,cram_science,Kazakhstan,哈薩克,87.61794,15,89,15.9
2025,cram_science,Kurdistan Region (Iraq),伊拉克庫德斯坦,87.3082,16,89,17.0
2025,cram_science,Mongolia,蒙古,86.71324,17,89,18.2
2025,cram_science,Latvia,拉脫維亞,86.15518,18,89,19.3
2025,cram_science,Kyrgyzstan,吉爾吉斯,86.08217,19,89,20.5
2025,cram_science,Lebanon,黎巴嫩,85.95322,20,89,21.6
2025,cram_science,Zambia,尚比亞,85.65375,21,89,22.7
2025,cram_science,Brunei Darussalam,汶萊,85.54896,22,89,23.9
2025,cram_science,Saudi Arabia,沙烏地阿拉伯,85.3314,23,89,25.0
2025,cram_science,El Salvador,薩爾瓦多,84.30952,24,89,26.1
2025,cram_science,Georgia,喬治亞,83.5863,25,89,27.3
2025,cram_science,Ecuador,厄瓜多,83.3833,26,89,28.4
2025,cram_science,Qatar,卡達,83.29145,27,89,29.5
2025,cram_science,Mauritius,模里西斯,82.69841,28,89,30.7
2025,cram_science,Peru,秘魯,81.29506,29,89,31.8
2025,cram_science,B-S-J-Z (China),中國四省市,81.1302,30,89,33.0
2025,cram_science,Singapore,新加坡,79.95975,31,89,34.1
2025,cram_science,Paraguay,巴拉圭,78.81897,32,89,35.2
2025,cram_science,Moldova,摩爾多瓦,78.1541,33,89,36.4
2025,cram_science,Malta,馬爾他,77.93033,34,89,37.5
2025,cram_science,Dominican Republic,多明尼加,77.35841,35,89,38.6
2025,cram_science,Israel,以色列,77.15363,36,89,39.8
2025,cram_science,Cyprus,賽普勒斯,76.52124,37,89,40.9
2025,cram_science,Ukrainian regions (17 of 27),烏克蘭（17區）,75.40207,38,89,42.0
2025,cram_science,Guatemala,瓜地馬拉,74.99968,39,89,43.2
2025,cram_science,Croatia,克羅埃西亞,74.23951,40,89,44.3
2025,cram_science,Kosovo,科索沃,74.15549,41,89,45.5
2025,cram_science,Dushanbe (Tajikistan),杜尚別（塔吉克）,73.62042,42,89,46.6
2025,cram_science,Mexico,墨西哥,73.49787,43,89,47.7
2025,cram_science,North Macedonia,北馬其頓,72.53272,44,89,48.9
2025,cram_science,Chinese Taipei,臺灣,72.36109,45,89,50.0
2025,cram_science,Türkiye,土耳其,72.2011,46,89,51.1
2025,cram_science,Colombia,哥倫比亞,72.09962,47,89,52.3
2025,cram_science,Hong Kong (China),香港,71.77114,48,89,53.4
2025,cram_science,Bulgaria,保加利亞,71.49851,49,89,54.5
2025,cram_science,United Kingdom,英國,71.35827,50,89,55.7
2025,cram_science,Macao (China),澳門,71.331,51,89,56.8
2025,cram_science,Korea,韓國,71.13825,52,89,58.0
2025,cram_science,Greece,希臘,70.91161,53,89,59.1
2025,cram_science,Portugal,葡萄牙,70.86102,54,89,60.2
2025,cram_science,Armenia,亞美尼亞,69.91742,55,89,61.4
2025,cram_science,Lithuania,立陶宛,69.27344,56,89,62.5
2025,cram_science,Montenegro,蒙特內哥羅,69.09054,57,89,63.6
2025,cram_science,Estonia,愛沙尼亞,68.20549,58,89,64.8
2025,cram_science,Costa Rica,哥斯大黎加,68.20123,59,89,65.9
2025,cram_science,Albania,阿爾巴尼亞,67.00886,60,89,67.0
2025,cram_science,Romania,羅馬尼亞,65.55504,61,89,68.2
2025,cram_science,Czechia,捷克,65.2904,62,89,69.3
2025,cram_science,Brazil,巴西,64.75342,63,89,70.5
2025,cram_science,Slovak Republic,斯洛伐克,62.81246,64,89,71.6
2025,cram_science,Germany,德國,61.66971,65,89,72.7
2025,cram_science,Poland,波蘭,61.46484,66,89,73.9
2025,cram_science,United States,美國,60.87893,67,89,75.0
2025,cram_science,Chile,智利,60.1893,68,89,76.1
2025,cram_science,Hungary,匈牙利,59.79562,69,89,77.3
2025,cram_science,Canada,加拿大,59.03376,70,89,78.4
2025,cram_science,Serbia,塞爾維亞,58.39013,71,89,79.5
2025,cram_science,Argentina,阿根廷,56.86893,72,89,80.7
2025,cram_science,Slovenia,斯洛維尼亞,56.56335,73,89,81.8
2025,cram_science,Spain,西班牙,56.48378,74,89,83.0
2025,cram_science,Italy,義大利,56.41933,75,89,84.1
2025,cram_science,Switzerland,瑞士,55.95423,76,89,85.2
2025,cram_science,New Zealand,紐西蘭,55.80101,77,89,86.4
2025,cram_science,Austria,奧地利,54.27703,78,89,87.5
2025,cram_science,Netherlands,荷蘭,54.25773,79,89,88.6
2025,cram_science,Australia,澳洲,53.4698,80,89,89.8
2025,cram_science,Finland,芬蘭,52.5172,81,89,90.9
2025,cram_science,Luxembourg,盧森堡,52.06986,82,89,92.0
2025,cram_science,France,法國,48.64515,83,89,93.2
2025,cram_science,Ireland,愛爾蘭,44.78429,84,89,94.3
2025,cram_science,Denmark,丹麥,44.543,85,89,95.5
2025,cram_science,Iceland,冰島,43.68921,86,89,96.6
2025,cram_science,Japan,日本,42.1119,87,89,97.7
2025,cram_science,Uruguay,烏拉圭,41.03904,88,89,98.9
2025,cram_science,Belgium,比利時,33.85576,89,89,100.0
2025,cram_ses_gap,Iceland,冰島,-10.93264,1,88,0.0
2025,cram_ses_gap,Luxembourg,盧森堡,-10.70983,2,88,1.1
2025,cram_ses_gap,Austria,奧地利,-8.98965,3,88,2.3
2025,cram_ses_gap,El Salvador,薩爾瓦多,-8.98219,4,88,3.4
2025,cram_ses_gap,Uruguay,烏拉圭,-7.58796,5,88,4.6
2025,cram_ses_gap,Mexico,墨西哥,-7.1779,6,88,5.7
2025,cram_ses_gap,Dominican Republic,多明尼加,-7.13627,7,88,6.9
2025,cram_ses_gap,Bulgaria,保加利亞,-6.10395,8,88,8.0
2025,cram_ses_gap,Paraguay,巴拉圭,-5.01135,9,88,9.2
2025,cram_ses_gap,Lebanon,黎巴嫩,-3.43896,10,88,10.3
2025,cram_ses_gap,Switzerland,瑞士,-3.314,11,88,11.5
2025,cram_ses_gap,Peru,秘魯,-3.29546,12,88,12.6
2025,cram_ses_gap,Chile,智利,-3.21093,13,88,13.8
2025,cram_ses_gap,Netherlands,荷蘭,-3.1803,14,88,14.9
2025,cram_ses_gap,Denmark,丹麥,-2.51121,15,88,16.1
2025,cram_ses_gap,Ecuador,厄瓜多,-2.10732,16,88,17.2
2025,cram_ses_gap,Slovak Republic,斯洛伐克,-2.06995,17,88,18.4
2025,cram_ses_gap,Estonia,愛沙尼亞,-0.73507,18,88,19.5
2025,cram_ses_gap,Argentina,阿根廷,-0.67912,19,88,20.7
2025,cram_ses_gap,Ireland,愛爾蘭,-0.49399,20,88,21.8
2025,cram_ses_gap,United Arab Emirates,阿聯,-0.33133,21,88,23.0
2025,cram_ses_gap,Italy,義大利,-0.12392,22,88,24.1
2025,cram_ses_gap,Belgium,比利時,0.25864,23,88,25.3
2025,cram_ses_gap,Israel,以色列,0.47782,24,88,26.4
2025,cram_ses_gap,Viet Nam,越南,0.722,25,88,27.6
2025,cram_ses_gap,Philippines,菲律賓,0.75074,26,88,28.7
2025,cram_ses_gap,Palestinian Authority,巴勒斯坦,0.86222,27,88,29.9
2025,cram_ses_gap,Germany,德國,1.06355,28,88,31.0
2025,cram_ses_gap,Latvia,拉脫維亞,1.30268,29,88,32.2
2025,cram_ses_gap,Jordan,約旦,1.31562,30,88,33.3
2025,cram_ses_gap,Slovenia,斯洛維尼亞,1.63487,31,88,34.5
2025,cram_ses_gap,North Macedonia,北馬其頓,1.88751,32,88,35.6
2025,cram_ses_gap,Colombia,哥倫比亞,1.99613,33,88,36.8
2025,cram_ses_gap,Finland,芬蘭,2.17431,34,88,37.9
2025,cram_ses_gap,Czechia,捷克,2.3268,35,88,39.1
2025,cram_ses_gap,Lithuania,立陶宛,2.70204,36,88,40.2
2025,cram_ses_gap,Guatemala,瓜地馬拉,2.93908,37,88,41.4
2025,cram_ses_gap,Qatar,卡達,2.94386,38,88,42.5
2025,cram_ses_gap,Hungary,匈牙利,3.24059,39,88,43.7
2025,cram_ses_gap,Croatia,克羅埃西亞,3.42661,40,88,44.8
2025,cram_ses_gap,Azerbaijan,亞塞拜然,3.43166,41,88,46.0
2025,cram_ses_gap,Indonesia,印尼,3.66017,42,88,47.1
2025,cram_ses_gap,Spain,西班牙,4.00267,43,88,48.3
2025,cram_ses_gap,Zambia,尚比亞,4.13397,44,88,49.4
2025,cram_ses_gap,New Zealand,紐西蘭,4.57244,45,88,50.6
2025,cram_ses_gap,Canada,加拿大,4.58572,46,88,51.7
2025,cram_ses_gap,Mongolia,蒙古,4.73566,47,88,52.9
2025,cram_ses_gap,Brunei Darussalam,汶萊,4.8871,48,88,54.0
2025,cram_ses_gap,United Kingdom,英國,5.59108,49,88,55.2
2025,cram_ses_gap,Poland,波蘭,5.73076,50,88,56.3
2025,cram_ses_gap,Cyprus,賽普勒斯,6.01219,51,88,57.5
2025,cram_ses_gap,Georgia,喬治亞,6.69335,52,88,58.6
2025,cram_ses_gap,Kazakhstan,哈薩克,6.89271,53,88,59.8
2025,cram_ses_gap,Thailand,泰國,7.78968,54,88,60.9
2025,cram_ses_gap,Romania,羅馬尼亞,7.99398,55,88,62.1
2025,cram_ses_gap,Cambodia,柬埔寨,8.07037,56,88,63.2
2025,cram_ses_gap,Serbia,塞爾維亞,8.15763,57,88,64.4
2025,cram_ses_gap,Kenya,肯亞,8.5215,58,88,65.5
2025,cram_ses_gap,Kyrgyzstan,吉爾吉斯,8.54886,59,88,66.7
2025,cram_ses_gap,Moldova,摩爾多瓦,9.67802,60,88,67.8
2025,cram_ses_gap,Morocco,摩洛哥,9.86234,61,88,69.0
2025,cram_ses_gap,Brazil,巴西,9.92989,62,88,70.1
2025,cram_ses_gap,Ukrainian regions (17 of 27),烏克蘭（17區）,9.9565,63,88,71.3
2025,cram_ses_gap,Rwanda,盧安達,10.64768,64,88,72.4
2025,cram_ses_gap,Albania,阿爾巴尼亞,10.66384,65,88,73.6
2025,cram_ses_gap,Malaysia,馬來西亞,10.7435,66,88,74.7
2025,cram_ses_gap,Australia,澳洲,10.7664,67,88,75.9
2025,cram_ses_gap,Mauritius,模里西斯,10.79225,68,88,77.0
2025,cram_ses_gap,Kurdistan Region (Iraq),伊拉克庫德斯坦,11.15106,69,88,78.2
2025,cram_ses_gap,Armenia,亞美尼亞,11.241,70,88,79.3
2025,cram_ses_gap,Saudi Arabia,沙烏地阿拉伯,11.27843,71,88,80.5
2025,cram_ses_gap,Montenegro,蒙特內哥羅,11.64155,72,88,81.6
2025,cram_ses_gap,Kosovo,科索沃,11.88949,73,88,82.8
2025,cram_ses_gap,Malta,馬爾他,12.1737,74,88,83.9
2025,cram_ses_gap,United States,美國,12.3076,75,88,85.1
2025,cram_ses_gap,Japan,日本,13.06511,76,88,86.2
2025,cram_ses_gap,Uzbekistan,烏茲別克,13.33887,77,88,87.4
2025,cram_ses_gap,Portugal,葡萄牙,13.68374,78,88,88.5
2025,cram_ses_gap,Singapore,新加坡,13.74362,79,88,89.7
2025,cram_ses_gap,Hong Kong (China),香港,14.41858,80,88,90.8
2025,cram_ses_gap,Macao (China),澳門,14.77208,81,88,92.0
2025,cram_ses_gap,Greece,希臘,15.58769,82,88,93.1
2025,cram_ses_gap,France,法國,18.03731,83,88,94.3
2025,cram_ses_gap,Dushanbe (Tajikistan),杜尚別（塔吉克）,18.9465,84,88,95.4
2025,cram_ses_gap,Türkiye,土耳其,20.6092,85,88,96.6
2025,cram_ses_gap,B-S-J-Z (China),中國四省市,21.83903,86,88,97.7
2025,cram_ses_gap,Chinese Taipei,臺灣,21.9737,87,88,98.9
2025,cram_ses_gap,Korea,韓國,26.25794,88,88,100.0
2025,curiosity,Albania,阿爾巴尼亞,0.45491,1,87,0.0
2025,curiosity,Mauritius,模里西斯,0.32371,2,87,1.2
2025,curiosity,Costa Rica,哥斯大黎加,0.30866,3,87,2.3
2025,curiosity,Brunei Darussalam,汶萊,0.24895,4,87,3.5
2025,curiosity,Chile,智利,0.24463,5,87,4.7
2025,curiosity,Mexico,墨西哥,0.24415,6,87,5.8
2025,curiosity,Colombia,哥倫比亞,0.2369,7,87,7.0
2025,curiosity,Mongolia,蒙古,0.22226,8,87,8.1
2025,curiosity,Peru,秘魯,0.21658,9,87,9.3
2025,curiosity,Uzbekistan,烏茲別克,0.21184,10,87,10.5
2025,curiosity,Malaysia,馬來西亞,0.20854,11,87,11.6
2025,curiosity,Ecuador,厄瓜多,0.19553,12,87,12.8
2025,curiosity,Guatemala,瓜地馬拉,0.19437,13,87,14.0
2025,curiosity,United Arab Emirates,阿聯,0.18057,14,87,15.1
2025,curiosity,Indonesia,印尼,0.17617,15,87,16.3
2025,curiosity,Singapore,新加坡,0.14877,16,87,17.4
2025,curiosity,Ireland,愛爾蘭,0.14277,17,87,18.6
2025,curiosity,Zambia,尚比亞,0.14255,18,87,19.8
2025,curiosity,Austria,奧地利,0.14112,19,87,20.9
2025,curiosity,Philippines,菲律賓,0.13923,20,87,22.1
2025,curiosity,Canada,加拿大,0.12631,21,87,23.3
2025,curiosity,Spain,西班牙,0.12106,22,87,24.4
2025,curiosity,Romania,羅馬尼亞,0.11938,23,87,25.6
2025,curiosity,Portugal,葡萄牙,0.11509,24,87,26.7
2025,curiosity,France,法國,0.1084,25,87,27.9
2025,curiosity,Türkiye,土耳其,0.10184,26,87,29.1
2025,curiosity,Malta,馬爾他,0.09159,27,87,30.2
2025,curiosity,Viet Nam,越南,0.08089,28,87,31.4
2025,curiosity,Australia,澳洲,0.0804,29,87,32.6
2025,curiosity,Iceland,冰島,0.0795,30,87,33.7
2025,curiosity,Saudi Arabia,沙烏地阿拉伯,0.07495,31,87,34.9
2025,curiosity,Switzerland,瑞士,0.0704,32,87,36.0
2025,curiosity,New Zealand,紐西蘭,0.06245,33,87,37.2
2025,curiosity,United Kingdom,英國,0.03446,34,87,38.4
2025,curiosity,Germany,德國,0.01559,35,87,39.5
2025,curiosity,B-S-J-Z (China),中國四省市,0.00899,36,87,40.7
2025,curiosity,Korea,韓國,0.00822,37,87,41.9
2025,curiosity,Uruguay,烏拉圭,0.00081,38,87,43.0
2025,curiosity,Thailand,泰國,-0.00468,39,87,44.2
2025,curiosity,Qatar,卡達,-0.00477,40,87,45.3
2025,curiosity,Kenya,肯亞,-0.01142,41,87,46.5
2025,curiosity,Italy,義大利,-0.01365,42,87,47.7
2025,curiosity,Estonia,愛沙尼亞,-0.01445,43,87,48.8
2025,curiosity,Luxembourg,盧森堡,-0.03011,44,87,50.0
2025,curiosity,Kosovo,科索沃,-0.03542,45,87,51.2
2025,curiosity,North Macedonia,北馬其頓,-0.04751,46,87,52.3
2025,curiosity,Brazil,巴西,-0.0477,47,87,53.5
2025,curiosity,Hong Kong (China),香港,-0.05997,48,87,54.7
2025,curiosity,Paraguay,巴拉圭,-0.06166,49,87,55.8
2025,curiosity,Finland,芬蘭,-0.0644,50,87,57.0
2025,curiosity,Greece,希臘,-0.06501,51,87,58.1
2025,curiosity,Kyrgyzstan,吉爾吉斯,-0.07294,52,87,59.3
2025,curiosity,Kurdistan Region (Iraq),伊拉克庫德斯坦,-0.07872,53,87,60.5
2025,curiosity,Israel,以色列,-0.07942,54,87,61.6
2025,curiosity,Hungary,匈牙利,-0.08828,55,87,62.8
2025,curiosity,Kazakhstan,哈薩克,-0.0906,56,87,64.0
2025,curiosity,Dominican Republic,多明尼加,-0.0946,57,87,65.1
2025,curiosity,Croatia,克羅埃西亞,-0.0953,58,87,66.3
2025,curiosity,Slovak Republic,斯洛伐克,-0.09913,59,87,67.4
2025,curiosity,El Salvador,薩爾瓦多,-0.10287,60,87,68.6
2025,curiosity,Moldova,摩爾多瓦,-0.10635,61,87,69.8
2025,curiosity,Macao (China),澳門,-0.10645,62,87,70.9
2025,curiosity,Georgia,喬治亞,-0.11902,63,87,72.1
2025,curiosity,Poland,波蘭,-0.12002,64,87,73.3
2025,curiosity,Latvia,拉脫維亞,-0.12634,65,87,74.4
2025,curiosity,Chinese Taipei,臺灣,-0.12809,66,87,75.6
2025,curiosity,Belgium,比利時,-0.13145,67,87,76.7
2025,curiosity,Argentina,阿根廷,-0.13386,68,87,77.9
2025,curiosity,Lebanon,黎巴嫩,-0.15155,69,87,79.1
2025,curiosity,Armenia,亞美尼亞,-0.16167,70,87,80.2
2025,curiosity,Azerbaijan,亞塞拜然,-0.16195,71,87,81.4
2025,curiosity,Denmark,丹麥,-0.17583,72,87,82.6
2025,curiosity,Lithuania,立陶宛,-0.17631,73,87,83.7
2025,curiosity,Montenegro,蒙特內哥羅,-0.19643,74,87,84.9
2025,curiosity,Japan,日本,-0.20735,75,87,86.0
2025,curiosity,Serbia,塞爾維亞,-0.21057,76,87,87.2
2025,curiosity,Dushanbe (Tajikistan),杜尚別（塔吉克）,-0.24585,77,87,88.4
2025,curiosity,Slovenia,斯洛維尼亞,-0.2559,78,87,89.5
2025,curiosity,Morocco,摩洛哥,-0.25924,79,87,90.7
2025,curiosity,Netherlands,荷蘭,-0.26038,80,87,91.9
2025,curiosity,Cyprus,賽普勒斯,-0.26574,81,87,93.0
2025,curiosity,Rwanda,盧安達,-0.27294,82,87,94.2
2025,curiosity,Czechia,捷克,-0.27533,83,87,95.3
2025,curiosity,Bulgaria,保加利亞,-0.27905,84,87,96.5
2025,curiosity,Jordan,約旦,-0.31668,85,87,97.7
2025,curiosity,Ukrainian regions (17 of 27),烏克蘭（17區）,-0.32487,86,87,98.8
2025,curiosity,Palestinian Authority,巴勒斯坦,-0.33515,87,87,100.0
2025,digital_distraction,B-S-J-Z (China),中國四省市,4.89119,1,85,0.0
2025,digital_distraction,Japan,日本,6.59645,2,85,1.2
2025,digital_distraction,Korea,韓國,6.6718,3,85,2.4
2025,digital_distraction,Saudi Arabia,沙烏地阿拉伯,11.12443,4,85,3.6
2025,digital_distraction,Brunei Darussalam,汶萊,11.9619,5,85,4.8
2025,digital_distraction,Hungary,匈牙利,12.06441,6,85,6.0
2025,digital_distraction,Macao (China),澳門,12.50446,7,85,7.1
2025,digital_distraction,Chinese Taipei,臺灣,13.19112,8,85,8.3
2025,digital_distraction,Albania,阿爾巴尼亞,13.81709,9,85,9.5
2025,digital_distraction,Uzbekistan,烏茲別克,14.18936,10,85,10.7
2025,digital_distraction,Viet Nam,越南,14.40975,11,85,11.9
2025,digital_distraction,Malaysia,馬來西亞,14.53214,12,85,13.1
2025,digital_distraction,Malta,馬爾他,15.1301,13,85,14.3
2025,digital_distraction,Ireland,愛爾蘭,16.80531,14,85,15.5
2025,digital_distraction,Armenia,亞美尼亞,17.2711,15,85,16.7
2025,digital_distraction,Türkiye,土耳其,17.569,16,85,17.9
2025,digital_distraction,Kenya,肯亞,18.30438,17,85,19.0
2025,digital_distraction,Kazakhstan,哈薩克,18.54437,18,85,20.2
2025,digital_distraction,United Kingdom,英國,18.93537,19,85,21.4
2025,digital_distraction,Slovak Republic,斯洛伐克,19.39964,20,85,22.6
2025,digital_distraction,Hong Kong (China),香港,19.60009,21,85,23.8
2025,digital_distraction,Qatar,卡達,19.63208,22,85,25.0
2025,digital_distraction,Croatia,克羅埃西亞,19.72787,23,85,26.2
2025,digital_distraction,Azerbaijan,亞塞拜然,20.21575,24,85,27.4
2025,digital_distraction,Belgium,比利時,21.35674,25,85,28.6
2025,digital_distraction,Slovenia,斯洛維尼亞,21.80924,26,85,29.8
2025,digital_distraction,Indonesia,印尼,22.62543,27,85,31.0
2025,digital_distraction,United Arab Emirates,阿聯,22.85125,28,85,32.1
2025,digital_distraction,Netherlands,荷蘭,23.00109,29,85,33.3
2025,digital_distraction,El Salvador,薩爾瓦多,23.01447,30,85,34.5
2025,digital_distraction,Jordan,約旦,23.17848,31,85,35.7
2025,digital_distraction,Iceland,冰島,24.02849,32,85,36.9
2025,digital_distraction,Thailand,泰國,24.06585,33,85,38.1
2025,digital_distraction,Luxembourg,盧森堡,24.07433,34,85,39.3
2025,digital_distraction,Peru,秘魯,24.38889,35,85,40.5
2025,digital_distraction,Montenegro,蒙特內哥羅,24.47948,36,85,41.7
2025,digital_distraction,Brazil,巴西,24.92952,37,85,42.9
2025,digital_distraction,Serbia,塞爾維亞,24.93458,38,85,44.0
2025,digital_distraction,Finland,芬蘭,25.46213,39,85,45.2
2025,digital_distraction,Palestinian Authority,巴勒斯坦,26.10588,40,85,46.4
2025,digital_distraction,Kyrgyzstan,吉爾吉斯,26.11687,41,85,47.6
2025,digital_distraction,France,法國,26.18376,42,85,48.8
2025,digital_distraction,Switzerland,瑞士,26.33894,43,85,50.0
2025,digital_distraction,Lebanon,黎巴嫩,26.9181,44,85,51.2
2025,digital_distraction,Guatemala,瓜地馬拉,26.97452,45,85,52.4
2025,digital_distraction,Lithuania,立陶宛,27.19299,46,85,53.6
2025,digital_distraction,Austria,奧地利,28.16528,47,85,54.8
2025,digital_distraction,Ecuador,厄瓜多,28.26053,48,85,56.0
2025,digital_distraction,Moldova,摩爾多瓦,28.50708,49,85,57.1
2025,digital_distraction,Singapore,新加坡,28.85097,50,85,58.3
2025,digital_distraction,Spain,西班牙,29.15793,51,85,59.5
2025,digital_distraction,United States,美國,29.32806,52,85,60.7
2025,digital_distraction,Romania,羅馬尼亞,29.46104,53,85,61.9
2025,digital_distraction,Georgia,喬治亞,30.05089,54,85,63.1
2025,digital_distraction,Norway,挪威,30.84318,55,85,64.3
2025,digital_distraction,Portugal,葡萄牙,31.3162,56,85,65.5
2025,digital_distraction,Kosovo,科索沃,31.69277,57,85,66.7
2025,digital_distraction,Czechia,捷克,32.13518,58,85,67.9
2025,digital_distraction,Canada,加拿大,32.31646,59,85,69.0
2025,digital_distraction,Dominican Republic,多明尼加,32.3917,60,85,70.2
2025,digital_distraction,Germany,德國,32.597,61,85,71.4
2025,digital_distraction,Greece,希臘,32.60915,62,85,72.6
2025,digital_distraction,Cyprus,賽普勒斯,32.75214,63,85,73.8
2025,digital_distraction,North Macedonia,北馬其頓,32.86101,64,85,75.0
2025,digital_distraction,Sweden,瑞典,33.04168,65,85,76.2
2025,digital_distraction,Israel,以色列,33.05961,66,85,77.4
2025,digital_distraction,Latvia,拉脫維亞,33.67845,67,85,78.6
2025,digital_distraction,Ukrainian regions (17 of 27),烏克蘭（17區）,34.1818,68,85,79.8
2025,digital_distraction,Mongolia,蒙古,34.25462,69,85,81.0
2025,digital_distraction,Morocco,摩洛哥,34.96167,70,85,82.1
2025,digital_distraction,Estonia,愛沙尼亞,35.53512,71,85,83.3
2025,digital_distraction,Colombia,哥倫比亞,35.76397,72,85,84.5
2025,digital_distraction,Denmark,丹麥,36.27911,73,85,85.7
2025,digital_distraction,Italy,義大利,37.20318,74,85,86.9
2025,digital_distraction,Mexico,墨西哥,37.26068,75,85,88.1
2025,digital_distraction,Costa Rica,哥斯大黎加,37.52721,76,85,89.3
2025,digital_distraction,Paraguay,巴拉圭,37.84491,77,85,90.5
2025,digital_distraction,New Zealand,紐西蘭,37.98794,78,85,91.7
2025,digital_distraction,Australia,澳洲,38.79173,79,85,92.9
2025,digital_distraction,Philippines,菲律賓,39.36851,80,85,94.0
2025,digital_distraction,Poland,波蘭,40.8117,81,85,95.2
2025,digital_distraction,Bulgaria,保加利亞,41.9111,82,85,96.4
2025,digital_distraction,Chile,智利,47.94449,83,85,97.6
2025,digital_distraction,Argentina,阿根廷,55.4012,84,85,98.8
2025,digital_distraction,Uruguay,烏拉圭,56.84962,85,85,100.0
2025,discipline,Korea,韓國,1.31976,1,85,0.0
2025,discipline,Japan,日本,1.1229,2,85,1.2
2025,discipline,Uzbekistan,烏茲別克,0.82411,3,85,2.4
2025,discipline,B-S-J-Z (China),中國四省市,0.80013,4,85,3.6
2025,discipline,Kazakhstan,哈薩克,0.79586,5,85,4.8
2025,discipline,Saudi Arabia,沙烏地阿拉伯,0.76716,6,85,6.0
2025,discipline,Albania,阿爾巴尼亞,0.69682,7,85,7.1
2025,discipline,Armenia,亞美尼亞,0.65964,8,85,8.3
2025,discipline,Chinese Taipei,臺灣,0.59139,9,85,9.5
2025,discipline,Kenya,肯亞,0.5689,10,85,10.7
2025,discipline,Ukrainian regions (17 of 27),烏克蘭（17區）,0.50453,11,85,11.9
2025,discipline,Hong Kong (China),香港,0.48226,12,85,13.1
2025,discipline,Indonesia,印尼,0.47306,13,85,14.3
2025,discipline,Malaysia,馬來西亞,0.46173,14,85,15.5
2025,discipline,Azerbaijan,亞塞拜然,0.4462,15,85,16.7
2025,discipline,Croatia,克羅埃西亞,0.41153,16,85,17.9
2025,discipline,Macao (China),澳門,0.40056,17,85,19.0
2025,discipline,Montenegro,蒙特內哥羅,0.37246,18,85,20.2
2025,discipline,Thailand,泰國,0.36425,19,85,21.4
2025,discipline,Romania,羅馬尼亞,0.35794,20,85,22.6
2025,discipline,Serbia,塞爾維亞,0.35259,21,85,23.8
2025,discipline,Kyrgyzstan,吉爾吉斯,0.32345,22,85,25.0
2025,discipline,Austria,奧地利,0.32197,23,85,26.2
2025,discipline,Viet Nam,越南,0.30101,24,85,27.4
2025,discipline,Slovak Republic,斯洛伐克,0.29126,25,85,28.6
2025,discipline,Lithuania,立陶宛,0.28842,26,85,29.8
2025,discipline,Brunei Darussalam,汶萊,0.27993,27,85,31.0
2025,discipline,United States,美國,0.26737,28,85,32.1
2025,discipline,Georgia,喬治亞,0.23886,29,85,33.3
2025,discipline,Latvia,拉脫維亞,0.23518,30,85,34.5
2025,discipline,Estonia,愛沙尼亞,0.22594,31,85,35.7
2025,discipline,United Arab Emirates,阿聯,0.22474,32,85,36.9
2025,discipline,North Macedonia,北馬其頓,0.2012,33,85,38.1
2025,discipline,Switzerland,瑞士,0.19473,34,85,39.3
2025,discipline,Hungary,匈牙利,0.18766,35,85,40.5
2025,discipline,Singapore,新加坡,0.18717,36,85,41.7
2025,discipline,Peru,秘魯,0.18682,37,85,42.9
2025,discipline,Ireland,愛爾蘭,0.18011,38,85,44.0
2025,discipline,Moldova,摩爾多瓦,0.17563,39,85,45.2
2025,discipline,Poland,波蘭,0.16269,40,85,46.4
2025,discipline,Mongolia,蒙古,0.16208,41,85,47.6
2025,discipline,Portugal,葡萄牙,0.15344,42,85,48.8
2025,discipline,Costa Rica,哥斯大黎加,0.14483,43,85,50.0
2025,discipline,Finland,芬蘭,0.1372,44,85,51.2
2025,discipline,Iceland,冰島,0.12943,45,85,52.4
2025,discipline,Türkiye,土耳其,0.12129,46,85,53.6
2025,discipline,Czechia,捷克,0.10468,47,85,54.8
2025,discipline,Luxembourg,盧森堡,0.09673,48,85,56.0
2025,discipline,Ecuador,厄瓜多,0.09248,49,85,57.1
2025,discipline,Canada,加拿大,0.0912,50,85,58.3
2025,discipline,El Salvador,薩爾瓦多,0.08882,51,85,59.5
2025,discipline,Norway,挪威,0.07839,52,85,60.7
2025,discipline,Guatemala,瓜地馬拉,0.0732,53,85,61.9
2025,discipline,Mexico,墨西哥,0.07091,54,85,63.1
2025,discipline,Sweden,瑞典,0.06097,55,85,64.3
2025,discipline,Slovenia,斯洛維尼亞,0.05642,56,85,65.5
2025,discipline,United Kingdom,英國,0.05377,57,85,66.7
2025,discipline,Spain,西班牙,0.05325,58,85,67.9
2025,discipline,Germany,德國,0.03515,59,85,69.0
2025,discipline,Philippines,菲律賓,0.03503,60,85,70.2
2025,discipline,Qatar,卡達,0.03472,61,85,71.4
2025,discipline,Colombia,哥倫比亞,0.02891,62,85,72.6
2025,discipline,Belgium,比利時,0.02641,63,85,73.8
2025,discipline,Denmark,丹麥,0.0254,64,85,75.0
2025,discipline,Jordan,約旦,0.02482,65,85,76.2
2025,discipline,Kosovo,科索沃,0.01508,66,85,77.4
2025,discipline,Netherlands,荷蘭,-0.00079,67,85,78.6
2025,discipline,Israel,以色列,-0.0386,68,85,79.8
2025,discipline,Italy,義大利,-0.0417,69,85,81.0
2025,discipline,Dominican Republic,多明尼加,-0.06136,70,85,82.1
2025,discipline,Malta,馬爾他,-0.08033,71,85,83.3
2025,discipline,Australia,澳洲,-0.0927,72,85,84.5
2025,discipline,France,法國,-0.12453,73,85,85.7
2025,discipline,New Zealand,紐西蘭,-0.12697,74,85,86.9
2025,discipline,Brazil,巴西,-0.15196,75,85,88.1
2025,discipline,Chile,智利,-0.16362,76,85,89.3
2025,discipline,Bulgaria,保加利亞,-0.18502,77,85,90.5
2025,discipline,Palestinian Authority,巴勒斯坦,-0.19898,78,85,91.7
2025,discipline,Morocco,摩洛哥,-0.20096,79,85,92.9
2025,discipline,Cyprus,賽普勒斯,-0.2103,80,85,94.0
2025,discipline,Uruguay,烏拉圭,-0.21425,81,85,95.2
2025,discipline,Paraguay,巴拉圭,-0.22292,82,85,96.4
2025,discipline,Lebanon,黎巴嫩,-0.22368,83,85,97.6
2025,discipline,Greece,希臘,-0.31751,84,85,98.8
2025,discipline,Argentina,阿根廷,-0.43278,85,85,100.0
2025,enjoyment,Albania,阿爾巴尼亞,0.73173,1,91,0.0
2025,enjoyment,Uzbekistan,烏茲別克,0.66238,2,91,1.1
2025,enjoyment,B-S-J-Z (China),中國四省市,0.59579,3,91,2.2
2025,enjoyment,Cambodia,柬埔寨,0.55128,4,91,3.3
2025,enjoyment,Zambia,尚比亞,0.54505,5,91,4.4
2025,enjoyment,Saudi Arabia,沙烏地阿拉伯,0.51759,6,91,5.6
2025,enjoyment,Kurdistan Region (Iraq),伊拉克庫德斯坦,0.5061,7,91,6.7
2025,enjoyment,Kenya,肯亞,0.50139,8,91,7.8
2025,enjoyment,Malaysia,馬來西亞,0.5006,9,91,8.9
2025,enjoyment,Indonesia,印尼,0.49611,10,91,10.0
2025,enjoyment,Singapore,新加坡,0.42676,11,91,11.1
2025,enjoyment,Thailand,泰國,0.3788,12,91,12.2
2025,enjoyment,Mongolia,蒙古,0.37001,13,91,13.3
2025,enjoyment,Brunei Darussalam,汶萊,0.35439,14,91,14.4
2025,enjoyment,United Arab Emirates,阿聯,0.34681,15,91,15.6
2025,enjoyment,Morocco,摩洛哥,0.33826,16,91,16.7
2025,enjoyment,Dushanbe (Tajikistan),杜尚別（塔吉克）,0.33294,17,91,17.8
2025,enjoyment,Philippines,菲律賓,0.27542,18,91,18.9
2025,enjoyment,Kyrgyzstan,吉爾吉斯,0.27181,19,91,20.0
2025,enjoyment,Macao (China),澳門,0.2539,20,91,21.1
2025,enjoyment,Ecuador,厄瓜多,0.24336,21,91,22.2
2025,enjoyment,Türkiye,土耳其,0.23843,22,91,23.3
2025,enjoyment,Jordan,約旦,0.23497,23,91,24.4
2025,enjoyment,Qatar,卡達,0.22953,24,91,25.6
2025,enjoyment,Hong Kong (China),香港,0.22471,25,91,26.7
2025,enjoyment,Kazakhstan,哈薩克,0.21977,26,91,27.8
2025,enjoyment,Portugal,葡萄牙,0.21497,27,91,28.9
2025,enjoyment,Mexico,墨西哥,0.21244,28,91,30.0
2025,enjoyment,Azerbaijan,亞塞拜然,0.19678,29,91,31.1
2025,enjoyment,France,法國,0.18863,30,91,32.2
2025,enjoyment,Kosovo,科索沃,0.18737,31,91,33.3
2025,enjoyment,Peru,秘魯,0.18705,32,91,34.4
2025,enjoyment,Canada,加拿大,0.18448,33,91,35.6
2025,enjoyment,Ireland,愛爾蘭,0.17955,34,91,36.7
2025,enjoyment,Lithuania,立陶宛,0.17455,35,91,37.8
2025,enjoyment,Palestinian Authority,巴勒斯坦,0.14856,36,91,38.9
2025,enjoyment,Costa Rica,哥斯大黎加,0.14796,37,91,40.0
2025,enjoyment,United States,美國,0.13995,38,91,41.1
2025,enjoyment,Estonia,愛沙尼亞,0.13983,39,91,42.2
2025,enjoyment,Moldova,摩爾多瓦,0.13961,40,91,43.3
2025,enjoyment,Viet Nam,越南,0.13919,41,91,44.4
2025,enjoyment,Korea,韓國,0.13794,42,91,45.6
2025,enjoyment,Lebanon,黎巴嫩,0.1313,43,91,46.7
2025,enjoyment,Rwanda,盧安達,0.12525,44,91,47.8
2025,enjoyment,Brazil,巴西,0.12018,45,91,48.9
2025,enjoyment,Guatemala,瓜地馬拉,0.11189,46,91,50.0
2025,enjoyment,Romania,羅馬尼亞,0.11065,47,91,51.1
2025,enjoyment,Australia,澳洲,0.10524,48,91,52.2
2025,enjoyment,Chile,智利,0.10289,49,91,53.3
2025,enjoyment,United Kingdom,英國,0.09261,50,91,54.4
2025,enjoyment,Colombia,哥倫比亞,0.08773,51,91,55.6
2025,enjoyment,New Zealand,紐西蘭,0.07964,52,91,56.7
2025,enjoyment,Mauritius,模里西斯,0.0788,53,91,57.8
2025,enjoyment,Paraguay,巴拉圭,0.07604,54,91,58.9
2025,enjoyment,Belgium,比利時,0.07349,55,91,60.0
2025,enjoyment,Georgia,喬治亞,0.05575,56,91,61.1
2025,enjoyment,Chinese Taipei,臺灣,0.05247,57,91,62.2
2025,enjoyment,Luxembourg,盧森堡,0.03942,58,91,63.3
2025,enjoyment,North Macedonia,北馬其頓,0.03035,59,91,64.4
2025,enjoyment,Malta,馬爾他,0.02931,60,91,65.6
2025,enjoyment,El Salvador,薩爾瓦多,0.02394,61,91,66.7
2025,enjoyment,Latvia,拉脫維亞,0.02242,62,91,67.8
2025,enjoyment,Germany,德國,0.00341,63,91,68.9
2025,enjoyment,Ukrainian regions (17 of 27),烏克蘭（17區）,0.00162,64,91,70.0
2025,enjoyment,Switzerland,瑞士,-0.00095,65,91,71.1
2025,enjoyment,Armenia,亞美尼亞,-0.01407,66,91,72.2
2025,enjoyment,Finland,芬蘭,-0.0267,67,91,73.3
2025,enjoyment,Japan,日本,-0.02786,68,91,74.4
2025,enjoyment,Greece,希臘,-0.04826,69,91,75.6
2025,enjoyment,Dominican Republic,多明尼加,-0.04908,70,91,76.7
2025,enjoyment,Spain,西班牙,-0.05079,71,91,77.8
2025,enjoyment,Israel,以色列,-0.0525,72,91,78.9
2025,enjoyment,Cyprus,賽普勒斯,-0.05928,73,91,80.0
2025,enjoyment,Iceland,冰島,-0.07638,74,91,81.1
2025,enjoyment,Italy,義大利,-0.09175,75,91,82.2
2025,enjoyment,Norway,挪威,-0.09646,76,91,83.3
2025,enjoyment,Hungary,匈牙利,-0.10336,77,91,84.4
2025,enjoyment,Denmark,丹麥,-0.10865,78,91,85.6
2025,enjoyment,Uruguay,烏拉圭,-0.12513,79,91,86.7
2025,enjoyment,Argentina,阿根廷,-0.1333,80,91,87.8
2025,enjoyment,Bulgaria,保加利亞,-0.13748,81,91,88.9
2025,enjoyment,Slovak Republic,斯洛伐克,-0.16227,82,91,90.0
2025,enjoyment,Croatia,克羅埃西亞,-0.17469,83,91,91.1
2025,enjoyment,Austria,奧地利,-0.2059,84,91,92.2
2025,enjoyment,Montenegro,蒙特內哥羅,-0.23924,85,91,93.3
2025,enjoyment,Sweden,瑞典,-0.26981,86,91,94.4
2025,enjoyment,Czechia,捷克,-0.27561,87,91,95.6
2025,enjoyment,Poland,波蘭,-0.27997,88,91,96.7
2025,enjoyment,Serbia,塞爾維亞,-0.28637,89,91,97.8
2025,enjoyment,Netherlands,荷蘭,-0.34451,90,91,98.9
2025,enjoyment,Slovenia,斯洛維尼亞,-0.40729,91,91,100.0
2025,env_agency,Albania,阿爾巴尼亞,0.81902,1,89,0.0
2025,env_agency,B-S-J-Z (China),中國四省市,0.59732,2,89,1.1
2025,env_agency,Korea,韓國,0.42926,3,89,2.3
2025,env_agency,Saudi Arabia,沙烏地阿拉伯,0.40167,4,89,3.4
2025,env_agency,Indonesia,印尼,0.39593,5,89,4.5
2025,env_agency,United Arab Emirates,阿聯,0.38097,6,89,5.7
2025,env_agency,Singapore,新加坡,0.35456,7,89,6.8
2025,env_agency,Uzbekistan,烏茲別克,0.35098,8,89,8.0
2025,env_agency,Portugal,葡萄牙,0.3204,9,89,9.1
2025,env_agency,Chinese Taipei,臺灣,0.29509,10,89,10.2
2025,env_agency,Costa Rica,哥斯大黎加,0.27519,11,89,11.4
2025,env_agency,Malaysia,馬來西亞,0.25177,12,89,12.5
2025,env_agency,Mongolia,蒙古,0.24734,13,89,13.6
2025,env_agency,Kenya,肯亞,0.23349,14,89,14.8
2025,env_agency,Türkiye,土耳其,0.21652,15,89,15.9
2025,env_agency,Viet Nam,越南,0.1973,16,89,17.0
2025,env_agency,North Macedonia,北馬其頓,0.19578,17,89,18.2
2025,env_agency,Malta,馬爾他,0.17963,18,89,19.3
2025,env_agency,Macao (China),澳門,0.17616,19,89,20.5
2025,env_agency,Thailand,泰國,0.17317,20,89,21.6
2025,env_agency,Mexico,墨西哥,0.16863,21,89,22.7
2025,env_agency,Kosovo,科索沃,0.1576,22,89,23.9
2025,env_agency,Croatia,克羅埃西亞,0.15617,23,89,25.0
2025,env_agency,Morocco,摩洛哥,0.14461,24,89,26.1
2025,env_agency,Iceland,冰島,0.13122,25,89,27.3
2025,env_agency,Greece,希臘,0.12895,26,89,28.4
2025,env_agency,Peru,秘魯,0.12376,27,89,29.5
2025,env_agency,Zambia,尚比亞,0.12365,28,89,30.7
2025,env_agency,Romania,羅馬尼亞,0.11595,29,89,31.8
2025,env_agency,Hong Kong (China),香港,0.10795,30,89,33.0
2025,env_agency,Brazil,巴西,0.10526,31,89,34.1
2025,env_agency,Colombia,哥倫比亞,0.10292,32,89,35.2
2025,env_agency,Lithuania,立陶宛,0.10283,33,89,36.4
2025,env_agency,Azerbaijan,亞塞拜然,0.10129,34,89,37.5
2025,env_agency,Hungary,匈牙利,0.08994,35,89,38.6
2025,env_agency,Moldova,摩爾多瓦,0.08788,36,89,39.8
2025,env_agency,Ecuador,厄瓜多,0.08534,37,89,40.9
2025,env_agency,Qatar,卡達,0.08282,38,89,42.0
2025,env_agency,Kurdistan Region (Iraq),伊拉克庫德斯坦,0.08009,39,89,43.2
2025,env_agency,Guatemala,瓜地馬拉,0.07936,40,89,44.3
2025,env_agency,Mauritius,模里西斯,0.07678,41,89,45.5
2025,env_agency,Chile,智利,0.07513,42,89,46.6
2025,env_agency,Canada,加拿大,0.06721,43,89,47.7
2025,env_agency,Georgia,喬治亞,0.06438,44,89,48.9
2025,env_agency,Ireland,愛爾蘭,0.06229,45,89,50.0
2025,env_agency,Brunei Darussalam,汶萊,0.05816,46,89,51.1
2025,env_agency,Philippines,菲律賓,0.05693,47,89,52.3
2025,env_agency,Kazakhstan,哈薩克,0.05521,48,89,53.4
2025,env_agency,Austria,奧地利,0.03242,49,89,54.5
2025,env_agency,Japan,日本,0.03032,50,89,55.7
2025,env_agency,Jordan,約旦,0.02955,51,89,56.8
2025,env_agency,Sweden,瑞典,0.02615,52,89,58.0
2025,env_agency,Montenegro,蒙特內哥羅,0.02181,53,89,59.1
2025,env_agency,Spain,西班牙,0.01527,54,89,60.2
2025,env_agency,Australia,澳洲,-0.00547,55,89,61.4
2025,env_agency,Switzerland,瑞士,-0.01308,56,89,62.5
2025,env_agency,Italy,義大利,-0.01884,57,89,63.6
2025,env_agency,Rwanda,盧安達,-0.01961,58,89,64.8
2025,env_agency,Serbia,塞爾維亞,-0.02102,59,89,65.9
2025,env_agency,Cyprus,賽普勒斯,-0.02378,60,89,67.0
2025,env_agency,Kyrgyzstan,吉爾吉斯,-0.03154,61,89,68.2
2025,env_agency,Paraguay,巴拉圭,-0.03282,62,89,69.3
2025,env_agency,Slovenia,斯洛維尼亞,-0.03493,63,89,70.5
2025,env_agency,Palestinian Authority,巴勒斯坦,-0.03531,64,89,71.6
2025,env_agency,Ukrainian regions (17 of 27),烏克蘭（17區）,-0.03857,65,89,72.7
2025,env_agency,Germany,德國,-0.04346,66,89,73.9
2025,env_agency,Dominican Republic,多明尼加,-0.05166,67,89,75.0
2025,env_agency,El Salvador,薩爾瓦多,-0.05714,68,89,76.1
2025,env_agency,New Zealand,紐西蘭,-0.0605,69,89,77.3
2025,env_agency,Armenia,亞美尼亞,-0.06971,70,89,78.4
2025,env_agency,France,法國,-0.06995,71,89,79.5
2025,env_agency,Israel,以色列,-0.07987,72,89,80.7
2025,env_agency,Estonia,愛沙尼亞,-0.0809,73,89,81.8
2025,env_agency,Latvia,拉脫維亞,-0.08934,74,89,83.0
2025,env_agency,Slovak Republic,斯洛伐克,-0.09281,75,89,84.1
2025,env_agency,Dushanbe (Tajikistan),杜尚別（塔吉克）,-0.09495,76,89,85.2
2025,env_agency,United Kingdom,英國,-0.0951,77,89,86.4
2025,env_agency,Uruguay,烏拉圭,-0.10027,78,89,87.5
2025,env_agency,Finland,芬蘭,-0.10379,79,89,88.6
2025,env_agency,Norway,挪威,-0.11074,80,89,89.8
2025,env_agency,Bulgaria,保加利亞,-0.11744,81,89,90.9
2025,env_agency,Lebanon,黎巴嫩,-0.11872,82,89,92.0
2025,env_agency,Luxembourg,盧森堡,-0.11903,83,89,93.2
2025,env_agency,Belgium,比利時,-0.16876,84,89,94.3
2025,env_agency,Argentina,阿根廷,-0.18285,85,89,95.5
2025,env_agency,Denmark,丹麥,-0.23486,86,89,96.6
2025,env_agency,Czechia,捷克,-0.24118,87,89,97.7
2025,env_agency,Poland,波蘭,-0.31442,88,89,98.9
2025,env_agency,Netherlands,荷蘭,-0.41044,89,89,100.0
2025,env_awareness,B-S-J-Z (China),中國四省市,0.54379,1,90,0.0
2025,env_awareness,Albania,阿爾巴尼亞,0.42824,2,90,1.1
2025,env_awareness,Türkiye,土耳其,0.38774,3,90,2.2
2025,env_awareness,Singapore,新加坡,0.37404,4,90,3.4
2025,env_awareness,United Kingdom,英國,0.34849,5,90,4.5
2025,env_awareness,Malta,馬爾他,0.30427,6,90,5.6
2025,env_awareness,Portugal,葡萄牙,0.27885,7,90,6.7
2025,env_awareness,Ireland,愛爾蘭,0.21544,8,90,7.9
2025,env_awareness,United Arab Emirates,阿聯,0.20176,9,90,9.0
2025,env_awareness,Macao (China),澳門,0.18617,10,90,10.1
2025,env_awareness,Korea,韓國,0.11919,11,90,11.2
2025,env_awareness,Hong Kong (China),香港,0.08734,12,90,12.4
2025,env_awareness,Canada,加拿大,0.08176,13,90,13.5
2025,env_awareness,Lithuania,立陶宛,0.07265,14,90,14.6
2025,env_awareness,Viet Nam,越南,0.06954,15,90,15.7
2025,env_awareness,Sweden,瑞典,0.05298,16,90,16.9
2025,env_awareness,Australia,澳洲,0.04866,17,90,18.0
2025,env_awareness,Estonia,愛沙尼亞,0.02259,18,90,19.1
2025,env_awareness,Chinese Taipei,臺灣,-0.00815,19,90,20.2
2025,env_awareness,Kazakhstan,哈薩克,-0.02383,20,90,21.3
2025,env_awareness,Austria,奧地利,-0.02636,21,90,22.5
2025,env_awareness,Germany,德國,-0.03171,22,90,23.6
2025,env_awareness,France,法國,-0.03682,23,90,24.7
2025,env_awareness,Georgia,喬治亞,-0.04491,24,90,25.8
2025,env_awareness,Croatia,克羅埃西亞,-0.04907,25,90,27.0
2025,env_awareness,Mauritius,模里西斯,-0.06485,26,90,28.1
2025,env_awareness,New Zealand,紐西蘭,-0.08795,27,90,29.2
2025,env_awareness,Italy,義大利,-0.09234,28,90,30.3
2025,env_awareness,Malaysia,馬來西亞,-0.09529,29,90,31.5
2025,env_awareness,Norway,挪威,-0.1028,30,90,32.6
2025,env_awareness,Ukrainian regions (17 of 27),烏克蘭（17區）,-0.11712,31,90,33.7
2025,env_awareness,Uzbekistan,烏茲別克,-0.11965,32,90,34.8
2025,env_awareness,Brunei Darussalam,汶萊,-0.13154,33,90,36.0
2025,env_awareness,Denmark,丹麥,-0.13431,34,90,37.1
2025,env_awareness,Mongolia,蒙古,-0.1377,35,90,38.2
2025,env_awareness,Slovenia,斯洛維尼亞,-0.14077,36,90,39.3
2025,env_awareness,Hungary,匈牙利,-0.1413,37,90,40.4
2025,env_awareness,Finland,芬蘭,-0.14917,38,90,41.6
2025,env_awareness,Switzerland,瑞士,-0.15867,39,90,42.7
2025,env_awareness,Luxembourg,盧森堡,-0.1795,40,90,43.8
2025,env_awareness,Qatar,卡達,-0.21013,41,90,44.9
2025,env_awareness,Moldova,摩爾多瓦,-0.21344,42,90,46.1
2025,env_awareness,Philippines,菲律賓,-0.22249,43,90,47.2
2025,env_awareness,Belgium,比利時,-0.22679,44,90,48.3
2025,env_awareness,Costa Rica,哥斯大黎加,-0.2269,45,90,49.4
2025,env_awareness,Czechia,捷克,-0.22834,46,90,50.6
2025,env_awareness,Azerbaijan,亞塞拜然,-0.23457,47,90,51.7
2025,env_awareness,Brazil,巴西,-0.26023,48,90,52.8
2025,env_awareness,Poland,波蘭,-0.27418,49,90,53.9
2025,env_awareness,Peru,秘魯,-0.27769,50,90,55.1
2025,env_awareness,Armenia,亞美尼亞,-0.28911,51,90,56.2
2025,env_awareness,Latvia,拉脫維亞,-0.28937,52,90,57.3
2025,env_awareness,Bulgaria,保加利亞,-0.29692,53,90,58.4
2025,env_awareness,Slovak Republic,斯洛伐克,-0.30499,54,90,59.6
2025,env_awareness,Spain,西班牙,-0.31619,55,90,60.7
2025,env_awareness,Jordan,約旦,-0.31682,56,90,61.8
2025,env_awareness,Chile,智利,-0.34065,57,90,62.9
2025,env_awareness,Romania,羅馬尼亞,-0.34287,58,90,64.0
2025,env_awareness,Serbia,塞爾維亞,-0.36635,59,90,65.2
2025,env_awareness,Greece,希臘,-0.3819,60,90,66.3
2025,env_awareness,Netherlands,荷蘭,-0.38739,61,90,67.4
2025,env_awareness,Kenya,肯亞,-0.3916,62,90,68.5
2025,env_awareness,Cyprus,賽普勒斯,-0.40815,63,90,69.7
2025,env_awareness,Thailand,泰國,-0.41307,64,90,70.8
2025,env_awareness,Kyrgyzstan,吉爾吉斯,-0.41745,65,90,71.9
2025,env_awareness,Japan,日本,-0.42331,66,90,73.0
2025,env_awareness,Colombia,哥倫比亞,-0.42532,67,90,74.2
2025,env_awareness,Indonesia,印尼,-0.42754,68,90,75.3
2025,env_awareness,Montenegro,蒙特內哥羅,-0.43688,69,90,76.4
2025,env_awareness,Mexico,墨西哥,-0.45347,70,90,77.5
2025,env_awareness,Lebanon,黎巴嫩,-0.48409,71,90,78.7
2025,env_awareness,Ecuador,厄瓜多,-0.49673,72,90,79.8
2025,env_awareness,Iceland,冰島,-0.51211,73,90,80.9
2025,env_awareness,Saudi Arabia,沙烏地阿拉伯,-0.52968,74,90,82.0
2025,env_awareness,Dominican Republic,多明尼加,-0.57944,75,90,83.1
2025,env_awareness,Kosovo,科索沃,-0.58658,76,90,84.3
2025,env_awareness,Morocco,摩洛哥,-0.59441,77,90,85.4
2025,env_awareness,El Salvador,薩爾瓦多,-0.60978,78,90,86.5
2025,env_awareness,North Macedonia,北馬其頓,-0.61551,79,90,87.6
2025,env_awareness,Uruguay,烏拉圭,-0.61991,80,90,88.8
2025,env_awareness,Rwanda,盧安達,-0.6672,81,90,89.9
2025,env_awareness,Cambodia,柬埔寨,-0.67807,82,90,91.0
2025,env_awareness,Israel,以色列,-0.69397,83,90,92.1
2025,env_awareness,Guatemala,瓜地馬拉,-0.71113,84,90,93.3
2025,env_awareness,Zambia,尚比亞,-0.72855,85,90,94.4
2025,env_awareness,Argentina,阿根廷,-0.76434,86,90,95.5
2025,env_awareness,Paraguay,巴拉圭,-0.89465,87,90,96.6
2025,env_awareness,Palestinian Authority,巴勒斯坦,-0.89977,88,90,97.8
2025,env_awareness,Dushanbe (Tajikistan),杜尚別（塔吉克）,-0.96746,89,90,98.9
2025,env_awareness,Kurdistan Region (Iraq),伊拉克庫德斯坦,-0.99223,90,90,100.0
2025,env_career,Viet Nam,越南,92.7766,1,82,0.0
2025,env_career,Indonesia,印尼,92.48179,2,82,1.2
2025,env_career,Peru,秘魯,86.04756,3,82,2.5
2025,env_career,Mexico,墨西哥,85.21044,4,82,3.7
2025,env_career,Costa Rica,哥斯大黎加,85.09346,5,82,4.9
2025,env_career,Albania,阿爾巴尼亞,85.07753,6,82,6.2
2025,env_career,Thailand,泰國,83.51417,7,82,7.4
2025,env_career,Guatemala,瓜地馬拉,81.86056,8,82,8.6
2025,env_career,Armenia,亞美尼亞,80.25227,9,82,9.9
2025,env_career,Colombia,哥倫比亞,80.17428,10,82,11.1
2025,env_career,Saudi Arabia,沙烏地阿拉伯,78.96461,11,82,12.3
2025,env_career,Ecuador,厄瓜多,78.68543,12,82,13.6
2025,env_career,Paraguay,巴拉圭,78.53113,13,82,14.8
2025,env_career,Türkiye,土耳其,78.50513,14,82,16.0
2025,env_career,Kosovo,科索沃,78.36391,15,82,17.3
2025,env_career,Uzbekistan,烏茲別克,77.90818,16,82,18.5
2025,env_career,B-S-J-Z (China),中國四省市,77.77979,17,82,19.8
2025,env_career,Kenya,肯亞,76.70633,18,82,21.0
2025,env_career,Kyrgyzstan,吉爾吉斯,75.87513,19,82,22.2
2025,env_career,Portugal,葡萄牙,75.82596,20,82,23.5
2025,env_career,Malaysia,馬來西亞,75.7505,21,82,24.7
2025,env_career,North Macedonia,北馬其頓,75.73011,22,82,25.9
2025,env_career,Azerbaijan,亞塞拜然,75.57331,23,82,27.2
2025,env_career,El Salvador,薩爾瓦多,75.23758,24,82,28.4
2025,env_career,United Arab Emirates,阿聯,74.77434,25,82,29.6
2025,env_career,Mongolia,蒙古,74.74493,26,82,30.9
2025,env_career,Moldova,摩爾多瓦,74.58549,27,82,32.1
2025,env_career,Romania,羅馬尼亞,72.89435,28,82,33.3
2025,env_career,Italy,義大利,71.86521,29,82,34.6
2025,env_career,Brunei Darussalam,汶萊,71.74929,30,82,35.8
2025,env_career,Dominican Republic,多明尼加,71.48099,31,82,37.0
2025,env_career,Argentina,阿根廷,71.20691,32,82,38.3
2025,env_career,Qatar,卡達,71.18643,33,82,39.5
2025,env_career,Iceland,冰島,71.09915,34,82,40.7
2025,env_career,Ukrainian regions (17 of 27),烏克蘭（17區）,70.92542,35,82,42.0
2025,env_career,Morocco,摩洛哥,70.47493,36,82,43.2
2025,env_career,Kazakhstan,哈薩克,70.25554,37,82,44.4
2025,env_career,Chile,智利,68.70237,38,82,45.7
2025,env_career,Slovak Republic,斯洛伐克,68.53954,39,82,46.9
2025,env_career,Montenegro,蒙特內哥羅,67.97439,40,82,48.1
2025,env_career,Brazil,巴西,67.25274,41,82,49.4
2025,env_career,Spain,西班牙,66.70815,42,82,50.6
2025,env_career,Hungary,匈牙利,66.6291,43,82,51.9
2025,env_career,Palestinian Authority,巴勒斯坦,66.15037,44,82,53.1
2025,env_career,Georgia,喬治亞,65.7908,45,82,54.3
2025,env_career,Jordan,約旦,65.35411,46,82,55.6
2025,env_career,Philippines,菲律賓,65.15818,47,82,56.8
2025,env_career,Serbia,塞爾維亞,63.15297,48,82,58.0
2025,env_career,Malta,馬爾他,63.01913,49,82,59.3
2025,env_career,Japan,日本,62.20858,50,82,60.5
2025,env_career,Ireland,愛爾蘭,62.03297,51,82,61.7
2025,env_career,Singapore,新加坡,61.65642,52,82,63.0
2025,env_career,Uruguay,烏拉圭,60.79779,53,82,64.2
2025,env_career,Estonia,愛沙尼亞,60.77416,54,82,65.4
2025,env_career,Czechia,捷克,60.09779,55,82,66.7
2025,env_career,Israel,以色列,60.04988,56,82,67.9
2025,env_career,Latvia,拉脫維亞,60.0118,57,82,69.1
2025,env_career,Luxembourg,盧森堡,59.80035,58,82,70.4
2025,env_career,Canada,加拿大,59.67875,59,82,71.6
2025,env_career,Bulgaria,保加利亞,59.36411,60,82,72.8
2025,env_career,Belgium,比利時,58.97772,61,82,74.1
2025,env_career,Poland,波蘭,58.89207,62,82,75.3
2025,env_career,Macao (China),澳門,58.51827,63,82,76.5
2025,env_career,France,法國,58.47825,64,82,77.8
2025,env_career,Slovenia,斯洛維尼亞,58.35169,65,82,79.0
2025,env_career,Australia,澳洲,56.28496,66,82,80.2
2025,env_career,Switzerland,瑞士,56.27385,67,82,81.5
2025,env_career,Croatia,克羅埃西亞,55.99641,68,82,82.7
2025,env_career,New Zealand,紐西蘭,55.47046,69,82,84.0
2025,env_career,Lebanon,黎巴嫩,55.18697,70,82,85.2
2025,env_career,Denmark,丹麥,53.86806,71,82,86.4
2025,env_career,United Kingdom,英國,53.20759,72,82,87.7
2025,env_career,Cyprus,賽普勒斯,52.95827,73,82,88.9
2025,env_career,Korea,韓國,52.87566,74,82,90.1
2025,env_career,Austria,奧地利,52.09984,75,82,91.4
2025,env_career,Finland,芬蘭,51.49831,76,82,92.6
2025,env_career,Lithuania,立陶宛,51.20259,77,82,93.8
2025,env_career,Chinese Taipei,臺灣,49.61734,78,82,95.1
2025,env_career,Greece,希臘,48.35769,79,82,96.3
2025,env_career,Germany,德國,45.92593,80,82,97.5
2025,env_career,Hong Kong (China),香港,45.47493,81,82,98.8
2025,env_career,Netherlands,荷蘭,41.02131,82,82,100.0
2025,env_collective,Albania,阿爾巴尼亞,0.77855,1,89,0.0
2025,env_collective,Singapore,新加坡,0.57106,2,89,1.1
2025,env_collective,B-S-J-Z (China),中國四省市,0.53056,3,89,2.3
2025,env_collective,Indonesia,印尼,0.4644,4,89,3.4
2025,env_collective,Saudi Arabia,沙烏地阿拉伯,0.45597,5,89,4.5
2025,env_collective,United Arab Emirates,阿聯,0.44382,6,89,5.7
2025,env_collective,Malaysia,馬來西亞,0.43953,7,89,6.8
2025,env_collective,Uzbekistan,烏茲別克,0.40931,8,89,8.0
2025,env_collective,Viet Nam,越南,0.37406,9,89,9.1
2025,env_collective,Japan,日本,0.35504,10,89,10.2
2025,env_collective,Korea,韓國,0.35146,11,89,11.4
2025,env_collective,Thailand,泰國,0.33751,12,89,12.5
2025,env_collective,Chinese Taipei,臺灣,0.33503,13,89,13.6
2025,env_collective,Mexico,墨西哥,0.32536,14,89,14.8
2025,env_collective,Ireland,愛爾蘭,0.31828,15,89,15.9
2025,env_collective,Philippines,菲律賓,0.31523,16,89,17.0
2025,env_collective,Portugal,葡萄牙,0.31185,17,89,18.2
2025,env_collective,Mongolia,蒙古,0.29222,18,89,19.3
2025,env_collective,Zambia,尚比亞,0.28231,19,89,20.5
2025,env_collective,Kenya,肯亞,0.27931,20,89,21.6
2025,env_collective,Brunei Darussalam,汶萊,0.26165,21,89,22.7
2025,env_collective,Costa Rica,哥斯大黎加,0.26131,22,89,23.9
2025,env_collective,Mauritius,模里西斯,0.24925,23,89,25.0
2025,env_collective,Peru,秘魯,0.19329,24,89,26.1
2025,env_collective,Hong Kong (China),香港,0.19131,25,89,27.3
2025,env_collective,Colombia,哥倫比亞,0.19041,26,89,28.4
2025,env_collective,Ecuador,厄瓜多,0.18971,27,89,29.5
2025,env_collective,Romania,羅馬尼亞,0.18712,28,89,30.7
2025,env_collective,Croatia,克羅埃西亞,0.17642,29,89,31.8
2025,env_collective,Lithuania,立陶宛,0.16893,30,89,33.0
2025,env_collective,Canada,加拿大,0.16466,31,89,34.1
2025,env_collective,Malta,馬爾他,0.15577,32,89,35.2
2025,env_collective,Macao (China),澳門,0.14543,33,89,36.4
2025,env_collective,Qatar,卡達,0.13169,34,89,37.5
2025,env_collective,Moldova,摩爾多瓦,0.12077,35,89,38.6
2025,env_collective,France,法國,0.12062,36,89,39.8
2025,env_collective,Australia,澳洲,0.10566,37,89,40.9
2025,env_collective,Kosovo,科索沃,0.10348,38,89,42.0
2025,env_collective,Guatemala,瓜地馬拉,0.10082,39,89,43.2
2025,env_collective,Rwanda,盧安達,0.0931,40,89,44.3
2025,env_collective,Azerbaijan,亞塞拜然,0.07412,41,89,45.5
2025,env_collective,New Zealand,紐西蘭,0.06881,42,89,46.6
2025,env_collective,Iceland,冰島,0.06116,43,89,47.7
2025,env_collective,North Macedonia,北馬其頓,0.05646,44,89,48.9
2025,env_collective,Brazil,巴西,0.04157,45,89,50.0
2025,env_collective,Ukrainian regions (17 of 27),烏克蘭（17區）,0.04103,46,89,51.1
2025,env_collective,Chile,智利,0.04036,47,89,52.3
2025,env_collective,Kazakhstan,哈薩克,0.03357,48,89,53.4
2025,env_collective,Kyrgyzstan,吉爾吉斯,0.03309,49,89,54.5
2025,env_collective,Georgia,喬治亞,0.02423,50,89,55.7
2025,env_collective,Slovenia,斯洛維尼亞,0.01049,51,89,56.8
2025,env_collective,Paraguay,巴拉圭,0.00261,52,89,58.0
2025,env_collective,Armenia,亞美尼亞,-0.01222,53,89,59.1
2025,env_collective,Serbia,塞爾維亞,-0.01382,54,89,60.2
2025,env_collective,Lebanon,黎巴嫩,-0.02006,55,89,61.4
2025,env_collective,Dominican Republic,多明尼加,-0.02357,56,89,62.5
2025,env_collective,Estonia,愛沙尼亞,-0.0257,57,89,63.6
2025,env_collective,Belgium,比利時,-0.03869,58,89,64.8
2025,env_collective,Spain,西班牙,-0.04081,59,89,65.9
2025,env_collective,Morocco,摩洛哥,-0.04233,60,89,67.0
2025,env_collective,Uruguay,烏拉圭,-0.04497,61,89,68.2
2025,env_collective,Greece,希臘,-0.0453,62,89,69.3
2025,env_collective,Montenegro,蒙特內哥羅,-0.04766,63,89,70.5
2025,env_collective,El Salvador,薩爾瓦多,-0.05007,64,89,71.6
2025,env_collective,Italy,義大利,-0.056,65,89,72.7
2025,env_collective,Dushanbe (Tajikistan),杜尚別（塔吉克）,-0.0611,66,89,73.9
2025,env_collective,United Kingdom,英國,-0.06408,67,89,75.0
2025,env_collective,Denmark,丹麥,-0.06646,68,89,76.1
2025,env_collective,Argentina,阿根廷,-0.06863,69,89,77.3
2025,env_collective,Jordan,約旦,-0.07253,70,89,78.4
2025,env_collective,Luxembourg,盧森堡,-0.07789,71,89,79.5
2025,env_collective,Kurdistan Region (Iraq),伊拉克庫德斯坦,-0.08378,72,89,80.7
2025,env_collective,Finland,芬蘭,-0.08427,73,89,81.8
2025,env_collective,Sweden,瑞典,-0.09479,74,89,83.0
2025,env_collective,Bulgaria,保加利亞,-0.1057,75,89,84.1
2025,env_collective,Latvia,拉脫維亞,-0.12311,76,89,85.2
2025,env_collective,Switzerland,瑞士,-0.12674,77,89,86.4
2025,env_collective,Hungary,匈牙利,-0.1286,78,89,87.5
2025,env_collective,Cyprus,賽普勒斯,-0.13391,79,89,88.6
2025,env_collective,Palestinian Authority,巴勒斯坦,-0.13419,80,89,89.8
2025,env_collective,Austria,奧地利,-0.15434,81,89,90.9
2025,env_collective,Türkiye,土耳其,-0.15944,82,89,92.0
2025,env_collective,Norway,挪威,-0.16886,83,89,93.2
2025,env_collective,Israel,以色列,-0.17616,84,89,94.3
2025,env_collective,Slovak Republic,斯洛伐克,-0.18663,85,89,95.5
2025,env_collective,Poland,波蘭,-0.24908,86,89,96.6
2025,env_collective,Czechia,捷克,-0.27096,87,89,97.7
2025,env_collective,Germany,德國,-0.30435,88,89,98.9
2025,env_collective,Netherlands,荷蘭,-0.32235,89,89,100.0
2025,env_sci_mean,B-S-J-Z (China),中國四省市,594.09222,1,85,0.0
2025,env_sci_mean,Singapore,新加坡,561.16653,2,85,1.2
2025,env_sci_mean,Chinese Taipei,臺灣,539.20305,3,85,2.4
2025,env_sci_mean,Macao (China),澳門,538.59081,4,85,3.6
2025,env_sci_mean,Japan,日本,535.66349,5,85,4.8
2025,env_sci_mean,Korea,韓國,522.0115,6,85,6.0
2025,env_sci_mean,Estonia,愛沙尼亞,520.33629,7,85,7.1
2025,env_sci_mean,United Kingdom,英國,512.51831,8,85,8.3
2025,env_sci_mean,Canada,加拿大,511.17826,9,85,9.5
2025,env_sci_mean,New Zealand,紐西蘭,510.82619,10,85,10.7
2025,env_sci_mean,Australia,澳洲,509.98872,11,85,11.9
2025,env_sci_mean,Ireland,愛爾蘭,503.31088,12,85,13.1
2025,env_sci_mean,Finland,芬蘭,501.90855,13,85,14.3
2025,env_sci_mean,United States,美國,499.61478,14,85,15.5
2025,env_sci_mean,Hong Kong (China),香港,496.59778,15,85,16.7
2025,env_sci_mean,Switzerland,瑞士,495.34542,16,85,17.9
2025,env_sci_mean,Türkiye,土耳其,494.09948,17,85,19.0
2025,env_sci_mean,Austria,奧地利,493.33961,18,85,20.2
2025,env_sci_mean,Poland,波蘭,492.42605,19,85,21.4
2025,env_sci_mean,Czechia,捷克,488.37491,20,85,22.6
2025,env_sci_mean,Lithuania,立陶宛,487.40675,21,85,23.8
2025,env_sci_mean,France,法國,486.39472,22,85,25.0
2025,env_sci_mean,Belgium,比利時,485.66387,23,85,26.2
2025,env_sci_mean,Sweden,瑞典,484.6834,24,85,27.4
2025,env_sci_mean,Netherlands,荷蘭,482.57026,25,85,28.6
2025,env_sci_mean,Italy,義大利,482.01838,26,85,29.8
2025,env_sci_mean,Germany,德國,481.44516,27,85,31.0
2025,env_sci_mean,Portugal,葡萄牙,480.98871,28,85,32.1
2025,env_sci_mean,Slovenia,斯洛維尼亞,479.75182,29,85,33.3
2025,env_sci_mean,Spain,西班牙,477.34033,30,85,34.5
2025,env_sci_mean,Hungary,匈牙利,475.33267,31,85,35.7
2025,env_sci_mean,Croatia,克羅埃西亞,473.92182,32,85,36.9
2025,env_sci_mean,Denmark,丹麥,471.74969,33,85,38.1
2025,env_sci_mean,Luxembourg,盧森堡,471.1511,34,85,39.3
2025,env_sci_mean,Norway,挪威,469.40942,35,85,40.5
2025,env_sci_mean,Slovak Republic,斯洛伐克,469.15549,36,85,41.7
2025,env_sci_mean,Viet Nam,越南,465.29445,37,85,42.9
2025,env_sci_mean,Latvia,拉脫維亞,463.58134,38,85,44.0
2025,env_sci_mean,United Arab Emirates,阿聯,458.02801,39,85,45.2
2025,env_sci_mean,Malta,馬爾他,453.07072,40,85,46.4
2025,env_sci_mean,Ukrainian regions (17 of 27),烏克蘭（17區）,446.52341,41,85,47.6
2025,env_sci_mean,Uruguay,烏拉圭,445.34922,42,85,48.8
2025,env_sci_mean,Israel,以色列,443.2884,43,85,50.0
2025,env_sci_mean,Brunei Darussalam,汶萊,442.85898,44,85,51.2
2025,env_sci_mean,Chile,智利,441.85777,45,85,52.4
2025,env_sci_mean,Montenegro,蒙特內哥羅,438.47631,46,85,53.6
2025,env_sci_mean,Uzbekistan,烏茲別克,433.26127,47,85,54.8
2025,env_sci_mean,Iceland,冰島,432.9129,48,85,56.0
2025,env_sci_mean,Qatar,卡達,432.09448,49,85,57.1
2025,env_sci_mean,Albania,阿爾巴尼亞,430.59392,50,85,58.3
2025,env_sci_mean,Costa Rica,哥斯大黎加,429.57146,51,85,59.5
2025,env_sci_mean,Romania,羅馬尼亞,425.56595,52,85,60.7
2025,env_sci_mean,Thailand,泰國,425.28156,53,85,61.9
2025,env_sci_mean,Serbia,塞爾維亞,424.89595,54,85,63.1
2025,env_sci_mean,Greece,希臘,424.72701,55,85,64.3
2025,env_sci_mean,Moldova,摩爾多瓦,422.83498,56,85,65.5
2025,env_sci_mean,Mongolia,蒙古,422.82194,57,85,66.7
2025,env_sci_mean,Malaysia,馬來西亞,421.25318,58,85,67.9
2025,env_sci_mean,Kazakhstan,哈薩克,421.0635,59,85,69.0
2025,env_sci_mean,Georgia,喬治亞,420.0094,60,85,70.2
2025,env_sci_mean,Colombia,哥倫比亞,419.62023,61,85,71.4
2025,env_sci_mean,Bulgaria,保加利亞,419.24573,62,85,72.6
2025,env_sci_mean,Brazil,巴西,413.22322,63,85,73.8
2025,env_sci_mean,Mexico,墨西哥,413.11048,64,85,75.0
2025,env_sci_mean,Saudi Arabia,沙烏地阿拉伯,412.93956,65,85,76.2
2025,env_sci_mean,Peru,秘魯,405.27276,66,85,77.4
2025,env_sci_mean,Azerbaijan,亞塞拜然,404.89508,67,85,78.6
2025,env_sci_mean,Jordan,約旦,404.51147,68,85,79.8
2025,env_sci_mean,Cyprus,賽普勒斯,404.06838,69,85,81.0
2025,env_sci_mean,Argentina,阿根廷,397.0877,70,85,82.1
2025,env_sci_mean,Ecuador,厄瓜多,395.89954,71,85,83.3
2025,env_sci_mean,Indonesia,印尼,392.67432,72,85,84.5
2025,env_sci_mean,El Salvador,薩爾瓦多,381.45525,73,85,85.7
2025,env_sci_mean,Lebanon,黎巴嫩,372.48456,74,85,86.9
2025,env_sci_mean,North Macedonia,北馬其頓,371.53888,75,85,88.1
2025,env_sci_mean,Philippines,菲律賓,371.09369,76,85,89.3
2025,env_sci_mean,Armenia,亞美尼亞,362.43824,77,85,90.5
2025,env_sci_mean,Dominican Republic,多明尼加,361.08909,78,85,91.7
2025,env_sci_mean,Kyrgyzstan,吉爾吉斯,357.4436,79,85,92.9
2025,env_sci_mean,Morocco,摩洛哥,357.1157,80,85,94.0
2025,env_sci_mean,Palestinian Authority,巴勒斯坦,356.5138,81,85,95.2
2025,env_sci_mean,Paraguay,巴拉圭,355.55211,82,85,96.4
2025,env_sci_mean,Kosovo,科索沃,351.07237,83,85,97.6
2025,env_sci_mean,Guatemala,瓜地馬拉,346.51635,84,85,98.8
2025,env_sci_mean,Kenya,肯亞,331.10296,85,85,100.0
2025,escs_gap,Kenya,肯亞,8.13808,1,90,0.0
2025,escs_gap,Cambodia,柬埔寨,8.9152,2,90,1.1
2025,escs_gap,Kurdistan Region (Iraq),伊拉克庫德斯坦,19.0915,3,90,2.2
2025,escs_gap,Uzbekistan,烏茲別克,21.64207,4,90,3.4
2025,escs_gap,Rwanda,盧安達,30.17048,5,90,4.5
2025,escs_gap,Armenia,亞美尼亞,39.10047,6,90,5.6
2025,escs_gap,Kosovo,科索沃,40.29576,7,90,6.7
2025,escs_gap,Kazakhstan,哈薩克,40.82699,8,90,7.9
2025,escs_gap,Jordan,約旦,42.40632,9,90,9.0
2025,escs_gap,Palestinian Authority,巴勒斯坦,43.01238,10,90,10.1
2025,escs_gap,Kyrgyzstan,吉爾吉斯,44.50217,11,90,11.2
2025,escs_gap,Macao (China),澳門,44.61536,12,90,12.4
2025,escs_gap,Georgia,喬治亞,45.77952,13,90,13.5
2025,escs_gap,Dushanbe (Tajikistan),杜尚別（塔吉克）,46.27074,14,90,14.6
2025,escs_gap,Saudi Arabia,沙烏地阿拉伯,46.52526,15,90,15.7
2025,escs_gap,Indonesia,印尼,47.22567,16,90,16.9
2025,escs_gap,United Arab Emirates,阿聯,49.90685,17,90,18.0
2025,escs_gap,Qatar,卡達,50.15126,18,90,19.1
2025,escs_gap,Morocco,摩洛哥,54.73213,19,90,20.2
2025,escs_gap,Thailand,泰國,54.95509,20,90,21.3
2025,escs_gap,Latvia,拉脫維亞,58.10447,21,90,22.5
2025,escs_gap,Canada,加拿大,58.5396,22,90,23.6
2025,escs_gap,North Macedonia,北馬其頓,62.52637,23,90,24.7
2025,escs_gap,Lithuania,立陶宛,62.80369,24,90,25.8
2025,escs_gap,Azerbaijan,亞塞拜然,62.84337,25,90,27.0
2025,escs_gap,Albania,阿爾巴尼亞,62.89077,26,90,28.1
2025,escs_gap,Montenegro,蒙特內哥羅,64.99386,27,90,29.2
2025,escs_gap,Iceland,冰島,65.73949,28,90,30.3
2025,escs_gap,Ukrainian regions (17 of 27),烏克蘭（17區）,66.2729,29,90,31.5
2025,escs_gap,Mexico,墨西哥,68.00615,30,90,32.6
2025,escs_gap,Estonia,愛沙尼亞,68.04962,31,90,33.7
2025,escs_gap,Hong Kong (China),香港,68.50927,32,90,34.8
2025,escs_gap,Dominican Republic,多明尼加,68.54558,33,90,36.0
2025,escs_gap,Denmark,丹麥,68.79616,34,90,37.1
2025,escs_gap,Malta,馬爾他,69.08112,35,90,38.2
2025,escs_gap,Korea,韓國,69.28508,36,90,39.3
2025,escs_gap,Serbia,塞爾維亞,70.3165,37,90,40.4
2025,escs_gap,Spain,西班牙,71.21049,38,90,41.6
2025,escs_gap,Japan,日本,71.29973,39,90,42.7
2025,escs_gap,Slovenia,斯洛維尼亞,71.33158,40,90,43.8
2025,escs_gap,Mongolia,蒙古,71.48955,41,90,44.9
2025,escs_gap,Paraguay,巴拉圭,72.34076,42,90,46.1
2025,escs_gap,B-S-J-Z (China),中國四省市,72.41262,43,90,47.2
2025,escs_gap,Ireland,愛爾蘭,72.4985,44,90,48.3
2025,escs_gap,El Salvador,薩爾瓦多,72.63818,45,90,49.4
2025,escs_gap,Cyprus,賽普勒斯,73.16927,46,90,50.6
2025,escs_gap,Lebanon,黎巴嫩,73.91341,47,90,51.7
2025,escs_gap,Guatemala,瓜地馬拉,75.69703,48,90,52.8
2025,escs_gap,Chile,智利,76.28439,49,90,53.9
2025,escs_gap,Philippines,菲律賓,76.2998,50,90,55.1
2025,escs_gap,Greece,希臘,76.3733,51,90,56.2
2025,escs_gap,Norway,挪威,76.64425,52,90,57.3
2025,escs_gap,Peru,秘魯,77.51427,53,90,58.4
2025,escs_gap,Finland,芬蘭,77.94083,54,90,59.6
2025,escs_gap,Italy,義大利,79.53936,55,90,60.7
2025,escs_gap,Australia,澳洲,79.91649,56,90,61.8
2025,escs_gap,United Kingdom,英國,80.02457,57,90,62.9
2025,escs_gap,Türkiye,土耳其,81.11599,58,90,64.0
2025,escs_gap,Poland,波蘭,81.76403,59,90,65.2
2025,escs_gap,Israel,以色列,81.99573,60,90,66.3
2025,escs_gap,Malaysia,馬來西亞,82.20965,61,90,67.4
2025,escs_gap,Argentina,阿根廷,82.46713,62,90,68.5
2025,escs_gap,Croatia,克羅埃西亞,83.54809,63,90,69.7
2025,escs_gap,Moldova,摩爾多瓦,84.05168,64,90,70.8
2025,escs_gap,Ecuador,厄瓜多,86.42306,65,90,71.9
2025,escs_gap,Viet Nam,越南,87.26272,66,90,73.0
2025,escs_gap,Uruguay,烏拉圭,87.31173,67,90,74.2
2025,escs_gap,Brunei Darussalam,汶萊,88.6853,68,90,75.3
2025,escs_gap,New Zealand,紐西蘭,89.26334,69,90,76.4
2025,escs_gap,Singapore,新加坡,91.08428,70,90,77.5
2025,escs_gap,Chinese Taipei,臺灣,91.40403,71,90,78.7
2025,escs_gap,Portugal,葡萄牙,91.54394,72,90,79.8
2025,escs_gap,Sweden,瑞典,92.31854,73,90,80.9
2025,escs_gap,Colombia,哥倫比亞,93.30233,74,90,82.0
2025,escs_gap,Mauritius,模里西斯,93.8551,75,90,83.1
2025,escs_gap,Brazil,巴西,95.76616,76,90,84.3
2025,escs_gap,Czechia,捷克,96.14059,77,90,85.4
2025,escs_gap,Belgium,比利時,97.68807,78,90,86.5
2025,escs_gap,Austria,奧地利,97.82652,79,90,87.6
2025,escs_gap,Switzerland,瑞士,98.82934,80,90,88.8
2025,escs_gap,France,法國,99.9827,81,90,89.9
2025,escs_gap,Bulgaria,保加利亞,101.13075,82,90,91.0
2025,escs_gap,Hungary,匈牙利,102.61072,83,90,92.1
2025,escs_gap,United States,美國,104.42571,84,90,93.3
2025,escs_gap,Netherlands,荷蘭,104.7864,85,90,94.4
2025,escs_gap,Slovak Republic,斯洛伐克,113.65948,86,90,95.5
2025,escs_gap,Romania,羅馬尼亞,122.44633,87,90,96.6
2025,escs_gap,Germany,德國,124.97788,88,90,97.8
2025,escs_gap,Luxembourg,盧森堡,130.13083,89,90,98.9
2025,escs_gap,Zambia,尚比亞,177.42316,90,90,100.0
2025,escs_strength,Kenya,肯亞,0.18613,1,90,0.0
2025,escs_strength,Cambodia,柬埔寨,0.4721,2,90,1.1
2025,escs_strength,Uzbekistan,烏茲別克,1.25379,3,90,2.2
2025,escs_strength,Kurdistan Region (Iraq),伊拉克庫德斯坦,1.53106,4,90,3.4
2025,escs_strength,Rwanda,盧安達,3.08948,5,90,4.5
2025,escs_strength,United Arab Emirates,阿聯,3.29572,6,90,5.6
2025,escs_strength,Macao (China),澳門,3.65056,7,90,6.7
2025,escs_strength,Qatar,卡達,3.97961,8,90,7.9
2025,escs_strength,Jordan,約旦,4.13837,9,90,9.0
2025,escs_strength,Armenia,亞美尼亞,4.30512,10,90,10.1
2025,escs_strength,Georgia,喬治亞,4.37298,11,90,11.2
2025,escs_strength,Kazakhstan,哈薩克,4.57798,12,90,12.4
2025,escs_strength,Kosovo,科索沃,4.79511,13,90,13.5
2025,escs_strength,Palestinian Authority,巴勒斯坦,5.41684,14,90,14.6
2025,escs_strength,Latvia,拉脫維亞,5.52296,15,90,15.7
2025,escs_strength,Saudi Arabia,沙烏地阿拉伯,5.63412,16,90,16.9
2025,escs_strength,Canada,加拿大,6.04159,17,90,18.0
2025,escs_strength,Kyrgyzstan,吉爾吉斯,6.12604,18,90,19.1
2025,escs_strength,Hong Kong (China),香港,6.21879,19,90,20.2
2025,escs_strength,Malta,馬爾他,6.25761,20,90,21.3
2025,escs_strength,Cyprus,賽普勒斯,6.64239,21,90,22.5
2025,escs_strength,North Macedonia,北馬其頓,6.77227,22,90,23.6
2025,escs_strength,Thailand,泰國,6.96657,23,90,24.7
2025,escs_strength,Iceland,冰島,7.06998,24,90,25.8
2025,escs_strength,Azerbaijan,亞塞拜然,7.1351,25,90,27.0
2025,escs_strength,Dushanbe (Tajikistan),杜尚別（塔吉克）,7.5162,26,90,28.1
2025,escs_strength,Japan,日本,7.60975,27,90,29.2
2025,escs_strength,Lebanon,黎巴嫩,7.65257,28,90,30.3
2025,escs_strength,Korea,韓國,7.68667,29,90,31.5
2025,escs_strength,Lithuania,立陶宛,7.88385,30,90,32.6
2025,escs_strength,Ukrainian regions (17 of 27),烏克蘭（17區）,8.01786,31,90,33.7
2025,escs_strength,Montenegro,蒙特內哥羅,8.17299,32,90,34.8
2025,escs_strength,Norway,挪威,8.23285,33,90,36.0
2025,escs_strength,Slovenia,斯洛維尼亞,8.48353,34,90,37.1
2025,escs_strength,United Kingdom,英國,8.4992,35,90,38.2
2025,escs_strength,Indonesia,印尼,8.56648,36,90,39.3
2025,escs_strength,Albania,阿爾巴尼亞,8.67814,37,90,40.4
2025,escs_strength,Finland,芬蘭,9.01965,38,90,41.6
2025,escs_strength,Serbia,塞爾維亞,9.10876,39,90,42.7
2025,escs_strength,Morocco,摩洛哥,9.10941,40,90,43.8
2025,escs_strength,Israel,以色列,9.17707,41,90,44.9
2025,escs_strength,Spain,西班牙,9.2416,42,90,46.1
2025,escs_strength,Australia,澳洲,9.4956,43,90,47.2
2025,escs_strength,Ireland,愛爾蘭,9.55621,44,90,48.3
2025,escs_strength,Denmark,丹麥,9.62258,45,90,49.4
2025,escs_strength,Estonia,愛沙尼亞,9.63874,46,90,50.6
2025,escs_strength,B-S-J-Z (China),中國四省市,9.71394,47,90,51.7
2025,escs_strength,Greece,希臘,10.36869,48,90,52.8
2025,escs_strength,Dominican Republic,多明尼加,10.37007,49,90,53.9
2025,escs_strength,Türkiye,土耳其,10.43448,50,90,55.1
2025,escs_strength,United States,美國,11.03107,51,90,56.2
2025,escs_strength,New Zealand,紐西蘭,11.10017,52,90,57.3
2025,escs_strength,Poland,波蘭,11.2587,53,90,58.4
2025,escs_strength,Italy,義大利,11.30713,54,90,59.6
2025,escs_strength,Chinese Taipei,臺灣,11.43435,55,90,60.7
2025,escs_strength,Chile,智利,11.44002,56,90,61.8
2025,escs_strength,Argentina,阿根廷,11.7962,57,90,62.9
2025,escs_strength,Mongolia,蒙古,11.82035,58,90,64.0
2025,escs_strength,Croatia,克羅埃西亞,11.87915,59,90,65.2
2025,escs_strength,Mexico,墨西哥,11.91175,60,90,66.3
2025,escs_strength,Paraguay,巴拉圭,11.95584,61,90,67.4
2025,escs_strength,Sweden,瑞典,11.96534,62,90,68.5
2025,escs_strength,Singapore,新加坡,12.46784,63,90,69.7
2025,escs_strength,Mauritius,模里西斯,12.52648,64,90,70.8
2025,escs_strength,Brunei Darussalam,汶萊,12.84253,65,90,71.9
2025,escs_strength,Philippines,菲律賓,12.90693,66,90,73.0
2025,escs_strength,Portugal,葡萄牙,13.29144,67,90,74.2
2025,escs_strength,Moldova,摩爾多瓦,13.37077,68,90,75.3
2025,escs_strength,France,法國,13.5364,69,90,76.4
2025,escs_strength,Switzerland,瑞士,13.63496,70,90,77.5
2025,escs_strength,Peru,秘魯,13.66407,71,90,78.7
2025,escs_strength,El Salvador,薩爾瓦多,13.67728,72,90,79.8
2025,escs_strength,Bulgaria,保加利亞,13.7811,73,90,80.9
2025,escs_strength,Netherlands,荷蘭,13.93201,74,90,82.0
2025,escs_strength,Austria,奧地利,14.02533,75,90,83.1
2025,escs_strength,Belgium,比利時,14.58383,76,90,84.3
2025,escs_strength,Uruguay,烏拉圭,14.89526,77,90,85.4
2025,escs_strength,Czechia,捷克,14.99665,78,90,86.5
2025,escs_strength,Malaysia,馬來西亞,15.71141,79,90,87.6
2025,escs_strength,Brazil,巴西,15.9238,80,90,88.8
2025,escs_strength,Guatemala,瓜地馬拉,17.06498,81,90,89.9
2025,escs_strength,Colombia,哥倫比亞,17.38245,82,90,91.0
2025,escs_strength,Viet Nam,越南,17.5311,83,90,92.1
2025,escs_strength,Hungary,匈牙利,17.86661,84,90,93.3
2025,escs_strength,Germany,德國,19.00903,85,90,94.4
2025,escs_strength,Ecuador,厄瓜多,20.44516,86,90,95.5
2025,escs_strength,Slovak Republic,斯洛伐克,20.69095,87,90,96.6
2025,escs_strength,Luxembourg,盧森堡,21.68377,88,90,97.8
2025,escs_strength,Romania,羅馬尼亞,21.74233,89,90,98.9
2025,escs_strength,Zambia,尚比亞,37.76778,90,90,100.0
2025,family_support,Albania,阿爾巴尼亞,0.42494,1,90,0.0
2025,family_support,Romania,羅馬尼亞,0.16147,2,90,1.1
2025,family_support,Estonia,愛沙尼亞,0.11146,3,90,2.2
2025,family_support,Armenia,亞美尼亞,0.1001,4,90,3.4
2025,family_support,Sweden,瑞典,0.0773,5,90,4.5
2025,family_support,Hungary,匈牙利,0.02764,6,90,5.6
2025,family_support,Colombia,哥倫比亞,0.01237,7,90,6.7
2025,family_support,United Arab Emirates,阿聯,-0.01384,8,90,7.9
2025,family_support,Kenya,肯亞,-0.02577,9,90,9.0
2025,family_support,Iceland,冰島,-0.02976,10,90,10.1
2025,family_support,Poland,波蘭,-0.03928,11,90,11.2
2025,family_support,Montenegro,蒙特內哥羅,-0.03937,12,90,12.4
2025,family_support,Saudi Arabia,沙烏地阿拉伯,-0.04143,13,90,13.5
2025,family_support,Croatia,克羅埃西亞,-0.04268,14,90,14.6
2025,family_support,Greece,希臘,-0.04386,15,90,15.7
2025,family_support,Slovak Republic,斯洛伐克,-0.04627,16,90,16.9
2025,family_support,Finland,芬蘭,-0.04783,17,90,18.0
2025,family_support,Portugal,葡萄牙,-0.05365,18,90,19.1
2025,family_support,Korea,韓國,-0.05842,19,90,20.2
2025,family_support,Viet Nam,越南,-0.06528,20,90,21.3
2025,family_support,Uzbekistan,烏茲別克,-0.07591,21,90,22.5
2025,family_support,Spain,西班牙,-0.07724,22,90,23.6
2025,family_support,Dushanbe (Tajikistan),杜尚別（塔吉克）,-0.07897,23,90,24.7
2025,family_support,Azerbaijan,亞塞拜然,-0.08472,24,90,25.8
2025,family_support,Lithuania,立陶宛,-0.08741,25,90,27.0
2025,family_support,United Kingdom,英國,-0.08772,26,90,28.1
2025,family_support,Kosovo,科索沃,-0.09003,27,90,29.2
2025,family_support,Latvia,拉脫維亞,-0.10118,28,90,30.3
2025,family_support,B-S-J-Z (China),中國四省市,-0.10488,29,90,31.5
2025,family_support,Moldova,摩爾多瓦,-0.10733,30,90,32.6
2025,family_support,Serbia,塞爾維亞,-0.10967,31,90,33.7
2025,family_support,North Macedonia,北馬其頓,-0.11136,32,90,34.8
2025,family_support,Ireland,愛爾蘭,-0.12256,33,90,36.0
2025,family_support,Ukrainian regions (17 of 27),烏克蘭（17區）,-0.13003,34,90,37.1
2025,family_support,Kyrgyzstan,吉爾吉斯,-0.1617,35,90,38.2
2025,family_support,Malta,馬爾他,-0.17035,36,90,39.3
2025,family_support,United States,美國,-0.18287,37,90,40.4
2025,family_support,Australia,澳洲,-0.19482,38,90,41.6
2025,family_support,Denmark,丹麥,-0.19784,39,90,42.7
2025,family_support,Czechia,捷克,-0.20252,40,90,43.8
2025,family_support,Georgia,喬治亞,-0.20655,41,90,44.9
2025,family_support,Zambia,尚比亞,-0.21351,42,90,46.1
2025,family_support,New Zealand,紐西蘭,-0.21609,43,90,47.2
2025,family_support,Netherlands,荷蘭,-0.21716,44,90,48.3
2025,family_support,Austria,奧地利,-0.22237,45,90,49.4
2025,family_support,Italy,義大利,-0.22327,46,90,50.6
2025,family_support,Peru,秘魯,-0.23148,47,90,51.7
2025,family_support,Ecuador,厄瓜多,-0.24456,48,90,52.8
2025,family_support,Switzerland,瑞士,-0.24993,49,90,53.9
2025,family_support,Kurdistan Region (Iraq),伊拉克庫德斯坦,-0.25227,50,90,55.1
2025,family_support,Norway,挪威,-0.26694,51,90,56.2
2025,family_support,Chinese Taipei,臺灣,-0.27011,52,90,57.3
2025,family_support,Germany,德國,-0.2712,53,90,58.4
2025,family_support,Chile,智利,-0.28798,54,90,59.6
2025,family_support,Bulgaria,保加利亞,-0.29343,55,90,60.7
2025,family_support,Canada,加拿大,-0.30365,56,90,61.8
2025,family_support,Mexico,墨西哥,-0.30526,57,90,62.9
2025,family_support,Cyprus,賽普勒斯,-0.32314,58,90,64.0
2025,family_support,Qatar,卡達,-0.33255,59,90,65.2
2025,family_support,Kazakhstan,哈薩克,-0.33831,60,90,66.3
2025,family_support,Argentina,阿根廷,-0.3413,61,90,67.4
2025,family_support,Uruguay,烏拉圭,-0.34187,62,90,68.5
2025,family_support,Guatemala,瓜地馬拉,-0.35686,63,90,69.7
2025,family_support,Mongolia,蒙古,-0.36923,64,90,70.8
2025,family_support,Mauritius,模里西斯,-0.37498,65,90,71.9
2025,family_support,Belgium,比利時,-0.37553,66,90,73.0
2025,family_support,Luxembourg,盧森堡,-0.3763,67,90,74.2
2025,family_support,Israel,以色列,-0.38182,68,90,75.3
2025,family_support,Türkiye,土耳其,-0.38822,69,90,76.4
2025,family_support,Thailand,泰國,-0.39841,70,90,77.5
2025,family_support,Morocco,摩洛哥,-0.40013,71,90,78.7
2025,family_support,Slovenia,斯洛維尼亞,-0.41292,72,90,79.8
2025,family_support,Lebanon,黎巴嫩,-0.42119,73,90,80.9
2025,family_support,Philippines,菲律賓,-0.42313,74,90,82.0
2025,family_support,France,法國,-0.42416,75,90,83.1
2025,family_support,Paraguay,巴拉圭,-0.44706,76,90,84.3
2025,family_support,Palestinian Authority,巴勒斯坦,-0.45081,77,90,85.4
2025,family_support,Jordan,約旦,-0.4569,78,90,86.5
2025,family_support,Dominican Republic,多明尼加,-0.45775,79,90,87.6
2025,family_support,Brazil,巴西,-0.46843,80,90,88.8
2025,family_support,El Salvador,薩爾瓦多,-0.50381,81,90,89.9
2025,family_support,Malaysia,馬來西亞,-0.51243,82,90,91.0
2025,family_support,Singapore,新加坡,-0.51294,83,90,92.1
2025,family_support,Hong Kong (China),香港,-0.54981,84,90,93.3
2025,family_support,Rwanda,盧安達,-0.56466,85,90,94.4
2025,family_support,Brunei Darussalam,汶萊,-0.57949,86,90,95.5
2025,family_support,Indonesia,印尼,-0.59759,87,90,96.6
2025,family_support,Japan,日本,-0.64445,88,90,97.8
2025,family_support,Cambodia,柬埔寨,-0.66398,89,90,98.9
2025,family_support,Macao (China),澳門,-0.67696,90,90,100.0
2025,feel_safe,Switzerland,瑞士,0.62643,1,88,0.0
2025,feel_safe,Austria,奧地利,0.59774,2,88,1.1
2025,feel_safe,Spain,西班牙,0.58142,3,88,2.3
2025,feel_safe,Albania,阿爾巴尼亞,0.57562,4,88,3.4
2025,feel_safe,Finland,芬蘭,0.49384,5,88,4.6
2025,feel_safe,Uzbekistan,烏茲別克,0.44446,6,88,5.7
2025,feel_safe,Norway,挪威,0.43579,7,88,6.9
2025,feel_safe,Saudi Arabia,沙烏地阿拉伯,0.42551,8,88,8.0
2025,feel_safe,Singapore,新加坡,0.41696,9,88,9.2
2025,feel_safe,Montenegro,蒙特內哥羅,0.39946,10,88,10.3
2025,feel_safe,Iceland,冰島,0.37645,11,88,11.5
2025,feel_safe,Croatia,克羅埃西亞,0.37567,12,88,12.6
2025,feel_safe,Luxembourg,盧森堡,0.3566,13,88,13.8
2025,feel_safe,Korea,韓國,0.33566,14,88,14.9
2025,feel_safe,Estonia,愛沙尼亞,0.3334,15,88,16.1
2025,feel_safe,Sweden,瑞典,0.30252,16,88,17.2
2025,feel_safe,Guatemala,瓜地馬拉,0.27992,17,88,18.4
2025,feel_safe,Chinese Taipei,臺灣,0.27111,18,88,19.5
2025,feel_safe,United Arab Emirates,阿聯,0.2705,19,88,20.7
2025,feel_safe,Latvia,拉脫維亞,0.26293,20,88,21.8
2025,feel_safe,El Salvador,薩爾瓦多,0.25783,21,88,23.0
2025,feel_safe,Portugal,葡萄牙,0.25047,22,88,24.1
2025,feel_safe,B-S-J-Z (China),中國四省市,0.2184,23,88,25.3
2025,feel_safe,Macao (China),澳門,0.21594,24,88,26.4
2025,feel_safe,Ukrainian regions (17 of 27),烏克蘭（17區）,0.21404,25,88,27.6
2025,feel_safe,Qatar,卡達,0.20711,26,88,28.7
2025,feel_safe,Ireland,愛爾蘭,0.20148,27,88,29.9
2025,feel_safe,Netherlands,荷蘭,0.20034,28,88,31.0
2025,feel_safe,Costa Rica,哥斯大黎加,0.17607,29,88,32.2
2025,feel_safe,Serbia,塞爾維亞,0.17606,30,88,33.3
2025,feel_safe,France,法國,0.17165,31,88,34.5
2025,feel_safe,Belgium,比利時,0.15353,32,88,35.6
2025,feel_safe,Dominican Republic,多明尼加,0.14915,33,88,36.8
2025,feel_safe,Kosovo,科索沃,0.14551,34,88,37.9
2025,feel_safe,Canada,加拿大,0.13699,35,88,39.1
2025,feel_safe,Ecuador,厄瓜多,0.13651,36,88,40.2
2025,feel_safe,Slovenia,斯洛維尼亞,0.13644,37,88,41.4
2025,feel_safe,Hong Kong (China),香港,0.11489,38,88,42.5
2025,feel_safe,Uruguay,烏拉圭,0.11196,39,88,43.7
2025,feel_safe,Israel,以色列,0.10991,40,88,44.8
2025,feel_safe,Paraguay,巴拉圭,0.10991,41,88,46.0
2025,feel_safe,Malta,馬爾他,0.10371,42,88,47.1
2025,feel_safe,Romania,羅馬尼亞,0.0967,43,88,48.3
2025,feel_safe,United Kingdom,英國,0.09311,44,88,49.4
2025,feel_safe,Greece,希臘,0.09144,45,88,50.6
2025,feel_safe,Australia,澳洲,0.08491,46,88,51.7
2025,feel_safe,United States,美國,0.08132,47,88,52.9
2025,feel_safe,Lithuania,立陶宛,0.08117,48,88,54.0
2025,feel_safe,Armenia,亞美尼亞,0.07913,49,88,55.2
2025,feel_safe,Kurdistan Region (Iraq),伊拉克庫德斯坦,0.0784,50,88,56.3
2025,feel_safe,Slovak Republic,斯洛伐克,0.0579,51,88,57.5
2025,feel_safe,Viet Nam,越南,0.05013,52,88,58.6
2025,feel_safe,Kazakhstan,哈薩克,0.04855,53,88,59.8
2025,feel_safe,Jordan,約旦,0.03702,54,88,60.9
2025,feel_safe,Colombia,哥倫比亞,0.03634,55,88,62.1
2025,feel_safe,Dushanbe (Tajikistan),杜尚別（塔吉克）,0.03323,56,88,63.2
2025,feel_safe,Italy,義大利,0.01749,57,88,64.4
2025,feel_safe,Hungary,匈牙利,0.01042,58,88,65.5
2025,feel_safe,North Macedonia,北馬其頓,-0.01308,59,88,66.7
2025,feel_safe,Argentina,阿根廷,-0.01507,60,88,67.8
2025,feel_safe,Azerbaijan,亞塞拜然,-0.02277,61,88,69.0
2025,feel_safe,Poland,波蘭,-0.02382,62,88,70.1
2025,feel_safe,Czechia,捷克,-0.02584,63,88,71.3
2025,feel_safe,Mexico,墨西哥,-0.02885,64,88,72.4
2025,feel_safe,Brunei Darussalam,汶萊,-0.03874,65,88,73.6
2025,feel_safe,New Zealand,紐西蘭,-0.06288,66,88,74.7
2025,feel_safe,Cyprus,賽普勒斯,-0.0631,67,88,75.9
2025,feel_safe,Malaysia,馬來西亞,-0.07474,68,88,77.0
2025,feel_safe,Indonesia,印尼,-0.08152,69,88,78.2
2025,feel_safe,Georgia,喬治亞,-0.08756,70,88,79.3
2025,feel_safe,Peru,秘魯,-0.08997,71,88,80.5
2025,feel_safe,Türkiye,土耳其,-0.09912,72,88,81.6
2025,feel_safe,Thailand,泰國,-0.10923,73,88,82.8
2025,feel_safe,Chile,智利,-0.11331,74,88,83.9
2025,feel_safe,Zambia,尚比亞,-0.11697,75,88,85.1
2025,feel_safe,Bulgaria,保加利亞,-0.13547,76,88,86.2
2025,feel_safe,Kyrgyzstan,吉爾吉斯,-0.19187,77,88,87.4
2025,feel_safe,Philippines,菲律賓,-0.1934,78,88,88.5
2025,feel_safe,Lebanon,黎巴嫩,-0.2063,79,88,89.7
2025,feel_safe,Brazil,巴西,-0.22226,80,88,90.8
2025,feel_safe,Mongolia,蒙古,-0.23096,81,88,92.0
2025,feel_safe,Mauritius,模里西斯,-0.23767,82,88,93.1
2025,feel_safe,Morocco,摩洛哥,-0.23972,83,88,94.3
2025,feel_safe,Palestinian Authority,巴勒斯坦,-0.28438,84,88,95.4
2025,feel_safe,Kenya,肯亞,-0.32547,85,88,96.6
2025,feel_safe,Cambodia,柬埔寨,-0.34632,86,88,97.7
2025,feel_safe,Rwanda,盧安達,-0.39386,87,88,98.9
2025,feel_safe,Moldova,摩爾多瓦,-0.76279,88,88,100.0
2025,gender_gap_sci,Palestinian Authority,巴勒斯坦,36.61428,1,91,0.0
2025,gender_gap_sci,Kurdistan Region (Iraq),伊拉克庫德斯坦,25.86932,2,91,1.1
2025,gender_gap_sci,Bulgaria,保加利亞,25.63211,3,91,2.2
2025,gender_gap_sci,Mongolia,蒙古,23.47741,4,91,3.3
2025,gender_gap_sci,Finland,芬蘭,22.16103,5,91,4.4
2025,gender_gap_sci,Cyprus,賽普勒斯,21.16957,6,91,5.6
2025,gender_gap_sci,Slovenia,斯洛維尼亞,21.01544,7,91,6.7
2025,gender_gap_sci,Jordan,約旦,20.09146,8,91,7.8
2025,gender_gap_sci,North Macedonia,北馬其頓,20.04453,9,91,8.9
2025,gender_gap_sci,Croatia,克羅埃西亞,19.84816,10,91,10.0
2025,gender_gap_sci,Kosovo,科索沃,18.67607,11,91,11.1
2025,gender_gap_sci,Malta,馬爾他,18.61625,12,91,12.2
2025,gender_gap_sci,Armenia,亞美尼亞,17.62269,13,91,13.3
2025,gender_gap_sci,Albania,阿爾巴尼亞,16.65151,14,91,14.4
2025,gender_gap_sci,Saudi Arabia,沙烏地阿拉伯,16.58375,15,91,15.6
2025,gender_gap_sci,Georgia,喬治亞,14.67534,16,91,16.7
2025,gender_gap_sci,Qatar,卡達,14.10381,17,91,17.8
2025,gender_gap_sci,Cambodia,柬埔寨,13.78495,18,91,18.9
2025,gender_gap_sci,Azerbaijan,亞塞拜然,13.62091,19,91,20.0
2025,gender_gap_sci,Israel,以色列,13.428,20,91,21.1
2025,gender_gap_sci,Kyrgyzstan,吉爾吉斯,13.33522,21,91,22.2
2025,gender_gap_sci,Serbia,塞爾維亞,13.26341,22,91,23.3
2025,gender_gap_sci,Philippines,菲律賓,12.46076,23,91,24.4
2025,gender_gap_sci,Sweden,瑞典,12.29551,24,91,25.6
2025,gender_gap_sci,Montenegro,蒙特內哥羅,12.21138,25,91,26.7
2025,gender_gap_sci,Greece,希臘,11.79957,26,91,27.8
2025,gender_gap_sci,Latvia,拉脫維亞,11.69176,27,91,28.9
2025,gender_gap_sci,United Arab Emirates,阿聯,10.86162,28,91,30.0
2025,gender_gap_sci,Moldova,摩爾多瓦,10.67655,29,91,31.1
2025,gender_gap_sci,Chinese Taipei,臺灣,10.51395,30,91,32.2
2025,gender_gap_sci,Lithuania,立陶宛,10.07707,31,91,33.3
2025,gender_gap_sci,Norway,挪威,9.93389,32,91,34.4
2025,gender_gap_sci,Uzbekistan,烏茲別克,9.44086,33,91,35.6
2025,gender_gap_sci,Thailand,泰國,9.14152,34,91,36.7
2025,gender_gap_sci,Dominican Republic,多明尼加,6.87425,35,91,37.8
2025,gender_gap_sci,France,法國,6.25495,36,91,38.9
2025,gender_gap_sci,Mauritius,模里西斯,5.46763,37,91,40.0
2025,gender_gap_sci,Switzerland,瑞士,5.4145,38,91,41.1
2025,gender_gap_sci,Indonesia,印尼,5.3977,39,91,42.2
2025,gender_gap_sci,Kazakhstan,哈薩克,5.37399,40,91,43.3
2025,gender_gap_sci,Netherlands,荷蘭,5.14406,41,91,44.4
2025,gender_gap_sci,Slovak Republic,斯洛伐克,5.06681,42,91,45.6
2025,gender_gap_sci,Ukrainian regions (17 of 27),烏克蘭（17區）,4.42327,43,91,46.7
2025,gender_gap_sci,Portugal,葡萄牙,4.15637,44,91,47.8
2025,gender_gap_sci,Czechia,捷克,2.71582,45,91,48.9
2025,gender_gap_sci,Morocco,摩洛哥,2.69223,46,91,50.0
2025,gender_gap_sci,New Zealand,紐西蘭,2.17655,47,91,51.1
2025,gender_gap_sci,Korea,韓國,2.06614,48,91,52.2
2025,gender_gap_sci,Iceland,冰島,1.73122,49,91,53.3
2025,gender_gap_sci,Belgium,比利時,1.72005,50,91,54.4
2025,gender_gap_sci,Romania,羅馬尼亞,1.68312,51,91,55.6
2025,gender_gap_sci,Poland,波蘭,1.2953,52,91,56.7
2025,gender_gap_sci,Malaysia,馬來西亞,1.12993,53,91,57.8
2025,gender_gap_sci,Estonia,愛沙尼亞,1.06208,54,91,58.9
2025,gender_gap_sci,Viet Nam,越南,0.96444,55,91,60.0
2025,gender_gap_sci,Brunei Darussalam,汶萊,0.70624,56,91,61.1
2025,gender_gap_sci,Singapore,新加坡,0.20812,57,91,62.2
2025,gender_gap_sci,Spain,西班牙,-0.24698,58,91,63.3
2025,gender_gap_sci,Australia,澳洲,-0.616,59,91,64.4
2025,gender_gap_sci,Macao (China),澳門,-0.63331,60,91,65.6
2025,gender_gap_sci,Denmark,丹麥,-1.37851,61,91,66.7
2025,gender_gap_sci,Luxembourg,盧森堡,-1.437,62,91,67.8
2025,gender_gap_sci,Brazil,巴西,-1.50778,63,91,68.9
2025,gender_gap_sci,Uruguay,烏拉圭,-2.24771,64,91,70.0
2025,gender_gap_sci,Austria,奧地利,-2.89979,65,91,71.1
2025,gender_gap_sci,Germany,德國,-3.01765,66,91,72.2
2025,gender_gap_sci,Italy,義大利,-3.09862,67,91,73.3
2025,gender_gap_sci,Dushanbe (Tajikistan),杜尚別（塔吉克）,-3.77964,68,91,74.4
2025,gender_gap_sci,Paraguay,巴拉圭,-3.83229,69,91,75.6
2025,gender_gap_sci,Türkiye,土耳其,-4.04044,70,91,76.7
2025,gender_gap_sci,Ecuador,厄瓜多,-4.31601,71,91,77.8
2025,gender_gap_sci,Lebanon,黎巴嫩,-4.58749,72,91,78.9
2025,gender_gap_sci,Canada,加拿大,-4.7298,73,91,80.0
2025,gender_gap_sci,El Salvador,薩爾瓦多,-5.62471,74,91,81.1
2025,gender_gap_sci,Argentina,阿根廷,-6.81659,75,91,82.2
2025,gender_gap_sci,Colombia,哥倫比亞,-7.06604,76,91,83.3
2025,gender_gap_sci,Ireland,愛爾蘭,-7.192,77,91,84.4
2025,gender_gap_sci,Hungary,匈牙利,-8.01371,78,91,85.6
2025,gender_gap_sci,United States,美國,-8.05127,79,91,86.7
2025,gender_gap_sci,Chile,智利,-8.61635,80,91,87.8
2025,gender_gap_sci,Guatemala,瓜地馬拉,-9.24699,81,91,88.9
2025,gender_gap_sci,Japan,日本,-9.62906,82,91,90.0
2025,gender_gap_sci,Peru,秘魯,-11.0896,83,91,91.1
2025,gender_gap_sci,Costa Rica,哥斯大黎加,-11.24996,84,91,92.2
2025,gender_gap_sci,United Kingdom,英國,-11.50419,85,91,93.3
2025,gender_gap_sci,Mexico,墨西哥,-12.78536,86,91,94.4
2025,gender_gap_sci,Zambia,尚比亞,-13.99069,87,91,95.6
2025,gender_gap_sci,B-S-J-Z (China),中國四省市,-14.09416,88,91,96.7
2025,gender_gap_sci,Hong Kong (China),香港,-16.02246,89,91,97.8
2025,gender_gap_sci,Kenya,肯亞,-23.79412,90,91,98.9
2025,gender_gap_sci,Rwanda,盧安達,-26.07693,91,91,100.0
2025,goal_setting,Albania,阿爾巴尼亞,0.74381,1,85,0.0
2025,goal_setting,Kenya,肯亞,0.59329,2,85,1.2
2025,goal_setting,United Arab Emirates,阿聯,0.56466,3,85,2.4
2025,goal_setting,Saudi Arabia,沙烏地阿拉伯,0.5416,4,85,3.6
2025,goal_setting,Kosovo,科索沃,0.49136,5,85,4.8
2025,goal_setting,Uzbekistan,烏茲別克,0.46589,6,85,6.0
2025,goal_setting,Qatar,卡達,0.40932,7,85,7.1
2025,goal_setting,Azerbaijan,亞塞拜然,0.39891,8,85,8.3
2025,goal_setting,Kazakhstan,哈薩克,0.38906,9,85,9.5
2025,goal_setting,Armenia,亞美尼亞,0.38364,10,85,10.7
2025,goal_setting,North Macedonia,北馬其頓,0.38146,11,85,11.9
2025,goal_setting,Morocco,摩洛哥,0.37458,12,85,13.1
2025,goal_setting,Lebanon,黎巴嫩,0.37447,13,85,14.3
2025,goal_setting,Viet Nam,越南,0.36755,14,85,15.5
2025,goal_setting,Indonesia,印尼,0.31865,15,85,16.7
2025,goal_setting,Georgia,喬治亞,0.30808,16,85,17.9
2025,goal_setting,Philippines,菲律賓,0.29693,17,85,19.0
2025,goal_setting,Thailand,泰國,0.28234,18,85,20.2
2025,goal_setting,Malta,馬爾他,0.25891,19,85,21.4
2025,goal_setting,Palestinian Authority,巴勒斯坦,0.25113,20,85,22.6
2025,goal_setting,Malaysia,馬來西亞,0.2502,21,85,23.8
2025,goal_setting,Spain,西班牙,0.22126,22,85,25.0
2025,goal_setting,Romania,羅馬尼亞,0.2109,23,85,26.2
2025,goal_setting,Moldova,摩爾多瓦,0.2021,24,85,27.4
2025,goal_setting,Montenegro,蒙特內哥羅,0.20174,25,85,28.6
2025,goal_setting,Peru,秘魯,0.20167,26,85,29.8
2025,goal_setting,Jordan,約旦,0.2014,27,85,31.0
2025,goal_setting,Croatia,克羅埃西亞,0.19887,28,85,32.1
2025,goal_setting,Singapore,新加坡,0.19754,29,85,33.3
2025,goal_setting,Serbia,塞爾維亞,0.19428,30,85,34.5
2025,goal_setting,Mongolia,蒙古,0.19203,31,85,35.7
2025,goal_setting,Kyrgyzstan,吉爾吉斯,0.19061,32,85,36.9
2025,goal_setting,Costa Rica,哥斯大黎加,0.18765,33,85,38.1
2025,goal_setting,Canada,加拿大,0.17183,34,85,39.3
2025,goal_setting,Portugal,葡萄牙,0.15903,35,85,40.5
2025,goal_setting,Sweden,瑞典,0.15893,36,85,41.7
2025,goal_setting,Ecuador,厄瓜多,0.15835,37,85,42.9
2025,goal_setting,Cyprus,賽普勒斯,0.14753,38,85,44.0
2025,goal_setting,Argentina,阿根廷,0.14148,39,85,45.2
2025,goal_setting,Iceland,冰島,0.13586,40,85,46.4
2025,goal_setting,Brunei Darussalam,汶萊,0.12931,41,85,47.6
2025,goal_setting,Paraguay,巴拉圭,0.12903,42,85,48.8
2025,goal_setting,Latvia,拉脫維亞,0.12179,43,85,50.0
2025,goal_setting,Colombia,哥倫比亞,0.1196,44,85,51.2
2025,goal_setting,Guatemala,瓜地馬拉,0.11081,45,85,52.4
2025,goal_setting,Austria,奧地利,0.10297,46,85,53.6
2025,goal_setting,Hungary,匈牙利,0.10155,47,85,54.8
2025,goal_setting,Chile,智利,0.09938,48,85,56.0
2025,goal_setting,United Kingdom,英國,0.09714,49,85,57.1
2025,goal_setting,Ukrainian regions (17 of 27),烏克蘭（17區）,0.09445,50,85,58.3
2025,goal_setting,Dominican Republic,多明尼加,0.09355,51,85,59.5
2025,goal_setting,B-S-J-Z (China),中國四省市,0.09184,52,85,60.7
2025,goal_setting,Israel,以色列,0.08926,53,85,61.9
2025,goal_setting,Lithuania,立陶宛,0.08369,54,85,63.1
2025,goal_setting,Switzerland,瑞士,0.08295,55,85,64.3
2025,goal_setting,Brazil,巴西,0.06829,56,85,65.5
2025,goal_setting,Bulgaria,保加利亞,0.06125,57,85,66.7
2025,goal_setting,Italy,義大利,0.0551,58,85,67.9
2025,goal_setting,Slovenia,斯洛維尼亞,0.04803,59,85,69.0
2025,goal_setting,United States,美國,0.04178,60,85,70.2
2025,goal_setting,El Salvador,薩爾瓦多,0.04077,61,85,71.4
2025,goal_setting,Mexico,墨西哥,0.03776,62,85,72.6
2025,goal_setting,Türkiye,土耳其,0.03397,63,85,73.8
2025,goal_setting,Slovak Republic,斯洛伐克,0.03171,64,85,75.0
2025,goal_setting,Greece,希臘,0.02104,65,85,76.2
2025,goal_setting,Australia,澳洲,0.01801,66,85,77.4
2025,goal_setting,Hong Kong (China),香港,0.01599,67,85,78.6
2025,goal_setting,Luxembourg,盧森堡,-0.0063,68,85,79.8
2025,goal_setting,Estonia,愛沙尼亞,-0.02575,69,85,81.0
2025,goal_setting,Norway,挪威,-0.02889,70,85,82.1
2025,goal_setting,Uruguay,烏拉圭,-0.04674,71,85,83.3
2025,goal_setting,Ireland,愛爾蘭,-0.06354,72,85,84.5
2025,goal_setting,Germany,德國,-0.06631,73,85,85.7
2025,goal_setting,Belgium,比利時,-0.08283,74,85,86.9
2025,goal_setting,Finland,芬蘭,-0.09442,75,85,88.1
2025,goal_setting,New Zealand,紐西蘭,-0.10554,76,85,89.3
2025,goal_setting,Chinese Taipei,臺灣,-0.10777,77,85,90.5
2025,goal_setting,Netherlands,荷蘭,-0.12372,78,85,91.7
2025,goal_setting,Macao (China),澳門,-0.13543,79,85,92.9
2025,goal_setting,Korea,韓國,-0.14164,80,85,94.0
2025,goal_setting,Poland,波蘭,-0.16938,81,85,95.2
2025,goal_setting,France,法國,-0.19696,82,85,96.4
2025,goal_setting,Denmark,丹麥,-0.20747,83,85,97.6
2025,goal_setting,Czechia,捷克,-0.35182,84,85,98.8
2025,goal_setting,Japan,日本,-0.4398,85,85,100.0
2025,growth_mindset,Estonia,愛沙尼亞,83.00313,1,90,0.0
2025,growth_mindset,United States,美國,81.05845,2,90,1.1
2025,growth_mindset,France,法國,80.53021,3,90,2.2
2025,growth_mindset,Austria,奧地利,78.57665,4,90,3.4
2025,growth_mindset,Korea,韓國,77.86266,5,90,4.5
2025,growth_mindset,Finland,芬蘭,76.57937,6,90,5.6
2025,growth_mindset,Canada,加拿大,76.28707,7,90,6.7
2025,growth_mindset,Ireland,愛爾蘭,76.26924,8,90,7.9
2025,growth_mindset,Japan,日本,76.01869,9,90,9.0
2025,growth_mindset,Germany,德國,75.96355,10,90,10.1
2025,growth_mindset,Latvia,拉脫維亞,75.62009,11,90,11.2
2025,growth_mindset,Luxembourg,盧森堡,75.03304,12,90,12.4
2025,growth_mindset,Kazakhstan,哈薩克,74.84858,13,90,13.5
2025,growth_mindset,New Zealand,紐西蘭,74.3569,14,90,14.6
2025,growth_mindset,Uruguay,烏拉圭,74.34766,15,90,15.7
2025,growth_mindset,Greece,希臘,74.23257,16,90,16.9
2025,growth_mindset,United Kingdom,英國,73.57571,17,90,18.0
2025,growth_mindset,Kyrgyzstan,吉爾吉斯,72.64336,18,90,19.1
2025,growth_mindset,Georgia,喬治亞,72.20335,19,90,20.2
2025,growth_mindset,Mongolia,蒙古,72.11426,20,90,21.3
2025,growth_mindset,Croatia,克羅埃西亞,71.55144,21,90,22.5
2025,growth_mindset,Türkiye,土耳其,71.49548,22,90,23.6
2025,growth_mindset,Poland,波蘭,69.94135,23,90,24.7
2025,growth_mindset,Italy,義大利,69.84709,24,90,25.8
2025,growth_mindset,Slovenia,斯洛維尼亞,69.49807,25,90,27.0
2025,growth_mindset,Switzerland,瑞士,68.69519,26,90,28.1
2025,growth_mindset,Ukrainian regions (17 of 27),烏克蘭（17區）,68.17149,27,90,29.2
2025,growth_mindset,Hungary,匈牙利,67.96794,28,90,30.3
2025,growth_mindset,Denmark,丹麥,67.93872,29,90,31.5
2025,growth_mindset,United Arab Emirates,阿聯,67.50658,30,90,32.6
2025,growth_mindset,Australia,澳洲,67.48893,31,90,33.7
2025,growth_mindset,Montenegro,蒙特內哥羅,67.30484,32,90,34.8
2025,growth_mindset,Portugal,葡萄牙,66.88265,33,90,36.0
2025,growth_mindset,Belgium,比利時,66.68418,34,90,37.1
2025,growth_mindset,Chile,智利,66.39507,35,90,38.2
2025,growth_mindset,Serbia,塞爾維亞,65.68129,36,90,39.3
2025,growth_mindset,Malta,馬爾他,65.62669,37,90,40.4
2025,growth_mindset,Israel,以色列,65.61459,38,90,41.6
2025,growth_mindset,Qatar,卡達,64.96501,39,90,42.7
2025,growth_mindset,Saudi Arabia,沙烏地阿拉伯,64.39715,40,90,43.8
2025,growth_mindset,Cyprus,賽普勒斯,64.19987,41,90,44.9
2025,growth_mindset,Czechia,捷克,64.01003,42,90,46.1
2025,growth_mindset,Armenia,亞美尼亞,63.22075,43,90,47.2
2025,growth_mindset,Slovak Republic,斯洛伐克,62.38627,44,90,48.3
2025,growth_mindset,Singapore,新加坡,62.34588,45,90,49.4
2025,growth_mindset,Netherlands,荷蘭,62.20381,46,90,50.6
2025,growth_mindset,Iceland,冰島,61.89984,47,90,51.7
2025,growth_mindset,Mexico,墨西哥,60.81938,48,90,52.8
2025,growth_mindset,Romania,羅馬尼亞,60.70975,49,90,53.9
2025,growth_mindset,Albania,阿爾巴尼亞,59.29924,50,90,55.1
2025,growth_mindset,Zambia,尚比亞,59.10064,51,90,56.2
2025,growth_mindset,Moldova,摩爾多瓦,58.92976,52,90,57.3
2025,growth_mindset,Costa Rica,哥斯大黎加,58.72406,53,90,58.4
2025,growth_mindset,Argentina,阿根廷,58.6845,54,90,59.6
2025,growth_mindset,Morocco,摩洛哥,58.55041,55,90,60.7
2025,growth_mindset,Lebanon,黎巴嫩,58.2343,56,90,61.8
2025,growth_mindset,Mauritius,模里西斯,57.62883,57,90,62.9
2025,growth_mindset,Kosovo,科索沃,57.3015,58,90,64.0
2025,growth_mindset,Norway,挪威,57.11303,59,90,65.2
2025,growth_mindset,Colombia,哥倫比亞,56.56872,60,90,66.3
2025,growth_mindset,Palestinian Authority,巴勒斯坦,56.38043,61,90,67.4
2025,growth_mindset,Bulgaria,保加利亞,56.37103,62,90,68.5
2025,growth_mindset,Jordan,約旦,56.21542,63,90,69.7
2025,growth_mindset,Dominican Republic,多明尼加,55.99461,64,90,70.8
2025,growth_mindset,Azerbaijan,亞塞拜然,55.8104,65,90,71.9
2025,growth_mindset,North Macedonia,北馬其頓,55.26235,66,90,73.0
2025,growth_mindset,Brunei Darussalam,汶萊,53.64888,67,90,74.2
2025,growth_mindset,Sweden,瑞典,53.48818,68,90,75.3
2025,growth_mindset,Uzbekistan,烏茲別克,53.14882,69,90,76.4
2025,growth_mindset,Brazil,巴西,52.31451,70,90,77.5
2025,growth_mindset,Dushanbe (Tajikistan),杜尚別（塔吉克）,51.98031,71,90,78.7
2025,growth_mindset,Viet Nam,越南,51.75793,72,90,79.8
2025,growth_mindset,Lithuania,立陶宛,51.69665,73,90,80.9
2025,growth_mindset,Rwanda,盧安達,49.89427,74,90,82.0
2025,growth_mindset,Paraguay,巴拉圭,49.88524,75,90,83.1
2025,growth_mindset,B-S-J-Z (China),中國四省市,49.58161,76,90,84.3
2025,growth_mindset,Ecuador,厄瓜多,49.38427,77,90,85.4
2025,growth_mindset,El Salvador,薩爾瓦多,49.33267,78,90,86.5
2025,growth_mindset,Cambodia,柬埔寨,48.44641,79,90,87.6
2025,growth_mindset,Guatemala,瓜地馬拉,47.18309,80,90,88.8
2025,growth_mindset,Kurdistan Region (Iraq),伊拉克庫德斯坦,46.15359,81,90,89.9
2025,growth_mindset,Chinese Taipei,臺灣,45.54022,82,90,91.0
2025,growth_mindset,Peru,秘魯,45.16972,83,90,92.1
2025,growth_mindset,Kenya,肯亞,45.10464,84,90,93.3
2025,growth_mindset,Macao (China),澳門,44.62033,85,90,94.4
2025,growth_mindset,Philippines,菲律賓,44.23293,86,90,95.5
2025,growth_mindset,Hong Kong (China),香港,44.04943,87,90,96.6
2025,growth_mindset,Malaysia,馬來西亞,37.0452,88,90,97.8
2025,growth_mindset,Thailand,泰國,36.30167,89,90,98.9
2025,growth_mindset,Indonesia,印尼,30.24725,90,90,100.0
2025,help_seeking,Albania,阿爾巴尼亞,0.42854,1,85,0.0
2025,help_seeking,Malaysia,馬來西亞,0.42629,2,85,1.2
2025,help_seeking,Singapore,新加坡,0.37661,3,85,2.4
2025,help_seeking,Costa Rica,哥斯大黎加,0.35783,4,85,3.6
2025,help_seeking,Saudi Arabia,沙烏地阿拉伯,0.34671,5,85,4.8
2025,help_seeking,Brunei Darussalam,汶萊,0.33494,6,85,6.0
2025,help_seeking,United Arab Emirates,阿聯,0.3111,7,85,7.1
2025,help_seeking,B-S-J-Z (China),中國四省市,0.30551,8,85,8.3
2025,help_seeking,Viet Nam,越南,0.27522,9,85,9.5
2025,help_seeking,Indonesia,印尼,0.24582,10,85,10.7
2025,help_seeking,Ecuador,厄瓜多,0.23515,11,85,11.9
2025,help_seeking,Macao (China),澳門,0.22325,12,85,13.1
2025,help_seeking,Mexico,墨西哥,0.22164,13,85,14.3
2025,help_seeking,Colombia,哥倫比亞,0.22036,14,85,15.5
2025,help_seeking,Chinese Taipei,臺灣,0.20486,15,85,16.7
2025,help_seeking,Korea,韓國,0.19987,16,85,17.9
2025,help_seeking,Guatemala,瓜地馬拉,0.1961,17,85,19.0
2025,help_seeking,Morocco,摩洛哥,0.18237,18,85,20.2
2025,help_seeking,Qatar,卡達,0.1802,19,85,21.4
2025,help_seeking,Iceland,冰島,0.17772,20,85,22.6
2025,help_seeking,Philippines,菲律賓,0.17488,21,85,23.8
2025,help_seeking,Paraguay,巴拉圭,0.17139,22,85,25.0
2025,help_seeking,Kenya,肯亞,0.16469,23,85,26.2
2025,help_seeking,El Salvador,薩爾瓦多,0.16438,24,85,27.4
2025,help_seeking,Hong Kong (China),香港,0.16248,25,85,28.6
2025,help_seeking,Mongolia,蒙古,0.16213,26,85,29.8
2025,help_seeking,Thailand,泰國,0.15845,27,85,31.0
2025,help_seeking,United States,美國,0.14574,28,85,32.1
2025,help_seeking,Sweden,瑞典,0.13988,29,85,33.3
2025,help_seeking,Uzbekistan,烏茲別克,0.13335,30,85,34.5
2025,help_seeking,Argentina,阿根廷,0.13049,31,85,35.7
2025,help_seeking,Portugal,葡萄牙,0.12658,32,85,36.9
2025,help_seeking,Uruguay,烏拉圭,0.12219,33,85,38.1
2025,help_seeking,Canada,加拿大,0.11439,34,85,39.3
2025,help_seeking,Chile,智利,0.1142,35,85,40.5
2025,help_seeking,Dominican Republic,多明尼加,0.09924,36,85,41.7
2025,help_seeking,Kosovo,科索沃,0.09399,37,85,42.9
2025,help_seeking,Spain,西班牙,0.09275,38,85,44.0
2025,help_seeking,Palestinian Authority,巴勒斯坦,0.08686,39,85,45.2
2025,help_seeking,Estonia,愛沙尼亞,0.07633,40,85,46.4
2025,help_seeking,Israel,以色列,0.07589,41,85,47.6
2025,help_seeking,New Zealand,紐西蘭,0.0751,42,85,48.8
2025,help_seeking,Australia,澳洲,0.0709,43,85,50.0
2025,help_seeking,Japan,日本,0.06996,44,85,51.2
2025,help_seeking,Azerbaijan,亞塞拜然,0.06198,45,85,52.4
2025,help_seeking,Switzerland,瑞士,0.057,46,85,53.6
2025,help_seeking,Kazakhstan,哈薩克,0.05404,47,85,54.8
2025,help_seeking,Brazil,巴西,0.05056,48,85,56.0
2025,help_seeking,Moldova,摩爾多瓦,0.02746,49,85,57.1
2025,help_seeking,Jordan,約旦,0.02645,50,85,58.3
2025,help_seeking,Montenegro,蒙特內哥羅,0.02469,51,85,59.5
2025,help_seeking,Finland,芬蘭,0.02394,52,85,60.7
2025,help_seeking,Romania,羅馬尼亞,0.01268,53,85,61.9
2025,help_seeking,Norway,挪威,0.00426,54,85,63.1
2025,help_seeking,Italy,義大利,0.00086,55,85,64.3
2025,help_seeking,Denmark,丹麥,-0.00022,56,85,65.5
2025,help_seeking,Türkiye,土耳其,-0.00096,57,85,66.7
2025,help_seeking,Malta,馬爾他,-0.01977,58,85,67.9
2025,help_seeking,Peru,秘魯,-0.0223,59,85,69.0
2025,help_seeking,Kyrgyzstan,吉爾吉斯,-0.0292,60,85,70.2
2025,help_seeking,Serbia,塞爾維亞,-0.03729,61,85,71.4
2025,help_seeking,United Kingdom,英國,-0.05097,62,85,72.6
2025,help_seeking,Lithuania,立陶宛,-0.0519,63,85,73.8
2025,help_seeking,North Macedonia,北馬其頓,-0.05664,64,85,75.0
2025,help_seeking,Austria,奧地利,-0.05694,65,85,76.2
2025,help_seeking,Hungary,匈牙利,-0.06453,66,85,77.4
2025,help_seeking,Ireland,愛爾蘭,-0.07877,67,85,78.6
2025,help_seeking,Croatia,克羅埃西亞,-0.08214,68,85,79.8
2025,help_seeking,Latvia,拉脫維亞,-0.09169,69,85,81.0
2025,help_seeking,Germany,德國,-0.09446,70,85,82.1
2025,help_seeking,Greece,希臘,-0.10305,71,85,83.3
2025,help_seeking,Armenia,亞美尼亞,-0.10879,72,85,84.5
2025,help_seeking,Belgium,比利時,-0.11339,73,85,85.7
2025,help_seeking,Ukrainian regions (17 of 27),烏克蘭（17區）,-0.12008,74,85,86.9
2025,help_seeking,Georgia,喬治亞,-0.13285,75,85,88.1
2025,help_seeking,Netherlands,荷蘭,-0.13343,76,85,89.3
2025,help_seeking,Cyprus,賽普勒斯,-0.14011,77,85,90.5
2025,help_seeking,Bulgaria,保加利亞,-0.15605,78,85,91.7
2025,help_seeking,France,法國,-0.15668,79,85,92.9
2025,help_seeking,Lebanon,黎巴嫩,-0.20057,80,85,94.0
2025,help_seeking,Luxembourg,盧森堡,-0.2027,81,85,95.2
2025,help_seeking,Slovenia,斯洛維尼亞,-0.22792,82,85,96.4
2025,help_seeking,Slovak Republic,斯洛伐克,-0.25921,83,85,97.6
2025,help_seeking,Czechia,捷克,-0.27196,84,85,98.8
2025,help_seeking,Poland,波蘭,-0.3305,85,85,100.0
2025,homework_hours,Azerbaijan,亞塞拜然,1.33133,1,91,0.0
2025,homework_hours,Albania,阿爾巴尼亞,1.32684,2,91,1.1
2025,homework_hours,Kenya,肯亞,1.26982,3,91,2.2
2025,homework_hours,Morocco,摩洛哥,1.24865,4,91,3.3
2025,homework_hours,Rwanda,盧安達,1.2351,5,91,4.4
2025,homework_hours,Uzbekistan,烏茲別克,1.20805,6,91,5.6
2025,homework_hours,Mongolia,蒙古,1.16923,7,91,6.7
2025,homework_hours,Georgia,喬治亞,1.14416,8,91,7.8
2025,homework_hours,Bulgaria,保加利亞,1.12126,9,91,8.9
2025,homework_hours,B-S-J-Z (China),中國四省市,1.11915,10,91,10.0
2025,homework_hours,Ukrainian regions (17 of 27),烏克蘭（17區）,1.11884,11,91,11.1
2025,homework_hours,Lebanon,黎巴嫩,1.10896,12,91,12.2
2025,homework_hours,United Arab Emirates,阿聯,1.05693,13,91,13.3
2025,homework_hours,Italy,義大利,1.052,14,91,14.4
2025,homework_hours,Kosovo,科索沃,1.04361,15,91,15.6
2025,homework_hours,Greece,希臘,1.02569,16,91,16.7
2025,homework_hours,Viet Nam,越南,1.01275,17,91,17.8
2025,homework_hours,Thailand,泰國,1.00897,18,91,18.9
2025,homework_hours,Malaysia,馬來西亞,0.99476,19,91,20.0
2025,homework_hours,Dominican Republic,多明尼加,0.98379,20,91,21.1
2025,homework_hours,Palestinian Authority,巴勒斯坦,0.97881,21,91,22.2
2025,homework_hours,Colombia,哥倫比亞,0.97534,22,91,23.3
2025,homework_hours,Peru,秘魯,0.96262,23,91,24.4
2025,homework_hours,El Salvador,薩爾瓦多,0.95912,24,91,25.6
2025,homework_hours,Kyrgyzstan,吉爾吉斯,0.95566,25,91,26.7
2025,homework_hours,Indonesia,印尼,0.95334,26,91,27.8
2025,homework_hours,Ecuador,厄瓜多,0.95259,27,91,28.9
2025,homework_hours,Lithuania,立陶宛,0.93755,28,91,30.0
2025,homework_hours,Kurdistan Region (Iraq),伊拉克庫德斯坦,0.93606,29,91,31.1
2025,homework_hours,Paraguay,巴拉圭,0.93122,30,91,32.2
2025,homework_hours,Armenia,亞美尼亞,0.90754,31,91,33.3
2025,homework_hours,Costa Rica,哥斯大黎加,0.89801,32,91,34.4
2025,homework_hours,Cyprus,賽普勒斯,0.8972,33,91,35.6
2025,homework_hours,Brunei Darussalam,汶萊,0.89661,34,91,36.7
2025,homework_hours,Malta,馬爾他,0.88868,35,91,37.8
2025,homework_hours,Jordan,約旦,0.88028,36,91,38.9
2025,homework_hours,Latvia,拉脫維亞,0.87712,37,91,40.0
2025,homework_hours,Singapore,新加坡,0.87436,38,91,41.1
2025,homework_hours,Dushanbe (Tajikistan),杜尚別（塔吉克）,0.87144,39,91,42.2
2025,homework_hours,Philippines,菲律賓,0.85807,40,91,43.3
2025,homework_hours,Israel,以色列,0.85442,41,91,44.4
2025,homework_hours,Kazakhstan,哈薩克,0.85141,42,91,45.6
2025,homework_hours,Uruguay,烏拉圭,0.84873,43,91,46.7
2025,homework_hours,Qatar,卡達,0.84185,44,91,47.8
2025,homework_hours,Moldova,摩爾多瓦,0.83572,45,91,48.9
2025,homework_hours,Montenegro,蒙特內哥羅,0.83341,46,91,50.0
2025,homework_hours,Türkiye,土耳其,0.80735,47,91,51.1
2025,homework_hours,Guatemala,瓜地馬拉,0.80652,48,91,52.2
2025,homework_hours,Mexico,墨西哥,0.79463,49,91,53.3
2025,homework_hours,Portugal,葡萄牙,0.78482,50,91,54.4
2025,homework_hours,Zambia,尚比亞,0.77723,51,91,55.6
2025,homework_hours,Argentina,阿根廷,0.76865,52,91,56.7
2025,homework_hours,Spain,西班牙,0.7574,53,91,57.8
2025,homework_hours,North Macedonia,北馬其頓,0.74983,54,91,58.9
2025,homework_hours,Croatia,克羅埃西亞,0.74927,55,91,60.0
2025,homework_hours,Serbia,塞爾維亞,0.74813,56,91,61.1
2025,homework_hours,Hong Kong (China),香港,0.74735,57,91,62.2
2025,homework_hours,Mauritius,模里西斯,0.7372,58,91,63.3
2025,homework_hours,Romania,羅馬尼亞,0.73193,59,91,64.4
2025,homework_hours,Cambodia,柬埔寨,0.72195,60,91,65.6
2025,homework_hours,Korea,韓國,0.72113,61,91,66.7
2025,homework_hours,Chile,智利,0.71056,62,91,67.8
2025,homework_hours,Brazil,巴西,0.70986,63,91,68.9
2025,homework_hours,Macao (China),澳門,0.68629,64,91,70.0
2025,homework_hours,Estonia,愛沙尼亞,0.6854,65,91,71.1
2025,homework_hours,Canada,加拿大,0.68448,66,91,72.2
2025,homework_hours,France,法國,0.66841,67,91,73.3
2025,homework_hours,Saudi Arabia,沙烏地阿拉伯,0.66421,68,91,74.4
2025,homework_hours,Poland,波蘭,0.66397,69,91,75.6
2025,homework_hours,Sweden,瑞典,0.62982,70,91,76.7
2025,homework_hours,Belgium,比利時,0.62288,71,91,77.8
2025,homework_hours,United Kingdom,英國,0.58656,72,91,78.9
2025,homework_hours,Slovak Republic,斯洛伐克,0.58272,73,91,80.0
2025,homework_hours,Hungary,匈牙利,0.58237,74,91,81.1
2025,homework_hours,Chinese Taipei,臺灣,0.58122,75,91,82.2
2025,homework_hours,Netherlands,荷蘭,0.55627,76,91,83.3
2025,homework_hours,Slovenia,斯洛維尼亞,0.55474,77,91,84.4
2025,homework_hours,New Zealand,紐西蘭,0.54838,78,91,85.6
2025,homework_hours,Luxembourg,盧森堡,0.54753,79,91,86.7
2025,homework_hours,United States,美國,0.54346,80,91,87.8
2025,homework_hours,Japan,日本,0.52359,81,91,88.9
2025,homework_hours,Australia,澳洲,0.49362,82,91,90.0
2025,homework_hours,Czechia,捷克,0.48441,83,91,91.1
2025,homework_hours,Norway,挪威,0.48412,84,91,92.2
2025,homework_hours,Austria,奧地利,0.47899,85,91,93.3
2025,homework_hours,Germany,德國,0.46118,86,91,94.4
2025,homework_hours,Iceland,冰島,0.45739,87,91,95.6
2025,homework_hours,Finland,芬蘭,0.44811,88,91,96.7
2025,homework_hours,Switzerland,瑞士,0.43902,89,91,97.8
2025,homework_hours,Denmark,丹麥,0.43832,90,91,98.9
2025,homework_hours,Ireland,愛爾蘭,0.40766,91,91,100.0
2025,life_satisfaction,Albania,阿爾巴尼亞,8.63938,1,85,0.0
2025,life_satisfaction,Kazakhstan,哈薩克,8.6287,2,85,1.2
2025,life_satisfaction,Armenia,亞美尼亞,8.46564,3,85,2.4
2025,life_satisfaction,Uzbekistan,烏茲別克,8.22884,4,85,3.6
2025,life_satisfaction,Saudi Arabia,沙烏地阿拉伯,8.16127,5,85,4.8
2025,life_satisfaction,Georgia,喬治亞,8.03736,6,85,6.0
2025,life_satisfaction,Indonesia,印尼,8.01185,7,85,7.1
2025,life_satisfaction,Dominican Republic,多明尼加,8.01037,8,85,8.3
2025,life_satisfaction,Croatia,克羅埃西亞,7.99835,9,85,9.5
2025,life_satisfaction,Mexico,墨西哥,7.98981,10,85,10.7
2025,life_satisfaction,Kosovo,科索沃,7.95334,11,85,11.9
2025,life_satisfaction,Montenegro,蒙特內哥羅,7.94527,12,85,13.1
2025,life_satisfaction,Viet Nam,越南,7.93143,13,85,14.3
2025,life_satisfaction,Ukrainian regions (17 of 27),烏克蘭（17區）,7.9299,14,85,15.5
2025,life_satisfaction,Costa Rica,哥斯大黎加,7.92914,15,85,16.7
2025,life_satisfaction,Romania,羅馬尼亞,7.9202,16,85,17.9
2025,life_satisfaction,North Macedonia,北馬其頓,7.91127,17,85,19.0
2025,life_satisfaction,Paraguay,巴拉圭,7.88773,18,85,20.2
2025,life_satisfaction,Kyrgyzstan,吉爾吉斯,7.86107,19,85,21.4
2025,life_satisfaction,Mongolia,蒙古,7.82707,20,85,22.6
2025,life_satisfaction,Philippines,菲律賓,7.82182,21,85,23.8
2025,life_satisfaction,Israel,以色列,7.81661,22,85,25.0
2025,life_satisfaction,Colombia,哥倫比亞,7.81404,23,85,26.2
2025,life_satisfaction,Guatemala,瓜地馬拉,7.81331,24,85,27.4
2025,life_satisfaction,Serbia,塞爾維亞,7.80757,25,85,28.6
2025,life_satisfaction,Cambodia,柬埔寨,7.78053,26,85,29.8
2025,life_satisfaction,Uruguay,烏拉圭,7.75749,27,85,31.0
2025,life_satisfaction,El Salvador,薩爾瓦多,7.7485,28,85,32.1
2025,life_satisfaction,Thailand,泰國,7.71154,29,85,33.3
2025,life_satisfaction,Moldova,摩爾多瓦,7.68179,30,85,34.5
2025,life_satisfaction,Finland,芬蘭,7.66878,31,85,35.7
2025,life_satisfaction,Ecuador,厄瓜多,7.63483,32,85,36.9
2025,life_satisfaction,Netherlands,荷蘭,7.62981,33,85,38.1
2025,life_satisfaction,Brazil,巴西,7.62901,34,85,39.3
2025,life_satisfaction,Denmark,丹麥,7.59899,35,85,40.5
2025,life_satisfaction,Spain,西班牙,7.57575,36,85,41.7
2025,life_satisfaction,Iceland,冰島,7.5462,37,85,42.9
2025,life_satisfaction,Kenya,肯亞,7.50552,38,85,44.0
2025,life_satisfaction,Azerbaijan,亞塞拜然,7.4993,39,85,45.2
2025,life_satisfaction,Portugal,葡萄牙,7.46361,40,85,46.4
2025,life_satisfaction,Estonia,愛沙尼亞,7.41513,41,85,47.6
2025,life_satisfaction,Bulgaria,保加利亞,7.39874,42,85,48.8
2025,life_satisfaction,Hungary,匈牙利,7.39452,43,85,50.0
2025,life_satisfaction,Malaysia,馬來西亞,7.3759,44,85,51.2
2025,life_satisfaction,Lithuania,立陶宛,7.31936,45,85,52.4
2025,life_satisfaction,Argentina,阿根廷,7.3106,46,85,53.6
2025,life_satisfaction,Chile,智利,7.29164,47,85,54.8
2025,life_satisfaction,Switzerland,瑞士,7.29044,48,85,56.0
2025,life_satisfaction,Slovak Republic,斯洛伐克,7.28318,49,85,57.1
2025,life_satisfaction,Latvia,拉脫維亞,7.23022,50,85,58.3
2025,life_satisfaction,Japan,日本,7.18211,51,85,59.5
2025,life_satisfaction,Luxembourg,盧森堡,7.16645,52,85,60.7
2025,life_satisfaction,Peru,秘魯,7.16478,53,85,61.9
2025,life_satisfaction,Morocco,摩洛哥,7.16407,54,85,63.1
2025,life_satisfaction,Greece,希臘,7.1631,55,85,64.3
2025,life_satisfaction,Jordan,約旦,7.15665,56,85,65.5
2025,life_satisfaction,B-S-J-Z (China),中國四省市,7.15404,57,85,66.7
2025,life_satisfaction,Palestinian Authority,巴勒斯坦,7.15249,58,85,67.9
2025,life_satisfaction,United Arab Emirates,阿聯,7.15006,59,85,69.0
2025,life_satisfaction,Cyprus,賽普勒斯,7.1165,60,85,70.2
2025,life_satisfaction,Austria,奧地利,7.10563,61,85,71.4
2025,life_satisfaction,Lebanon,黎巴嫩,7.10224,62,85,72.6
2025,life_satisfaction,Italy,義大利,7.02775,63,85,73.8
2025,life_satisfaction,Slovenia,斯洛維尼亞,7.00448,64,85,75.0
2025,life_satisfaction,Qatar,卡達,6.99244,65,85,76.2
2025,life_satisfaction,Malta,馬爾他,6.8961,66,85,77.4
2025,life_satisfaction,Poland,波蘭,6.88608,67,85,78.6
2025,life_satisfaction,Ireland,愛爾蘭,6.8783,68,85,79.8
2025,life_satisfaction,France,法國,6.84267,69,85,81.0
2025,life_satisfaction,Germany,德國,6.82958,70,85,82.1
2025,life_satisfaction,Czechia,捷克,6.8187,71,85,83.3
2025,life_satisfaction,Kurdistan Region (Iraq),伊拉克庫德斯坦,6.75979,72,85,84.5
2025,life_satisfaction,Hong Kong (China),香港,6.73382,73,85,85.7
2025,life_satisfaction,United Kingdom,英國,6.73066,74,85,86.9
2025,life_satisfaction,Korea,韓國,6.72697,75,85,88.1
2025,life_satisfaction,Chinese Taipei,臺灣,6.71615,76,85,89.3
2025,life_satisfaction,New Zealand,紐西蘭,6.7065,77,85,90.5
2025,life_satisfaction,Macao (China),澳門,6.70043,78,85,91.7
2025,life_satisfaction,Belgium,比利時,6.69549,79,85,92.9
2025,life_satisfaction,Dushanbe (Tajikistan),杜尚別（塔吉克）,6.66001,80,85,94.0
2025,life_satisfaction,Türkiye,土耳其,6.22853,81,85,95.2
2025,life_satisfaction,Mauritius,模里西斯,6.09799,82,85,96.4
2025,life_satisfaction,Brunei Darussalam,汶萊,6.09252,83,85,97.6
2025,life_satisfaction,Zambia,尚比亞,6.07096,84,85,98.8
2025,life_satisfaction,Rwanda,盧安達,5.46614,85,85,100.0
2025,math_mean,B-S-J-Z (China),中國四省市,612.42966,1,90,0.0
2025,math_mean,Singapore,新加坡,562.89748,2,90,1.1
2025,math_mean,Macao (China),澳門,549.30162,3,90,2.2
2025,math_mean,Chinese Taipei,臺灣,546.18912,4,90,3.4
2025,math_mean,Japan,日本,525.3758,5,90,4.5
2025,math_mean,Korea,韓國,522.29784,6,90,5.6
2025,math_mean,Hong Kong (China),香港,521.70777,7,90,6.7
2025,math_mean,Estonia,愛沙尼亞,507.89573,8,90,7.9
2025,math_mean,Switzerland,瑞士,499.14704,9,90,9.0
2025,math_mean,United Kingdom,英國,487.57374,10,90,10.1
2025,math_mean,Canada,加拿大,485.33767,11,90,11.2
2025,math_mean,Poland,波蘭,484.12092,12,90,12.4
2025,math_mean,Netherlands,荷蘭,483.27027,13,90,13.5
2025,math_mean,Ireland,愛爾蘭,479.8747,14,90,14.6
2025,math_mean,Belgium,比利時,479.68612,15,90,15.7
2025,math_mean,New Zealand,紐西蘭,479.61907,16,90,16.9
2025,math_mean,Australia,澳洲,477.52665,17,90,18.0
2025,math_mean,Austria,奧地利,477.19387,18,90,19.1
2025,math_mean,Czechia,捷克,477.14804,19,90,20.2
2025,math_mean,Denmark,丹麥,470.6275,20,90,21.3
2025,math_mean,Lithuania,立陶宛,470.49147,21,90,22.5
2025,math_mean,Slovak Republic,斯洛伐克,469.0983,22,90,23.6
2025,math_mean,Finland,芬蘭,468.69454,23,90,24.7
2025,math_mean,Italy,義大利,467.76261,24,90,25.8
2025,math_mean,Sweden,瑞典,464.25122,25,90,27.0
2025,math_mean,Germany,德國,463.80565,26,90,28.1
2025,math_mean,United States,美國,462.84782,27,90,29.2
2025,math_mean,Türkiye,土耳其,461.54657,28,90,30.3
2025,math_mean,Latvia,拉脫維亞,460.49274,29,90,31.5
2025,math_mean,Portugal,葡萄牙,459.94304,30,90,32.6
2025,math_mean,Slovenia,斯洛維尼亞,459.83559,31,90,33.7
2025,math_mean,Hungary,匈牙利,459.48854,32,90,34.8
2025,math_mean,Luxembourg,盧森堡,458.143,33,90,36.0
2025,math_mean,France,法國,457.65501,34,90,37.1
2025,math_mean,Spain,西班牙,457.44885,35,90,38.2
2025,math_mean,Croatia,克羅埃西亞,455.2917,36,90,39.3
2025,math_mean,United Arab Emirates,阿聯,452.58868,37,90,40.4
2025,math_mean,Norway,挪威,451.78008,38,90,41.6
2025,math_mean,Iceland,冰島,449.73034,39,90,42.7
2025,math_mean,Viet Nam,越南,443.18598,40,90,43.8
2025,math_mean,Malta,馬爾他,439.08271,41,90,44.9
2025,math_mean,Brunei Darussalam,汶萊,435.18273,42,90,46.1
2025,math_mean,Israel,以色列,433.37492,43,90,47.2
2025,math_mean,Albania,阿爾巴尼亞,432.81719,44,90,48.3
2025,math_mean,Ukrainian regions (17 of 27),烏克蘭（17區）,430.99203,45,90,49.4
2025,math_mean,Greece,希臘,423.85217,46,90,50.6
2025,math_mean,Azerbaijan,亞塞拜然,422.39533,47,90,51.7
2025,math_mean,Romania,羅馬尼亞,419.12421,48,90,52.8
2025,math_mean,Mongolia,蒙古,418.64226,49,90,53.9
2025,math_mean,Serbia,塞爾維亞,416.7354,50,90,55.1
2025,math_mean,Georgia,喬治亞,416.3627,51,90,56.2
2025,math_mean,Qatar,卡達,416.16179,52,90,57.3
2025,math_mean,Kazakhstan,哈薩克,413.71493,53,90,58.4
2025,math_mean,Cyprus,賽普勒斯,411.78134,54,90,59.6
2025,math_mean,Montenegro,蒙特內哥羅,411.05801,55,90,60.7
2025,math_mean,Moldova,摩爾多瓦,410.13014,56,90,61.8
2025,math_mean,Mauritius,模里西斯,406.85479,57,90,62.9
2025,math_mean,Thailand,泰國,406.76478,58,90,64.0
2025,math_mean,Bulgaria,保加利亞,405.07756,59,90,65.2
2025,math_mean,Uruguay,烏拉圭,404.87885,60,90,66.3
2025,math_mean,Chile,智利,402.64522,61,90,67.4
2025,math_mean,Malaysia,馬來西亞,397.42258,62,90,68.5
2025,math_mean,Saudi Arabia,沙烏地阿拉伯,389.88586,63,90,69.7
2025,math_mean,Mexico,墨西哥,387.58717,64,90,70.8
2025,math_mean,Jordan,約旦,387.5613,65,90,71.9
2025,math_mean,Costa Rica,哥斯大黎加,387.09124,66,90,73.0
2025,math_mean,Peru,秘魯,382.43938,67,90,74.2
2025,math_mean,Dushanbe (Tajikistan),杜尚別（塔吉克）,382.13727,68,90,75.3
2025,math_mean,Colombia,哥倫比亞,380.52867,69,90,76.4
2025,math_mean,North Macedonia,北馬其頓,379.79204,70,90,77.5
2025,math_mean,Lebanon,黎巴嫩,377.13808,71,90,78.7
2025,math_mean,Brazil,巴西,376.76794,72,90,79.8
2025,math_mean,Armenia,亞美尼亞,375.79968,73,90,80.9
2025,math_mean,Philippines,菲律賓,370.63089,74,90,82.0
2025,math_mean,Argentina,阿根廷,366.8142,75,90,83.1
2025,math_mean,Cambodia,柬埔寨,365.84172,76,90,84.3
2025,math_mean,Ecuador,厄瓜多,365.83936,77,90,85.4
2025,math_mean,Indonesia,印尼,363.90169,78,90,86.5
2025,math_mean,Kyrgyzstan,吉爾吉斯,363.80642,79,90,87.6
2025,math_mean,Morocco,摩洛哥,354.75514,80,90,88.8
2025,math_mean,Palestinian Authority,巴勒斯坦,354.33698,81,90,89.9
2025,math_mean,Kosovo,科索沃,350.43948,82,90,91.0
2025,math_mean,El Salvador,薩爾瓦多,346.2498,83,90,92.1
2025,math_mean,Dominican Republic,多明尼加,338.82949,84,90,93.3
2025,math_mean,Kurdistan Region (Iraq),伊拉克庫德斯坦,338.75739,85,90,94.4
2025,math_mean,Guatemala,瓜地馬拉,334.30248,86,90,95.5
2025,math_mean,Paraguay,巴拉圭,333.73066,87,90,96.6
2025,math_mean,Kenya,肯亞,325.93541,88,90,97.8
2025,math_mean,Zambia,尚比亞,313.63332,89,90,98.9
2025,math_mean,Rwanda,盧安達,311.64827,90,90,100.0
2025,nature_of_science,B-S-J-Z (China),中國四省市,0.38089,1,90,0.0
2025,nature_of_science,Chinese Taipei,臺灣,0.36103,2,90,1.1
2025,nature_of_science,Singapore,新加坡,0.30856,3,90,2.2
2025,nature_of_science,Japan,日本,0.2601,4,90,3.4
2025,nature_of_science,United States,美國,0.20878,5,90,4.5
2025,nature_of_science,Ireland,愛爾蘭,0.20761,6,90,5.6
2025,nature_of_science,Korea,韓國,0.20751,7,90,6.7
2025,nature_of_science,Macao (China),澳門,0.19287,8,90,7.9
2025,nature_of_science,Hong Kong (China),香港,0.1723,9,90,9.0
2025,nature_of_science,Portugal,葡萄牙,0.13576,10,90,10.1
2025,nature_of_science,Australia,澳洲,0.13459,11,90,11.2
2025,nature_of_science,Albania,阿爾巴尼亞,0.12731,12,90,12.4
2025,nature_of_science,Estonia,愛沙尼亞,0.12579,13,90,13.5
2025,nature_of_science,France,法國,0.1228,14,90,14.6
2025,nature_of_science,Canada,加拿大,0.11325,15,90,15.7
2025,nature_of_science,New Zealand,紐西蘭,0.10305,16,90,16.9
2025,nature_of_science,United Arab Emirates,阿聯,0.06177,17,90,18.0
2025,nature_of_science,Türkiye,土耳其,0.06086,18,90,19.1
2025,nature_of_science,Switzerland,瑞士,0.05592,19,90,20.2
2025,nature_of_science,United Kingdom,英國,0.0523,20,90,21.3
2025,nature_of_science,Spain,西班牙,0.04982,21,90,22.5
2025,nature_of_science,Germany,德國,0.0437,22,90,23.6
2025,nature_of_science,Norway,挪威,0.03508,23,90,24.7
2025,nature_of_science,Austria,奧地利,0.02845,24,90,25.8
2025,nature_of_science,Croatia,克羅埃西亞,0.02793,25,90,27.0
2025,nature_of_science,Brunei Darussalam,汶萊,0.02336,26,90,28.1
2025,nature_of_science,Luxembourg,盧森堡,0.02226,27,90,29.2
2025,nature_of_science,Belgium,比利時,0.01582,28,90,30.3
2025,nature_of_science,Mongolia,蒙古,0.01069,29,90,31.5
2025,nature_of_science,Czechia,捷克,0.00227,30,90,32.6
2025,nature_of_science,Sweden,瑞典,-0.00222,31,90,33.7
2025,nature_of_science,Italy,義大利,-0.00674,32,90,34.8
2025,nature_of_science,Saudi Arabia,沙烏地阿拉伯,-0.03786,33,90,36.0
2025,nature_of_science,Thailand,泰國,-0.03973,34,90,37.1
2025,nature_of_science,Greece,希臘,-0.04121,35,90,38.2
2025,nature_of_science,Slovenia,斯洛維尼亞,-0.0428,36,90,39.3
2025,nature_of_science,Malta,馬爾他,-0.05117,37,90,40.4
2025,nature_of_science,Finland,芬蘭,-0.05694,38,90,41.6
2025,nature_of_science,Hungary,匈牙利,-0.05917,39,90,42.7
2025,nature_of_science,Romania,羅馬尼亞,-0.06713,40,90,43.8
2025,nature_of_science,Denmark,丹麥,-0.0752,41,90,44.9
2025,nature_of_science,Chile,智利,-0.07759,42,90,46.1
2025,nature_of_science,Iceland,冰島,-0.07934,43,90,47.2
2025,nature_of_science,Brazil,巴西,-0.09077,44,90,48.3
2025,nature_of_science,Poland,波蘭,-0.09103,45,90,49.4
2025,nature_of_science,Lithuania,立陶宛,-0.09124,46,90,50.6
2025,nature_of_science,Ukrainian regions (17 of 27),烏克蘭（17區）,-0.09353,47,90,51.7
2025,nature_of_science,Costa Rica,哥斯大黎加,-0.09966,48,90,52.8
2025,nature_of_science,Slovak Republic,斯洛伐克,-0.1187,49,90,53.9
2025,nature_of_science,Qatar,卡達,-0.12476,50,90,55.1
2025,nature_of_science,Latvia,拉脫維亞,-0.15459,51,90,56.2
2025,nature_of_science,Malaysia,馬來西亞,-0.15825,52,90,57.3
2025,nature_of_science,Mauritius,模里西斯,-0.16443,53,90,58.4
2025,nature_of_science,Mexico,墨西哥,-0.17314,54,90,59.6
2025,nature_of_science,Moldova,摩爾多瓦,-0.17362,55,90,60.7
2025,nature_of_science,Zambia,尚比亞,-0.19055,56,90,61.8
2025,nature_of_science,Israel,以色列,-0.20947,57,90,62.9
2025,nature_of_science,Indonesia,印尼,-0.21055,58,90,64.0
2025,nature_of_science,Uruguay,烏拉圭,-0.21424,59,90,65.2
2025,nature_of_science,Peru,秘魯,-0.21952,60,90,66.3
2025,nature_of_science,Serbia,塞爾維亞,-0.23035,61,90,67.4
2025,nature_of_science,Uzbekistan,烏茲別克,-0.23439,62,90,68.5
2025,nature_of_science,Ecuador,厄瓜多,-0.25458,63,90,69.7
2025,nature_of_science,Colombia,哥倫比亞,-0.25745,64,90,70.8
2025,nature_of_science,Viet Nam,越南,-0.27443,65,90,71.9
2025,nature_of_science,Philippines,菲律賓,-0.27801,66,90,73.0
2025,nature_of_science,Netherlands,荷蘭,-0.2964,67,90,74.2
2025,nature_of_science,Cyprus,賽普勒斯,-0.30985,68,90,75.3
2025,nature_of_science,Kazakhstan,哈薩克,-0.32626,69,90,76.4
2025,nature_of_science,Morocco,摩洛哥,-0.32842,70,90,77.5
2025,nature_of_science,Georgia,喬治亞,-0.33402,71,90,78.7
2025,nature_of_science,Montenegro,蒙特內哥羅,-0.33794,72,90,79.8
2025,nature_of_science,Azerbaijan,亞塞拜然,-0.35812,73,90,80.9
2025,nature_of_science,Kenya,肯亞,-0.36261,74,90,82.0
2025,nature_of_science,Argentina,阿根廷,-0.36894,75,90,83.1
2025,nature_of_science,North Macedonia,北馬其頓,-0.37011,76,90,84.3
2025,nature_of_science,Jordan,約旦,-0.39903,77,90,85.4
2025,nature_of_science,Bulgaria,保加利亞,-0.40604,78,90,86.5
2025,nature_of_science,Kyrgyzstan,吉爾吉斯,-0.4111,79,90,87.6
2025,nature_of_science,Guatemala,瓜地馬拉,-0.43528,80,90,88.8
2025,nature_of_science,Lebanon,黎巴嫩,-0.45051,81,90,89.9
2025,nature_of_science,El Salvador,薩爾瓦多,-0.468,82,90,91.0
2025,nature_of_science,Kosovo,科索沃,-0.4682,83,90,92.1
2025,nature_of_science,Kurdistan Region (Iraq),伊拉克庫德斯坦,-0.47341,84,90,93.3
2025,nature_of_science,Palestinian Authority,巴勒斯坦,-0.48471,85,90,94.4
2025,nature_of_science,Dushanbe (Tajikistan),杜尚別（塔吉克）,-0.49795,86,90,95.5
2025,nature_of_science,Paraguay,巴拉圭,-0.51171,87,90,96.6
2025,nature_of_science,Armenia,亞美尼亞,-0.52537,88,90,97.8
2025,nature_of_science,Rwanda,盧安達,-0.57218,89,90,98.9
2025,nature_of_science,Dominican Republic,多明尼加,-0.57841,90,90,100.0
2025,pct_below2,B-S-J-Z (China),中國四省市,2.52623,1,91,0.0
2025,pct_below2,Macao (China),澳門,7.91872,2,91,1.1
2025,pct_below2,Singapore,新加坡,9.85694,3,91,2.2
2025,pct_below2,Estonia,愛沙尼亞,9.93095,4,91,3.3
2025,pct_below2,Japan,日本,11.33655,5,91,4.4
2025,pct_below2,Chinese Taipei,臺灣,12.89841,6,91,5.6
2025,pct_below2,Korea,韓國,14.20615,7,91,6.7
2025,pct_below2,Canada,加拿大,16.33672,8,91,7.8
2025,pct_below2,United Kingdom,英國,17.41127,9,91,8.9
2025,pct_below2,Ireland,愛爾蘭,17.60633,10,91,10.0
2025,pct_below2,Australia,澳洲,18.42814,11,91,11.1
2025,pct_below2,New Zealand,紐西蘭,19.06098,12,91,12.2
2025,pct_below2,Finland,芬蘭,19.35302,13,91,13.3
2025,pct_below2,Türkiye,土耳其,19.46589,14,91,14.4
2025,pct_below2,Lithuania,立陶宛,19.74604,15,91,15.6
2025,pct_below2,Poland,波蘭,19.95487,16,91,16.7
2025,pct_below2,Switzerland,瑞士,20.75944,17,91,17.8
2025,pct_below2,Hong Kong (China),香港,20.93848,18,91,18.9
2025,pct_below2,Austria,奧地利,21.14884,19,91,20.0
2025,pct_below2,Czechia,捷克,21.31636,20,91,21.1
2025,pct_below2,Italy,義大利,22.26401,21,91,22.2
2025,pct_below2,United States,美國,22.32031,22,91,23.3
2025,pct_below2,Belgium,比利時,23.36804,23,91,24.4
2025,pct_below2,Hungary,匈牙利,24.00815,24,91,25.6
2025,pct_below2,Slovenia,斯洛維尼亞,24.2423,25,91,26.7
2025,pct_below2,Spain,西班牙,24.35708,26,91,27.8
2025,pct_below2,Portugal,葡萄牙,24.3965,27,91,28.9
2025,pct_below2,Denmark,丹麥,24.93265,28,91,30.0
2025,pct_below2,Croatia,克羅埃西亞,25.28304,29,91,31.1
2025,pct_below2,Sweden,瑞典,25.6527,30,91,32.2
2025,pct_below2,France,法國,25.82944,31,91,33.3
2025,pct_below2,Slovak Republic,斯洛伐克,26.56692,32,91,34.4
2025,pct_below2,Germany,德國,26.83106,33,91,35.6
2025,pct_below2,Netherlands,荷蘭,27.0337,34,91,36.7
2025,pct_below2,Latvia,拉脫維亞,27.83477,35,91,37.8
2025,pct_below2,Viet Nam,越南,28.65593,36,91,38.9
2025,pct_below2,Norway,挪威,29.09475,37,91,40.0
2025,pct_below2,Luxembourg,盧森堡,31.51738,38,91,41.1
2025,pct_below2,Ukrainian regions (17 of 27),烏克蘭（17區）,34.79382,39,91,42.2
2025,pct_below2,Uzbekistan,烏茲別克,35.04654,40,91,43.3
2025,pct_below2,United Arab Emirates,阿聯,35.06237,41,91,44.4
2025,pct_below2,Uruguay,烏拉圭,35.80234,42,91,45.6
2025,pct_below2,Malta,馬爾他,36.63201,43,91,46.7
2025,pct_below2,Chile,智利,36.69152,44,91,47.8
2025,pct_below2,Iceland,冰島,38.41136,45,91,48.9
2025,pct_below2,Albania,阿爾巴尼亞,38.53723,46,91,50.0
2025,pct_below2,Brunei Darussalam,汶萊,38.94412,47,91,51.1
2025,pct_below2,Montenegro,蒙特內哥羅,39.80323,48,91,52.2
2025,pct_below2,Mauritius,模里西斯,39.82072,49,91,53.3
2025,pct_below2,Israel,以色列,40.00514,50,91,54.4
2025,pct_below2,Greece,希臘,40.95816,51,91,55.6
2025,pct_below2,Thailand,泰國,41.02172,52,91,56.7
2025,pct_below2,Qatar,卡達,42.85666,53,91,57.8
2025,pct_below2,Serbia,塞爾維亞,43.02382,54,91,58.9
2025,pct_below2,Mongolia,蒙古,43.09528,55,91,60.0
2025,pct_below2,Costa Rica,哥斯大黎加,44.40819,56,91,61.1
2025,pct_below2,Georgia,喬治亞,45.00138,57,91,62.2
2025,pct_below2,Romania,羅馬尼亞,45.75242,58,91,63.3
2025,pct_below2,Moldova,摩爾多瓦,46.12842,59,91,64.4
2025,pct_below2,Malaysia,馬來西亞,46.35662,60,91,65.6
2025,pct_below2,Bulgaria,保加利亞,47.45648,61,91,66.7
2025,pct_below2,Kazakhstan,哈薩克,47.90301,62,91,67.8
2025,pct_below2,Saudi Arabia,沙烏地阿拉伯,49.24845,63,91,68.9
2025,pct_below2,Mexico,墨西哥,49.5879,64,91,70.0
2025,pct_below2,Colombia,哥倫比亞,50.07369,65,91,71.1
2025,pct_below2,Cyprus,賽普勒斯,51.8717,66,91,72.2
2025,pct_below2,Jordan,約旦,51.99302,67,91,73.3
2025,pct_below2,Azerbaijan,亞塞拜然,52.29666,68,91,74.4
2025,pct_below2,Brazil,巴西,52.44722,69,91,75.6
2025,pct_below2,Peru,秘魯,52.51759,70,91,76.7
2025,pct_below2,Argentina,阿根廷,59.29143,71,91,77.8
2025,pct_below2,Ecuador,厄瓜多,60.20338,72,91,78.9
2025,pct_below2,Indonesia,印尼,63.18521,73,91,80.0
2025,pct_below2,North Macedonia,北馬其頓,64.29949,74,91,81.1
2025,pct_below2,El Salvador,薩爾瓦多,64.98464,75,91,82.2
2025,pct_below2,Lebanon,黎巴嫩,66.21498,76,91,83.3
2025,pct_below2,Cambodia,柬埔寨,67.48838,77,91,84.4
2025,pct_below2,Philippines,菲律賓,68.36305,78,91,85.6
2025,pct_below2,Armenia,亞美尼亞,71.52461,79,91,86.7
2025,pct_below2,Dominican Republic,多明尼加,74.10531,80,91,87.8
2025,pct_below2,Zambia,尚比亞,75.03954,81,91,88.9
2025,pct_below2,Paraguay,巴拉圭,75.63804,82,91,90.0
2025,pct_below2,Palestinian Authority,巴勒斯坦,76.36835,83,91,91.1
2025,pct_below2,Kyrgyzstan,吉爾吉斯,76.57987,84,91,92.2
2025,pct_below2,Morocco,摩洛哥,77.15036,85,91,93.3
2025,pct_below2,Kosovo,科索沃,78.55416,86,91,94.4
2025,pct_below2,Guatemala,瓜地馬拉,79.23703,87,91,95.6
2025,pct_below2,Kurdistan Region (Iraq),伊拉克庫德斯坦,81.20995,88,91,96.7
2025,pct_below2,Kenya,肯亞,83.96586,89,91,97.8
2025,pct_below2,Rwanda,盧安達,87.24824,90,91,98.9
2025,pct_below2,Dushanbe (Tajikistan),杜尚別（塔吉克）,88.15075,91,91,100.0
2025,pct_top,B-S-J-Z (China),中國四省市,35.60246,1,91,0.0
2025,pct_top,Singapore,新加坡,26.0884,2,91,1.1
2025,pct_top,Chinese Taipei,臺灣,20.135,3,91,2.2
2025,pct_top,Japan,日本,17.15303,4,91,3.3
2025,pct_top,Korea,韓國,14.68617,5,91,4.4
2025,pct_top,Macao (China),澳門,14.47376,6,91,5.6
2025,pct_top,New Zealand,紐西蘭,13.36137,7,91,6.7
2025,pct_top,United States,美國,12.92793,8,91,7.8
2025,pct_top,United Kingdom,英國,12.57951,9,91,8.9
2025,pct_top,Australia,澳洲,11.96175,10,91,10.0
2025,pct_top,Estonia,愛沙尼亞,11.33133,11,91,11.1
2025,pct_top,Finland,芬蘭,10.9711,12,91,12.2
2025,pct_top,Canada,加拿大,10.56616,13,91,13.3
2025,pct_top,Switzerland,瑞士,10.16425,14,91,14.4
2025,pct_top,Germany,德國,9.44935,15,91,15.6
2025,pct_top,Hong Kong (China),香港,9.06233,16,91,16.7
2025,pct_top,Austria,奧地利,8.88089,17,91,17.8
2025,pct_top,Sweden,瑞典,8.69575,18,91,18.9
2025,pct_top,Netherlands,荷蘭,8.65455,19,91,20.0
2025,pct_top,Luxembourg,盧森堡,8.57095,20,91,21.1
2025,pct_top,Poland,波蘭,7.45211,21,91,22.2
2025,pct_top,Türkiye,土耳其,7.39898,22,91,23.3
2025,pct_top,Ireland,愛爾蘭,7.35983,23,91,24.4
2025,pct_top,Belgium,比利時,7.25235,24,91,25.6
2025,pct_top,Czechia,捷克,7.02928,25,91,26.7
2025,pct_top,France,法國,6.69682,26,91,27.8
2025,pct_top,Slovenia,斯洛維尼亞,6.63401,27,91,28.9
2025,pct_top,Portugal,葡萄牙,5.65093,28,91,30.0
2025,pct_top,United Arab Emirates,阿聯,5.5933,29,91,31.1
2025,pct_top,Norway,挪威,5.49381,30,91,32.2
2025,pct_top,Slovak Republic,斯洛伐克,5.1169,31,91,33.3
2025,pct_top,Malta,馬爾他,5.05924,32,91,34.4
2025,pct_top,Croatia,克羅埃西亞,4.88574,33,91,35.6
2025,pct_top,Hungary,匈牙利,4.85985,34,91,36.7
2025,pct_top,Lithuania,立陶宛,4.8222,35,91,37.8
2025,pct_top,Denmark,丹麥,4.76828,36,91,38.9
2025,pct_top,Italy,義大利,4.43458,37,91,40.0
2025,pct_top,Israel,以色列,4.30925,38,91,41.1
2025,pct_top,Spain,西班牙,4.20825,39,91,42.2
2025,pct_top,Latvia,拉脫維亞,3.72067,40,91,43.3
2025,pct_top,Iceland,冰島,2.71064,41,91,44.4
2025,pct_top,Qatar,卡達,2.65011,42,91,45.6
2025,pct_top,Cyprus,賽普勒斯,2.63676,43,91,46.7
2025,pct_top,Mauritius,模里西斯,2.57912,44,91,47.8
2025,pct_top,Bulgaria,保加利亞,2.39674,45,91,48.9
2025,pct_top,Ukrainian regions (17 of 27),烏克蘭（17區）,2.03369,46,91,50.0
2025,pct_top,Romania,羅馬尼亞,1.84881,47,91,51.1
2025,pct_top,Brunei Darussalam,汶萊,1.69215,48,91,52.2
2025,pct_top,Viet Nam,越南,1.60064,49,91,53.3
2025,pct_top,Uruguay,烏拉圭,1.53423,50,91,54.4
2025,pct_top,Greece,希臘,1.44034,51,91,55.6
2025,pct_top,Chile,智利,1.35616,52,91,56.7
2025,pct_top,Serbia,塞爾維亞,1.21156,53,91,57.8
2025,pct_top,Montenegro,蒙特內哥羅,1.18123,54,91,58.9
2025,pct_top,Brazil,巴西,0.91229,55,91,60.0
2025,pct_top,Moldova,摩爾多瓦,0.86421,56,91,61.1
2025,pct_top,Thailand,泰國,0.83747,57,91,62.2
2025,pct_top,Georgia,喬治亞,0.8231,58,91,63.3
2025,pct_top,Colombia,哥倫比亞,0.80915,59,91,64.4
2025,pct_top,Argentina,阿根廷,0.68089,60,91,65.6
2025,pct_top,Azerbaijan,亞塞拜然,0.65857,61,91,66.7
2025,pct_top,Lebanon,黎巴嫩,0.57488,62,91,67.8
2025,pct_top,Albania,阿爾巴尼亞,0.55092,63,91,68.9
2025,pct_top,Uzbekistan,烏茲別克,0.50004,64,91,70.0
2025,pct_top,Kazakhstan,哈薩克,0.49307,65,91,71.1
2025,pct_top,Malaysia,馬來西亞,0.49059,66,91,72.2
2025,pct_top,Saudi Arabia,沙烏地阿拉伯,0.42754,67,91,73.3
2025,pct_top,Costa Rica,哥斯大黎加,0.41656,68,91,74.4
2025,pct_top,Mongolia,蒙古,0.26992,69,91,75.6
2025,pct_top,Jordan,約旦,0.26146,70,91,76.7
2025,pct_top,Philippines,菲律賓,0.24968,71,91,77.8
2025,pct_top,North Macedonia,北馬其頓,0.24095,72,91,78.9
2025,pct_top,Mexico,墨西哥,0.22413,73,91,80.0
2025,pct_top,Peru,秘魯,0.18492,74,91,81.1
2025,pct_top,Zambia,尚比亞,0.14096,75,91,82.2
2025,pct_top,El Salvador,薩爾瓦多,0.11458,76,91,83.3
2025,pct_top,Ecuador,厄瓜多,0.09516,77,91,84.4
2025,pct_top,Armenia,亞美尼亞,0.08105,78,91,85.6
2025,pct_top,Morocco,摩洛哥,0.07705,79,91,86.7
2025,pct_top,Indonesia,印尼,0.03424,80,91,87.8
2025,pct_top,Kenya,肯亞,0.03172,81,91,88.9
2025,pct_top,Paraguay,巴拉圭,0.0252,82,91,90.0
2025,pct_top,Palestinian Authority,巴勒斯坦,0.02458,83,91,91.1
2025,pct_top,Rwanda,盧安達,0.02177,84,91,92.2
2025,pct_top,Guatemala,瓜地馬拉,0.01921,85,91,93.3
2025,pct_top,Dominican Republic,多明尼加,0.0166,86,91,94.4
2025,pct_top,Dushanbe (Tajikistan),杜尚別（塔吉克）,0.00782,87,91,95.6
2025,pct_top,Kosovo,科索沃,0.00365,88,91,96.7
2025,pct_top,Cambodia,柬埔寨,0.00239,89,91,97.8
2025,pct_top,Kurdistan Region (Iraq),伊拉克庫德斯坦,0.00174,90,91,98.9
2025,pct_top,Kyrgyzstan,吉爾吉斯,0.00145,91,91,100.0
2025,perseverance,Costa Rica,哥斯大黎加,0.50678,1,82,0.0
2025,perseverance,Thailand,泰國,0.40163,2,82,1.2
2025,perseverance,Malaysia,馬來西亞,0.3827,3,82,2.5
2025,perseverance,Iceland,冰島,0.36657,4,82,3.7
2025,perseverance,Chile,智利,0.34468,5,82,4.9
2025,perseverance,Mexico,墨西哥,0.33138,6,82,6.2
2025,perseverance,Colombia,哥倫比亞,0.32149,7,82,7.4
2025,perseverance,Ecuador,厄瓜多,0.28424,8,82,8.6
2025,perseverance,United Arab Emirates,阿聯,0.28368,9,82,9.9
2025,perseverance,Philippines,菲律賓,0.2681,10,82,11.1
2025,perseverance,Spain,西班牙,0.2565,11,82,12.3
2025,perseverance,Portugal,葡萄牙,0.24231,12,82,13.6
2025,perseverance,Viet Nam,越南,0.238,13,82,14.8
2025,perseverance,Guatemala,瓜地馬拉,0.23102,14,82,16.0
2025,perseverance,Peru,秘魯,0.21495,15,82,17.3
2025,perseverance,Kurdistan Region (Iraq),伊拉克庫德斯坦,0.20032,16,82,18.5
2025,perseverance,Uzbekistan,烏茲別克,0.18951,17,82,19.8
2025,perseverance,Saudi Arabia,沙烏地阿拉伯,0.182,18,82,21.0
2025,perseverance,Mauritius,模里西斯,0.17592,19,82,22.2
2025,perseverance,Romania,羅馬尼亞,0.16768,20,82,23.5
2025,perseverance,Uruguay,烏拉圭,0.16763,21,82,24.7
2025,perseverance,Canada,加拿大,0.118,22,82,25.9
2025,perseverance,Türkiye,土耳其,0.10851,23,82,27.2
2025,perseverance,Malta,馬爾他,0.1027,24,82,28.4
2025,perseverance,B-S-J-Z (China),中國四省市,0.10088,25,82,29.6
2025,perseverance,Singapore,新加坡,0.08124,26,82,30.9
2025,perseverance,Kosovo,科索沃,0.0806,27,82,32.1
2025,perseverance,North Macedonia,北馬其頓,0.06956,28,82,33.3
2025,perseverance,El Salvador,薩爾瓦多,0.05636,29,82,34.6
2025,perseverance,Japan,日本,0.05412,30,82,35.8
2025,perseverance,Azerbaijan,亞塞拜然,0.04945,31,82,37.0
2025,perseverance,Brunei Darussalam,汶萊,0.03215,32,82,38.3
2025,perseverance,Austria,奧地利,0.03,33,82,39.5
2025,perseverance,Morocco,摩洛哥,0.02632,34,82,40.7
2025,perseverance,Switzerland,瑞士,0.01931,35,82,42.0
2025,perseverance,Ireland,愛爾蘭,0.01731,36,82,43.2
2025,perseverance,Chinese Taipei,臺灣,0.01711,37,82,44.4
2025,perseverance,Qatar,卡達,0.01247,38,82,45.7
2025,perseverance,Australia,澳洲,0.00429,39,82,46.9
2025,perseverance,France,法國,-0.00528,40,82,48.1
2025,perseverance,Lebanon,黎巴嫩,-0.01098,41,82,49.4
2025,perseverance,Italy,義大利,-0.01619,42,82,50.6
2025,perseverance,Paraguay,巴拉圭,-0.02094,43,82,51.9
2025,perseverance,Korea,韓國,-0.02263,44,82,53.1
2025,perseverance,Dushanbe (Tajikistan),杜尚別（塔吉克）,-0.02445,45,82,54.3
2025,perseverance,Argentina,阿根廷,-0.02537,46,82,55.6
2025,perseverance,New Zealand,紐西蘭,-0.02634,47,82,56.8
2025,perseverance,Israel,以色列,-0.03101,48,82,58.0
2025,perseverance,Moldova,摩爾多瓦,-0.0373,49,82,59.3
2025,perseverance,Armenia,亞美尼亞,-0.04601,50,82,60.5
2025,perseverance,United Kingdom,英國,-0.05248,51,82,61.7
2025,perseverance,Croatia,克羅埃西亞,-0.05716,52,82,63.0
2025,perseverance,Mongolia,蒙古,-0.05917,53,82,64.2
2025,perseverance,Estonia,愛沙尼亞,-0.06217,54,82,65.4
2025,perseverance,Hungary,匈牙利,-0.0664,55,82,66.7
2025,perseverance,Belgium,比利時,-0.06998,56,82,67.9
2025,perseverance,Germany,德國,-0.07096,57,82,69.1
2025,perseverance,Norway,挪威,-0.07334,58,82,70.4
2025,perseverance,Dominican Republic,多明尼加,-0.07419,59,82,71.6
2025,perseverance,Greece,希臘,-0.07577,60,82,72.8
2025,perseverance,Denmark,丹麥,-0.09027,61,82,74.1
2025,perseverance,Jordan,約旦,-0.09443,62,82,75.3
2025,perseverance,Finland,芬蘭,-0.10022,63,82,76.5
2025,perseverance,Macao (China),澳門,-0.10819,64,82,77.8
2025,perseverance,Palestinian Authority,巴勒斯坦,-0.11071,65,82,79.0
2025,perseverance,Rwanda,盧安達,-0.126,66,82,80.2
2025,perseverance,Hong Kong (China),香港,-0.13139,67,82,81.5
2025,perseverance,Lithuania,立陶宛,-0.13537,68,82,82.7
2025,perseverance,Luxembourg,盧森堡,-0.13616,69,82,84.0
2025,perseverance,Montenegro,蒙特內哥羅,-0.14482,70,82,85.2
2025,perseverance,Latvia,拉脫維亞,-0.15718,71,82,86.4
2025,perseverance,Serbia,塞爾維亞,-0.16321,72,82,87.7
2025,perseverance,Cyprus,賽普勒斯,-0.20397,73,82,88.9
2025,perseverance,Ukrainian regions (17 of 27),烏克蘭（17區）,-0.20568,74,82,90.1
2025,perseverance,Netherlands,荷蘭,-0.21146,75,82,91.4
2025,perseverance,Kyrgyzstan,吉爾吉斯,-0.21653,76,82,92.6
2025,perseverance,Georgia,喬治亞,-0.22427,77,82,93.8
2025,perseverance,Bulgaria,保加利亞,-0.26146,78,82,95.1
2025,perseverance,Slovak Republic,斯洛伐克,-0.28822,79,82,96.3
2025,perseverance,Czechia,捷克,-0.29678,80,82,97.5
2025,perseverance,Slovenia,斯洛維尼亞,-0.30652,81,82,98.8
2025,perseverance,Poland,波蘭,-0.34067,82,82,100.0
2025,read_mean,Singapore,新加坡,534.90002,1,90,0.0
2025,read_mean,B-S-J-Z (China),中國四省市,526.51825,2,90,1.1
2025,read_mean,Chinese Taipei,臺灣,507.78799,3,90,2.2
2025,read_mean,Japan,日本,502.7145,4,90,3.4
2025,read_mean,Macao (China),澳門,501.05358,5,90,4.5
2025,read_mean,Korea,韓國,500.56065,6,90,5.6
2025,read_mean,Ireland,愛爾蘭,500.44715,7,90,6.7
2025,read_mean,Estonia,愛沙尼亞,499.24425,8,90,7.9
2025,read_mean,New Zealand,紐西蘭,497.04447,9,90,9.0
2025,read_mean,United Kingdom,英國,494.23095,10,90,10.1
2025,read_mean,Australia,澳洲,490.86328,11,90,11.2
2025,read_mean,Canada,加拿大,489.82555,12,90,12.4
2025,read_mean,United States,美國,489.51893,13,90,13.5
2025,read_mean,Poland,波蘭,481.53744,14,90,14.6
2025,read_mean,Hong Kong (China),香港,480.12066,15,90,15.7
2025,read_mean,Finland,芬蘭,474.29731,16,90,16.9
2025,read_mean,Italy,義大利,474.28961,17,90,18.0
2025,read_mean,Türkiye,土耳其,472.09549,18,90,19.1
2025,read_mean,Switzerland,瑞士,470.0529,19,90,20.2
2025,read_mean,Czechia,捷克,468.35668,20,90,21.3
2025,read_mean,Austria,奧地利,467.21167,21,90,22.5
2025,read_mean,Sweden,瑞典,466.43629,22,90,23.6
2025,read_mean,Belgium,比利時,466.32805,23,90,24.7
2025,read_mean,Germany,德國,465.28206,24,90,25.8
2025,read_mean,Lithuania,立陶宛,464.05377,25,90,27.0
2025,read_mean,Portugal,葡萄牙,462.02744,26,90,28.1
2025,read_mean,Denmark,丹麥,460.00949,27,90,29.2
2025,read_mean,France,法國,456.33453,28,90,30.3
2025,read_mean,Croatia,克羅埃西亞,453.38734,29,90,31.5
2025,read_mean,Norway,挪威,452.8013,30,90,32.6
2025,read_mean,Hungary,匈牙利,452.30629,31,90,33.7
2025,read_mean,Spain,西班牙,451.35575,32,90,34.8
2025,read_mean,Slovak Republic,斯洛伐克,447.96713,33,90,36.0
2025,read_mean,Slovenia,斯洛維尼亞,444.74764,34,90,37.1
2025,read_mean,Luxembourg,盧森堡,443.23219,35,90,38.2
2025,read_mean,Netherlands,荷蘭,441.34494,36,90,39.3
2025,read_mean,Israel,以色列,435.83778,37,90,40.4
2025,read_mean,Chile,智利,435.65582,38,90,41.6
2025,read_mean,United Arab Emirates,阿聯,432.81079,39,90,42.7
2025,read_mean,Latvia,拉脫維亞,429.67871,40,90,43.8
2025,read_mean,Brunei Darussalam,汶萊,425.68088,41,90,44.9
2025,read_mean,Uruguay,烏拉圭,423.21268,42,90,46.1
2025,read_mean,Greece,希臘,422.66261,43,90,47.2
2025,read_mean,Iceland,冰島,422.28514,44,90,48.3
2025,read_mean,Ukrainian regions (17 of 27),烏克蘭（17區）,418.4229,45,90,49.4
2025,read_mean,Montenegro,蒙特內哥羅,418.37127,46,90,50.6
2025,read_mean,Qatar,卡達,418.02844,47,90,51.7
2025,read_mean,Costa Rica,哥斯大黎加,416.0353,48,90,52.8
2025,read_mean,Malta,馬爾他,414.62566,49,90,53.9
2025,read_mean,Serbia,塞爾維亞,414.5985,50,90,55.1
2025,read_mean,Romania,羅馬尼亞,412.94947,51,90,56.2
2025,read_mean,Brazil,巴西,408.00829,52,90,57.3
2025,read_mean,Mexico,墨西哥,407.93756,53,90,58.4
2025,read_mean,Albania,阿爾巴尼亞,407.64096,54,90,59.6
2025,read_mean,Mauritius,模里西斯,405.33343,55,90,60.7
2025,read_mean,Moldova,摩爾多瓦,403.70106,56,90,61.8
2025,read_mean,Colombia,哥倫比亞,399.26735,57,90,62.9
2025,read_mean,Malaysia,馬來西亞,392.77186,58,90,64.0
2025,read_mean,Thailand,泰國,391.82964,59,90,65.2
2025,read_mean,Viet Nam,越南,391.53666,60,90,66.3
2025,read_mean,Peru,秘魯,390.13724,61,90,67.4
2025,read_mean,Argentina,阿根廷,388.70426,62,90,68.5
2025,read_mean,Saudi Arabia,沙烏地阿拉伯,387.28413,63,90,69.7
2025,read_mean,Bulgaria,保加利亞,386.64479,64,90,70.8
2025,read_mean,Ecuador,厄瓜多,384.99799,65,90,71.9
2025,read_mean,Kazakhstan,哈薩克,384.79808,66,90,73.0
2025,read_mean,Georgia,喬治亞,384.17862,67,90,74.2
2025,read_mean,Cyprus,賽普勒斯,379.42867,68,90,75.3
2025,read_mean,Mongolia,蒙古,374.25273,69,90,76.4
2025,read_mean,Azerbaijan,亞塞拜然,373.57061,70,90,77.5
2025,read_mean,Dushanbe (Tajikistan),杜尚別（塔吉克）,368.08382,71,90,78.7
2025,read_mean,Philippines,菲律賓,366.91855,72,90,79.8
2025,read_mean,El Salvador,薩爾瓦多,366.43167,73,90,80.9
2025,read_mean,Indonesia,印尼,365.20527,74,90,82.0
2025,read_mean,Jordan,約旦,362.59825,75,90,83.1
2025,read_mean,North Macedonia,北馬其頓,357.44372,76,90,84.3
2025,read_mean,Paraguay,巴拉圭,352.21577,77,90,85.4
2025,read_mean,Palestinian Authority,巴勒斯坦,349.87623,78,90,86.5
2025,read_mean,Armenia,亞美尼亞,348.28569,79,90,87.6
2025,read_mean,Cambodia,柬埔寨,347.22631,80,90,88.8
2025,read_mean,Dominican Republic,多明尼加,345.54215,81,90,89.9
2025,read_mean,Kyrgyzstan,吉爾吉斯,344.3976,82,90,91.0
2025,read_mean,Kosovo,科索沃,340.46438,83,90,92.1
2025,read_mean,Guatemala,瓜地馬拉,337.08081,84,90,93.3
2025,read_mean,Lebanon,黎巴嫩,330.90273,85,90,94.4
2025,read_mean,Zambia,尚比亞,324.87812,86,90,95.5
2025,read_mean,Morocco,摩洛哥,321.1271,87,90,96.6
2025,read_mean,Kenya,肯亞,320.21398,88,90,97.8
2025,read_mean,Kurdistan Region (Iraq),伊拉克庫德斯坦,311.53031,89,90,98.9
2025,read_mean,Rwanda,盧安達,300.94391,90,90,100.0
2025,rel_enquiry,Morocco,摩洛哥,11.37607,1,85,0.0
2025,rel_enquiry,Lebanon,黎巴嫩,10.24648,2,85,1.2
2025,rel_enquiry,Philippines,菲律賓,8.87972,3,85,2.4
2025,rel_enquiry,Kyrgyzstan,吉爾吉斯,7.56651,4,85,3.6
2025,rel_enquiry,Indonesia,印尼,5.33644,5,85,4.8
2025,rel_enquiry,Kenya,肯亞,4.77929,6,85,6.0
2025,rel_enquiry,Iceland,冰島,4.19452,7,85,7.1
2025,rel_enquiry,Cyprus,賽普勒斯,4.05504,8,85,8.3
2025,rel_enquiry,Macao (China),澳門,3.23211,9,85,9.5
2025,rel_enquiry,Belgium,比利時,3.222,10,85,10.7
2025,rel_enquiry,Brunei Darussalam,汶萊,3.03625,11,85,11.9
2025,rel_enquiry,B-S-J-Z (China),中國四省市,3.00518,12,85,13.1
2025,rel_enquiry,Türkiye,土耳其,2.95808,13,85,14.3
2025,rel_enquiry,Estonia,愛沙尼亞,2.90452,14,85,15.5
2025,rel_enquiry,Luxembourg,盧森堡,2.70813,15,85,16.7
2025,rel_enquiry,Peru,秘魯,1.63776,16,85,17.9
2025,rel_enquiry,Bulgaria,保加利亞,1.62298,17,85,19.0
2025,rel_enquiry,Palestinian Authority,巴勒斯坦,1.57898,18,85,20.2
2025,rel_enquiry,Slovak Republic,斯洛伐克,1.57025,19,85,21.4
2025,rel_enquiry,Italy,義大利,1.49099,20,85,22.6
2025,rel_enquiry,Ecuador,厄瓜多,1.47277,21,85,23.8
2025,rel_enquiry,Thailand,泰國,1.45156,22,85,25.0
2025,rel_enquiry,Kazakhstan,哈薩克,1.42971,23,85,26.2
2025,rel_enquiry,Moldova,摩爾多瓦,1.31119,24,85,27.4
2025,rel_enquiry,Czechia,捷克,1.23585,25,85,28.6
2025,rel_enquiry,United Arab Emirates,阿聯,1.07108,26,85,29.8
2025,rel_enquiry,Hong Kong (China),香港,1.06168,27,85,31.0
2025,rel_enquiry,Georgia,喬治亞,1.046,28,85,32.1
2025,rel_enquiry,Austria,奧地利,1.01269,29,85,33.3
2025,rel_enquiry,Romania,羅馬尼亞,0.92513,30,85,34.5
2025,rel_enquiry,Azerbaijan,亞塞拜然,0.86111,31,85,35.7
2025,rel_enquiry,Malaysia,馬來西亞,0.47325,32,85,36.9
2025,rel_enquiry,Hungary,匈牙利,0.46939,33,85,38.1
2025,rel_enquiry,Portugal,葡萄牙,0.45008,34,85,39.3
2025,rel_enquiry,Germany,德國,0.40995,35,85,40.5
2025,rel_enquiry,Netherlands,荷蘭,0.25402,36,85,41.7
2025,rel_enquiry,Poland,波蘭,0.22816,37,85,42.9
2025,rel_enquiry,Spain,西班牙,0.20869,38,85,44.0
2025,rel_enquiry,Kosovo,科索沃,0.20839,39,85,45.2
2025,rel_enquiry,Greece,希臘,0.18248,40,85,46.4
2025,rel_enquiry,Japan,日本,0.17955,41,85,47.6
2025,rel_enquiry,Latvia,拉脫維亞,0.17545,42,85,48.8
2025,rel_enquiry,Dominican Republic,多明尼加,0.1001,43,85,50.0
2025,rel_enquiry,Serbia,塞爾維亞,0.07561,44,85,51.2
2025,rel_enquiry,Jordan,約旦,0.01039,45,85,52.4
2025,rel_enquiry,Chinese Taipei,臺灣,-0.03566,46,85,53.6
2025,rel_enquiry,Paraguay,巴拉圭,-0.17267,47,85,54.8
2025,rel_enquiry,Norway,挪威,-0.36076,48,85,56.0
2025,rel_enquiry,Lithuania,立陶宛,-0.39805,49,85,57.1
2025,rel_enquiry,France,法國,-0.48922,50,85,58.3
2025,rel_enquiry,Colombia,哥倫比亞,-0.57463,51,85,59.5
2025,rel_enquiry,Switzerland,瑞士,-0.66148,52,85,60.7
2025,rel_enquiry,Slovenia,斯洛維尼亞,-0.78641,53,85,61.9
2025,rel_enquiry,Chile,智利,-0.89745,54,85,63.1
2025,rel_enquiry,Viet Nam,越南,-0.91295,55,85,64.3
2025,rel_enquiry,Montenegro,蒙特內哥羅,-1.03518,56,85,65.5
2025,rel_enquiry,Qatar,卡達,-1.1368,57,85,66.7
2025,rel_enquiry,Korea,韓國,-1.23234,58,85,67.9
2025,rel_enquiry,Israel,以色列,-1.35773,59,85,69.0
2025,rel_enquiry,Croatia,克羅埃西亞,-1.36721,60,85,70.2
2025,rel_enquiry,Denmark,丹麥,-1.77876,61,85,71.4
2025,rel_enquiry,North Macedonia,北馬其頓,-1.90426,62,85,72.6
2025,rel_enquiry,Brazil,巴西,-1.99789,63,85,73.8
2025,rel_enquiry,Uzbekistan,烏茲別克,-2.09495,64,85,75.0
2025,rel_enquiry,Guatemala,瓜地馬拉,-2.22671,65,85,76.2
2025,rel_enquiry,El Salvador,薩爾瓦多,-2.24589,66,85,77.4
2025,rel_enquiry,Costa Rica,哥斯大黎加,-2.43239,67,85,78.6
2025,rel_enquiry,Uruguay,烏拉圭,-2.48495,68,85,79.8
2025,rel_enquiry,Albania,阿爾巴尼亞,-2.62099,69,85,81.0
2025,rel_enquiry,Saudi Arabia,沙烏地阿拉伯,-2.67109,70,85,82.1
2025,rel_enquiry,Mongolia,蒙古,-2.81364,71,85,83.3
2025,rel_enquiry,Sweden,瑞典,-2.97658,72,85,84.5
2025,rel_enquiry,Ireland,愛爾蘭,-3.02688,73,85,85.7
2025,rel_enquiry,Singapore,新加坡,-3.03799,74,85,86.9
2025,rel_enquiry,United Kingdom,英國,-3.17829,75,85,88.1
2025,rel_enquiry,New Zealand,紐西蘭,-3.2701,76,85,89.3
2025,rel_enquiry,Malta,馬爾他,-3.98398,77,85,90.5
2025,rel_enquiry,Canada,加拿大,-4.11895,78,85,91.7
2025,rel_enquiry,Finland,芬蘭,-4.22567,79,85,92.9
2025,rel_enquiry,Ukrainian regions (17 of 27),烏克蘭（17區）,-5.06279,80,85,94.0
2025,rel_enquiry,Australia,澳洲,-5.07241,81,85,95.2
2025,rel_enquiry,Mexico,墨西哥,-5.86482,82,85,96.4
2025,rel_enquiry,United States,美國,-6.38158,83,85,97.6
2025,rel_enquiry,Armenia,亞美尼亞,-6.81532,84,85,98.8
2025,rel_enquiry,Argentina,阿根廷,-7.27555,85,85,100.0
2025,rel_explain,Ukrainian regions (17 of 27),烏克蘭（17區）,7.06656,1,85,0.0
2025,rel_explain,Mexico,墨西哥,5.50992,2,85,1.2
2025,rel_explain,Albania,阿爾巴尼亞,4.75749,3,85,2.4
2025,rel_explain,Slovenia,斯洛維尼亞,4.65661,4,85,3.6
2025,rel_explain,Chinese Taipei,臺灣,4.39291,5,85,4.8
2025,rel_explain,Lithuania,立陶宛,4.25538,6,85,6.0
2025,rel_explain,Japan,日本,3.9684,7,85,7.1
2025,rel_explain,Serbia,塞爾維亞,3.96736,8,85,8.3
2025,rel_explain,Malta,馬爾他,3.68294,9,85,9.5
2025,rel_explain,Armenia,亞美尼亞,3.62051,10,85,10.7
2025,rel_explain,Hungary,匈牙利,3.57176,11,85,11.9
2025,rel_explain,Argentina,阿根廷,3.06932,12,85,13.1
2025,rel_explain,Ireland,愛爾蘭,2.78993,13,85,14.3
2025,rel_explain,Norway,挪威,2.67555,14,85,15.5
2025,rel_explain,Croatia,克羅埃西亞,2.50866,15,85,16.7
2025,rel_explain,Finland,芬蘭,2.4711,16,85,17.9
2025,rel_explain,Viet Nam,越南,2.35706,17,85,19.0
2025,rel_explain,Costa Rica,哥斯大黎加,2.34835,18,85,20.2
2025,rel_explain,Canada,加拿大,2.29154,19,85,21.4
2025,rel_explain,Australia,澳洲,2.12217,20,85,22.6
2025,rel_explain,Colombia,哥倫比亞,1.90782,21,85,23.8
2025,rel_explain,Brazil,巴西,1.76508,22,85,25.0
2025,rel_explain,Montenegro,蒙特內哥羅,1.61861,23,85,26.2
2025,rel_explain,Portugal,葡萄牙,1.5535,24,85,27.4
2025,rel_explain,Guatemala,瓜地馬拉,1.38655,25,85,28.6
2025,rel_explain,Denmark,丹麥,1.25572,26,85,29.8
2025,rel_explain,Mongolia,蒙古,1.17065,27,85,31.0
2025,rel_explain,Uzbekistan,烏茲別克,1.03398,28,85,32.1
2025,rel_explain,United Kingdom,英國,0.9261,29,85,33.3
2025,rel_explain,El Salvador,薩爾瓦多,0.855,30,85,34.5
2025,rel_explain,Uruguay,烏拉圭,0.82006,31,85,35.7
2025,rel_explain,Saudi Arabia,沙烏地阿拉伯,0.79793,32,85,36.9
2025,rel_explain,North Macedonia,北馬其頓,0.77976,33,85,38.1
2025,rel_explain,Qatar,卡達,0.52909,34,85,39.3
2025,rel_explain,Poland,波蘭,0.52324,35,85,40.5
2025,rel_explain,Chile,智利,-0.03344,36,85,41.7
2025,rel_explain,Jordan,約旦,-0.04242,37,85,42.9
2025,rel_explain,Slovak Republic,斯洛伐克,-0.15964,38,85,44.0
2025,rel_explain,New Zealand,紐西蘭,-0.2113,39,85,45.2
2025,rel_explain,Malaysia,馬來西亞,-0.28723,40,85,46.4
2025,rel_explain,Bulgaria,保加利亞,-0.42673,41,85,47.6
2025,rel_explain,Sweden,瑞典,-0.48849,42,85,48.8
2025,rel_explain,Kosovo,科索沃,-0.51698,43,85,50.0
2025,rel_explain,Czechia,捷克,-0.66436,44,85,51.2
2025,rel_explain,Germany,德國,-0.69828,45,85,52.4
2025,rel_explain,United Arab Emirates,阿聯,-0.82398,46,85,53.6
2025,rel_explain,Georgia,喬治亞,-0.87101,47,85,54.8
2025,rel_explain,Korea,韓國,-1.12094,48,85,56.0
2025,rel_explain,Singapore,新加坡,-1.18899,49,85,57.1
2025,rel_explain,Israel,以色列,-1.20274,50,85,58.3
2025,rel_explain,Moldova,摩爾多瓦,-1.23956,51,85,59.5
2025,rel_explain,United States,美國,-1.26269,52,85,60.7
2025,rel_explain,Switzerland,瑞士,-1.26423,53,85,61.9
2025,rel_explain,Ecuador,厄瓜多,-1.37692,54,85,63.1
2025,rel_explain,Italy,義大利,-1.65983,55,85,64.3
2025,rel_explain,Paraguay,巴拉圭,-1.7898,56,85,65.5
2025,rel_explain,Kenya,肯亞,-1.82363,57,85,66.7
2025,rel_explain,Spain,西班牙,-1.8458,58,85,67.9
2025,rel_explain,Türkiye,土耳其,-2.0499,59,85,69.0
2025,rel_explain,Macao (China),澳門,-2.26788,60,85,70.2
2025,rel_explain,Romania,羅馬尼亞,-2.46779,61,85,71.4
2025,rel_explain,B-S-J-Z (China),中國四省市,-2.53726,62,85,72.6
2025,rel_explain,Brunei Darussalam,汶萊,-2.60789,63,85,73.8
2025,rel_explain,France,法國,-2.7234,64,85,75.0
2025,rel_explain,Austria,奧地利,-2.74869,65,85,76.2
2025,rel_explain,Latvia,拉脫維亞,-3.04608,66,85,77.4
2025,rel_explain,Netherlands,荷蘭,-3.11439,67,85,78.6
2025,rel_explain,Azerbaijan,亞塞拜然,-3.32453,68,85,79.8
2025,rel_explain,Peru,秘魯,-3.35939,69,85,81.0
2025,rel_explain,Palestinian Authority,巴勒斯坦,-3.37948,70,85,82.1
2025,rel_explain,Greece,希臘,-4.11575,71,85,83.3
2025,rel_explain,Kazakhstan,哈薩克,-4.13544,72,85,84.5
2025,rel_explain,Thailand,泰國,-4.16265,73,85,85.7
2025,rel_explain,Iceland,冰島,-4.37799,74,85,86.9
2025,rel_explain,Indonesia,印尼,-4.77861,75,85,88.1
2025,rel_explain,Dominican Republic,多明尼加,-4.81783,76,85,89.3
2025,rel_explain,Hong Kong (China),香港,-5.27432,77,85,90.5
2025,rel_explain,Luxembourg,盧森堡,-5.35197,78,85,91.7
2025,rel_explain,Estonia,愛沙尼亞,-5.63887,79,85,92.9
2025,rel_explain,Kyrgyzstan,吉爾吉斯,-6.21091,80,85,94.0
2025,rel_explain,Cyprus,賽普勒斯,-7.06604,81,85,95.2
2025,rel_explain,Belgium,比利時,-8.43885,82,85,96.4
2025,rel_explain,Philippines,菲律賓,-11.48986,83,85,97.6
2025,rel_explain,Lebanon,黎巴嫩,-11.80402,84,85,98.8
2025,rel_explain,Morocco,摩洛哥,-14.57866,85,85,100.0
2025,rel_infodecision,United States,美國,7.22642,1,85,0.0
2025,rel_infodecision,Singapore,新加坡,6.47154,2,85,1.2
2025,rel_infodecision,Dominican Republic,多明尼加,6.41255,3,85,2.4
2025,rel_infodecision,Belgium,比利時,6.12983,4,85,3.6
2025,rel_infodecision,Australia,澳洲,5.72738,5,85,4.8
2025,rel_infodecision,Saudi Arabia,沙烏地阿拉伯,5.36819,6,85,6.0
2025,rel_infodecision,Argentina,阿根廷,5.35973,7,85,7.1
2025,rel_infodecision,Netherlands,荷蘭,5.18345,8,85,8.3
2025,rel_infodecision,Paraguay,巴拉圭,5.07752,9,85,9.5
2025,rel_infodecision,France,法國,3.83621,10,85,10.7
2025,rel_infodecision,New Zealand,紐西蘭,3.68847,11,85,11.9
2025,rel_infodecision,Qatar,卡達,3.65763,12,85,13.1
2025,rel_infodecision,United Kingdom,英國,3.43956,13,85,14.3
2025,rel_infodecision,Greece,希臘,3.39612,14,85,15.5
2025,rel_infodecision,Sweden,瑞典,3.14111,15,85,16.7
2025,rel_infodecision,Luxembourg,盧森堡,2.58083,16,85,17.9
2025,rel_infodecision,Finland,芬蘭,2.44818,17,85,19.0
2025,rel_infodecision,Canada,加拿大,1.9547,18,85,20.2
2025,rel_infodecision,Philippines,菲律賓,1.92034,19,85,21.4
2025,rel_infodecision,Ireland,愛爾蘭,1.84901,20,85,22.6
2025,rel_infodecision,Hong Kong (China),香港,1.65619,21,85,23.8
2025,rel_infodecision,Israel,以色列,1.63948,22,85,25.0
2025,rel_infodecision,Uruguay,烏拉圭,1.39742,23,85,26.2
2025,rel_infodecision,Costa Rica,哥斯大黎加,1.35613,24,85,27.4
2025,rel_infodecision,Spain,西班牙,1.02585,25,85,28.6
2025,rel_infodecision,Palestinian Authority,巴勒斯坦,0.66718,26,85,29.8
2025,rel_infodecision,Cyprus,賽普勒斯,0.54238,27,85,31.0
2025,rel_infodecision,Estonia,愛沙尼亞,0.52908,28,85,32.1
2025,rel_infodecision,Malta,馬爾他,0.07894,29,85,33.3
2025,rel_infodecision,Germany,德國,0.07502,30,85,34.5
2025,rel_infodecision,Guatemala,瓜地馬拉,-0.3703,31,85,35.7
2025,rel_infodecision,Austria,奧地利,-0.64013,32,85,36.9
2025,rel_infodecision,Mexico,墨西哥,-0.72871,33,85,38.1
2025,rel_infodecision,Korea,韓國,-0.73621,34,85,39.3
2025,rel_infodecision,Morocco,摩洛哥,-0.92623,35,85,40.5
2025,rel_infodecision,Switzerland,瑞士,-0.99313,36,85,41.7
2025,rel_infodecision,B-S-J-Z (China),中國四省市,-1.42518,37,85,42.9
2025,rel_infodecision,Latvia,拉脫維亞,-1.56482,38,85,44.0
2025,rel_infodecision,Romania,羅馬尼亞,-2.50505,39,85,45.2
2025,rel_infodecision,Mongolia,蒙古,-2.53382,40,85,46.4
2025,rel_infodecision,Chile,智利,-2.59551,41,85,47.6
2025,rel_infodecision,United Arab Emirates,阿聯,-2.62302,42,85,48.8
2025,rel_infodecision,Jordan,約旦,-2.8318,43,85,50.0
2025,rel_infodecision,Peru,秘魯,-2.87479,44,85,51.2
2025,rel_infodecision,Japan,日本,-3.15778,45,85,52.4
2025,rel_infodecision,Brazil,巴西,-3.36785,46,85,53.6
2025,rel_infodecision,Thailand,泰國,-3.587,47,85,54.8
2025,rel_infodecision,Malaysia,馬來西亞,-3.81578,48,85,56.0
2025,rel_infodecision,Kosovo,科索沃,-3.85021,49,85,57.1
2025,rel_infodecision,Italy,義大利,-3.97628,50,85,58.3
2025,rel_infodecision,Kazakhstan,哈薩克,-3.97845,51,85,59.5
2025,rel_infodecision,Uzbekistan,烏茲別克,-3.9928,52,85,60.7
2025,rel_infodecision,Ecuador,厄瓜多,-3.99931,53,85,61.9
2025,rel_infodecision,El Salvador,薩爾瓦多,-4.12782,54,85,63.1
2025,rel_infodecision,Poland,波蘭,-4.74073,55,85,64.3
2025,rel_infodecision,Armenia,亞美尼亞,-4.9061,56,85,65.5
2025,rel_infodecision,Ukrainian regions (17 of 27),烏克蘭（17區）,-4.96763,57,85,66.7
2025,rel_infodecision,Portugal,葡萄牙,-4.97334,58,85,67.9
2025,rel_infodecision,Lebanon,黎巴嫩,-5.28831,59,85,69.0
2025,rel_infodecision,North Macedonia,北馬其頓,-6.12705,60,85,70.2
2025,rel_infodecision,Norway,挪威,-6.2705,61,85,71.4
2025,rel_infodecision,Viet Nam,越南,-6.28005,62,85,72.6
2025,rel_infodecision,Azerbaijan,亞塞拜然,-6.49281,63,85,73.8
2025,rel_infodecision,Czechia,捷克,-6.59375,64,85,75.0
2025,rel_infodecision,Macao (China),澳門,-6.6154,65,85,76.2
2025,rel_infodecision,Colombia,哥倫比亞,-6.8279,66,85,77.4
2025,rel_infodecision,Türkiye,土耳其,-7.14322,67,85,78.6
2025,rel_infodecision,Brunei Darussalam,汶萊,-7.17123,68,85,79.8
2025,rel_infodecision,Denmark,丹麥,-7.49263,69,85,81.0
2025,rel_infodecision,Montenegro,蒙特內哥羅,-7.54208,70,85,82.1
2025,rel_infodecision,Bulgaria,保加利亞,-7.90111,71,85,83.3
2025,rel_infodecision,Indonesia,印尼,-8.61832,72,85,84.5
2025,rel_infodecision,Slovak Republic,斯洛伐克,-8.63034,73,85,85.7
2025,rel_infodecision,Georgia,喬治亞,-8.76953,74,85,86.9
2025,rel_infodecision,Moldova,摩爾多瓦,-8.79922,75,85,88.1
2025,rel_infodecision,Lithuania,立陶宛,-8.82754,76,85,89.3
2025,rel_infodecision,Slovenia,斯洛維尼亞,-9.00221,77,85,90.5
2025,rel_infodecision,Kyrgyzstan,吉爾吉斯,-9.29334,78,85,91.7
2025,rel_infodecision,Albania,阿爾巴尼亞,-9.65591,79,85,92.9
2025,rel_infodecision,Croatia,克羅埃西亞,-9.8079,80,85,94.0
2025,rel_infodecision,Hungary,匈牙利,-10.82297,81,85,95.2
2025,rel_infodecision,Chinese Taipei,臺灣,-11.43566,82,85,96.4
2025,rel_infodecision,Serbia,塞爾維亞,-14.85157,83,85,97.6
2025,rel_infodecision,Kenya,肯亞,-15.7911,84,85,98.8
2025,rel_infodecision,Iceland,冰島,-16.09352,85,85,100.0
2025,school_ses_gap,Palestinian Authority,巴勒斯坦,17.65382,1,84,0.0
2025,school_ses_gap,Uzbekistan,烏茲別克,21.18143,2,84,1.2
2025,school_ses_gap,Kenya,肯亞,27.53888,3,84,2.4
2025,school_ses_gap,Iceland,冰島,38.46764,4,84,3.6
2025,school_ses_gap,Finland,芬蘭,42.48037,5,84,4.8
2025,school_ses_gap,Armenia,亞美尼亞,44.50256,6,84,6.0
2025,school_ses_gap,Jordan,約旦,48.80074,7,84,7.2
2025,school_ses_gap,Saudi Arabia,沙烏地阿拉伯,53.83726,8,84,8.4
2025,school_ses_gap,Norway,挪威,55.18273,9,84,9.6
2025,school_ses_gap,Georgia,喬治亞,56.38636,10,84,10.8
2025,school_ses_gap,Macao (China),澳門,57.38362,11,84,12.0
2025,school_ses_gap,Spain,西班牙,58.41562,12,84,13.3
2025,school_ses_gap,Kosovo,科索沃,59.53364,13,84,14.5
2025,school_ses_gap,Morocco,摩洛哥,60.02565,14,84,15.7
2025,school_ses_gap,Kazakhstan,哈薩克,63.49273,15,84,16.9
2025,school_ses_gap,Indonesia,印尼,64.8874,16,84,18.1
2025,school_ses_gap,Estonia,愛沙尼亞,65.58169,17,84,19.3
2025,school_ses_gap,Kyrgyzstan,吉爾吉斯,65.97455,18,84,20.5
2025,school_ses_gap,Canada,加拿大,66.91156,19,84,21.7
2025,school_ses_gap,Denmark,丹麥,71.28039,20,84,22.9
2025,school_ses_gap,Latvia,拉脫維亞,71.8082,21,84,24.1
2025,school_ses_gap,Malta,馬爾他,76.13079,22,84,25.3
2025,school_ses_gap,United Arab Emirates,阿聯,76.54442,23,84,26.5
2025,school_ses_gap,Qatar,卡達,77.09207,24,84,27.7
2025,school_ses_gap,Malaysia,馬來西亞,79.39072,25,84,28.9
2025,school_ses_gap,Thailand,泰國,80.69743,26,84,30.1
2025,school_ses_gap,Philippines,菲律賓,80.73156,27,84,31.3
2025,school_ses_gap,Ireland,愛爾蘭,80.85232,28,84,32.5
2025,school_ses_gap,Albania,阿爾巴尼亞,81.6104,29,84,33.7
2025,school_ses_gap,Ukrainian regions (17 of 27),烏克蘭（17區）,83.09084,30,84,34.9
2025,school_ses_gap,Mongolia,蒙古,85.88587,31,84,36.1
2025,school_ses_gap,Portugal,葡萄牙,87.2692,32,84,37.3
2025,school_ses_gap,Moldova,摩爾多瓦,89.21338,33,84,38.6
2025,school_ses_gap,Mexico,墨西哥,89.52042,34,84,39.8
2025,school_ses_gap,Korea,韓國,90.14885,35,84,41.0
2025,school_ses_gap,El Salvador,薩爾瓦多,90.44397,36,84,42.2
2025,school_ses_gap,Hong Kong (China),香港,90.71287,37,84,43.4
2025,school_ses_gap,Dominican Republic,多明尼加,91.63341,38,84,44.6
2025,school_ses_gap,North Macedonia,北馬其頓,91.67831,39,84,45.8
2025,school_ses_gap,Paraguay,巴拉圭,93.82581,40,84,47.0
2025,school_ses_gap,Chile,智利,94.26168,41,84,48.2
2025,school_ses_gap,Australia,澳洲,94.29989,42,84,49.4
2025,school_ses_gap,Cyprus,賽普勒斯,94.51856,43,84,50.6
2025,school_ses_gap,United Kingdom,英國,94.89161,44,84,51.8
2025,school_ses_gap,Guatemala,瓜地馬拉,95.30263,45,84,53.0
2025,school_ses_gap,Sweden,瑞典,96.20413,46,84,54.2
2025,school_ses_gap,B-S-J-Z (China),中國四省市,96.89501,47,84,55.4
2025,school_ses_gap,Uruguay,烏拉圭,97.15426,48,84,56.6
2025,school_ses_gap,Lithuania,立陶宛,97.46496,49,84,57.8
2025,school_ses_gap,New Zealand,紐西蘭,100.0719,50,84,59.0
2025,school_ses_gap,Peru,秘魯,100.28321,51,84,60.2
2025,school_ses_gap,Ecuador,厄瓜多,101.38202,52,84,61.4
2025,school_ses_gap,Azerbaijan,亞塞拜然,102.91857,53,84,62.7
2025,school_ses_gap,Argentina,阿根廷,103.8797,54,84,63.9
2025,school_ses_gap,Israel,以色列,104.63243,55,84,65.1
2025,school_ses_gap,Montenegro,蒙特內哥羅,105.87976,56,84,66.3
2025,school_ses_gap,Lebanon,黎巴嫩,106.23472,57,84,67.5
2025,school_ses_gap,Colombia,哥倫比亞,109.59366,58,84,68.7
2025,school_ses_gap,Viet Nam,越南,109.6933,59,84,69.9
2025,school_ses_gap,Greece,希臘,111.37333,60,84,71.1
2025,school_ses_gap,Singapore,新加坡,112.47589,61,84,72.3
2025,school_ses_gap,Brunei Darussalam,汶萊,116.11173,62,84,73.5
2025,school_ses_gap,Serbia,塞爾維亞,116.51475,63,84,74.7
2025,school_ses_gap,Türkiye,土耳其,122.12815,64,84,75.9
2025,school_ses_gap,United States,美國,122.66255,65,84,77.1
2025,school_ses_gap,Italy,義大利,125.0423,66,84,78.3
2025,school_ses_gap,Croatia,克羅埃西亞,128.13105,67,84,79.5
2025,school_ses_gap,Brazil,巴西,130.41954,68,84,80.7
2025,school_ses_gap,Switzerland,瑞士,132.23427,69,84,81.9
2025,school_ses_gap,Japan,日本,132.27824,70,84,83.1
2025,school_ses_gap,France,法國,134.84509,71,84,84.3
2025,school_ses_gap,Czechia,捷克,134.85563,72,84,85.5
2025,school_ses_gap,Chinese Taipei,臺灣,136.72517,73,84,86.7
2025,school_ses_gap,Belgium,比利時,139.10582,74,84,88.0
2025,school_ses_gap,Austria,奧地利,148.46467,75,84,89.2
2025,school_ses_gap,Poland,波蘭,150.11619,76,84,90.4
2025,school_ses_gap,Slovenia,斯洛維尼亞,151.01307,77,84,91.6
2025,school_ses_gap,Slovak Republic,斯洛伐克,158.26668,78,84,92.8
2025,school_ses_gap,Romania,羅馬尼亞,160.77504,79,84,94.0
2025,school_ses_gap,Netherlands,荷蘭,163.16214,80,84,95.2
2025,school_ses_gap,Hungary,匈牙利,163.22032,81,84,96.4
2025,school_ses_gap,Bulgaria,保加利亞,166.04133,82,84,97.6
2025,school_ses_gap,Luxembourg,盧森堡,172.87463,83,84,98.8
2025,school_ses_gap,Germany,德國,181.19096,84,84,100.0
2025,school_unprepared,Korea,韓國,15.10544,1,90,0.0
2025,school_unprepared,Armenia,亞美尼亞,23.78765,2,90,1.1
2025,school_unprepared,Japan,日本,24.1357,3,90,2.2
2025,school_unprepared,Viet Nam,越南,25.69579,4,90,3.4
2025,school_unprepared,Saudi Arabia,沙烏地阿拉伯,28.61109,5,90,4.5
2025,school_unprepared,Malaysia,馬來西亞,28.91976,6,90,5.6
2025,school_unprepared,Kazakhstan,哈薩克,29.4098,7,90,6.7
2025,school_unprepared,Indonesia,印尼,29.72776,8,90,7.9
2025,school_unprepared,Chinese Taipei,臺灣,30.34429,9,90,9.0
2025,school_unprepared,Georgia,喬治亞,32.42915,10,90,10.1
2025,school_unprepared,Mexico,墨西哥,33.91049,11,90,11.2
2025,school_unprepared,Ukrainian regions (17 of 27),烏克蘭（17區）,34.26533,12,90,12.4
2025,school_unprepared,Uzbekistan,烏茲別克,34.56002,13,90,13.5
2025,school_unprepared,Finland,芬蘭,35.27044,14,90,14.6
2025,school_unprepared,Azerbaijan,亞塞拜然,35.46535,15,90,15.7
2025,school_unprepared,Dominican Republic,多明尼加,36.5433,16,90,16.9
2025,school_unprepared,Palestinian Authority,巴勒斯坦,36.59542,17,90,18.0
2025,school_unprepared,Peru,秘魯,37.07638,18,90,19.1
2025,school_unprepared,Singapore,新加坡,37.39009,19,90,20.2
2025,school_unprepared,El Salvador,薩爾瓦多,37.69485,20,90,21.3
2025,school_unprepared,Colombia,哥倫比亞,37.73489,21,90,22.5
2025,school_unprepared,Kurdistan Region (Iraq),伊拉克庫德斯坦,37.77946,22,90,23.6
2025,school_unprepared,Paraguay,巴拉圭,37.97602,23,90,24.7
2025,school_unprepared,Bulgaria,保加利亞,39.16897,24,90,25.8
2025,school_unprepared,Jordan,約旦,39.371,25,90,27.0
2025,school_unprepared,Zambia,尚比亞,39.53167,26,90,28.1
2025,school_unprepared,Morocco,摩洛哥,40.09848,27,90,29.2
2025,school_unprepared,Albania,阿爾巴尼亞,41.67392,28,90,30.3
2025,school_unprepared,Slovenia,斯洛維尼亞,42.04701,29,90,31.5
2025,school_unprepared,Slovak Republic,斯洛伐克,42.31156,30,90,32.6
2025,school_unprepared,Iceland,冰島,42.33992,31,90,33.7
2025,school_unprepared,Mongolia,蒙古,42.34359,32,90,34.8
2025,school_unprepared,Chile,智利,43.84211,33,90,36.0
2025,school_unprepared,Kyrgyzstan,吉爾吉斯,44.04239,34,90,37.1
2025,school_unprepared,Croatia,克羅埃西亞,44.14485,35,90,38.2
2025,school_unprepared,Uruguay,烏拉圭,44.16037,36,90,39.3
2025,school_unprepared,Hungary,匈牙利,44.65263,37,90,40.4
2025,school_unprepared,Australia,澳洲,44.73472,38,90,41.6
2025,school_unprepared,Spain,西班牙,45.26766,39,90,42.7
2025,school_unprepared,Estonia,愛沙尼亞,46.26886,40,90,43.8
2025,school_unprepared,Canada,加拿大,46.5599,41,90,44.9
2025,school_unprepared,Costa Rica,哥斯大黎加,46.63091,42,90,46.1
2025,school_unprepared,Kosovo,科索沃,46.75854,43,90,47.2
2025,school_unprepared,Denmark,丹麥,47.02082,44,90,48.3
2025,school_unprepared,Qatar,卡達,47.04055,45,90,49.4
2025,school_unprepared,United States,美國,47.04767,46,90,50.6
2025,school_unprepared,Latvia,拉脫維亞,47.06476,47,90,51.7
2025,school_unprepared,Moldova,摩爾多瓦,47.43082,48,90,52.8
2025,school_unprepared,Montenegro,蒙特內哥羅,47.79693,49,90,53.9
2025,school_unprepared,Argentina,阿根廷,47.99986,50,90,55.1
2025,school_unprepared,Guatemala,瓜地馬拉,48.02011,51,90,56.2
2025,school_unprepared,New Zealand,紐西蘭,48.10144,52,90,57.3
2025,school_unprepared,Hong Kong (China),香港,48.97378,53,90,58.4
2025,school_unprepared,Ecuador,厄瓜多,49.18389,54,90,59.6
2025,school_unprepared,Portugal,葡萄牙,49.19913,55,90,60.7
2025,school_unprepared,United Kingdom,英國,49.29586,56,90,61.8
2025,school_unprepared,B-S-J-Z (China),中國四省市,49.59982,57,90,62.9
2025,school_unprepared,North Macedonia,北馬其頓,49.75464,58,90,64.0
2025,school_unprepared,Türkiye,土耳其,49.99016,59,90,65.2
2025,school_unprepared,Dushanbe (Tajikistan),杜尚別（塔吉克）,50.27345,60,90,66.3
2025,school_unprepared,Rwanda,盧安達,51.23253,61,90,67.4
2025,school_unprepared,Ireland,愛爾蘭,51.65471,62,90,68.5
2025,school_unprepared,Romania,羅馬尼亞,51.69057,63,90,69.7
2025,school_unprepared,Netherlands,荷蘭,52.05396,64,90,70.8
2025,school_unprepared,United Arab Emirates,阿聯,52.51344,65,90,71.9
2025,school_unprepared,Lebanon,黎巴嫩,52.56051,66,90,73.0
2025,school_unprepared,Norway,挪威,52.57057,67,90,74.2
2025,school_unprepared,Macao (China),澳門,52.69547,68,90,75.3
2025,school_unprepared,Belgium,比利時,52.72392,69,90,76.4
2025,school_unprepared,Kenya,肯亞,52.79882,70,90,77.5
2025,school_unprepared,Czechia,捷克,53.24894,71,90,78.7
2025,school_unprepared,Malta,馬爾他,54.35209,72,90,79.8
2025,school_unprepared,France,法國,55.04642,73,90,80.9
2025,school_unprepared,Brazil,巴西,55.18648,74,90,82.0
2025,school_unprepared,Thailand,泰國,55.36068,75,90,83.1
2025,school_unprepared,Switzerland,瑞士,55.57069,76,90,84.3
2025,school_unprepared,Cyprus,賽普勒斯,56.45828,77,90,85.4
2025,school_unprepared,Israel,以色列,57.14003,78,90,86.5
2025,school_unprepared,Lithuania,立陶宛,58.03828,79,90,87.6
2025,school_unprepared,Italy,義大利,58.23363,80,90,88.8
2025,school_unprepared,Serbia,塞爾維亞,58.41221,81,90,89.9
2025,school_unprepared,Austria,奧地利,58.95849,82,90,91.0
2025,school_unprepared,Cambodia,柬埔寨,59.82224,83,90,92.1
2025,school_unprepared,Luxembourg,盧森堡,60.7935,84,90,93.3
2025,school_unprepared,Mauritius,模里西斯,60.83093,85,90,94.4
2025,school_unprepared,Poland,波蘭,63.07638,86,90,95.5
2025,school_unprepared,Greece,希臘,64.60285,87,90,96.6
2025,school_unprepared,Brunei Darussalam,汶萊,66.39118,88,90,97.8
2025,school_unprepared,Philippines,菲律賓,67.41281,89,90,98.9
2025,school_unprepared,Germany,德國,75.35706,90,90,100.0
2025,school_waste,Japan,日本,6.30085,1,90,0.0
2025,school_waste,Malaysia,馬來西亞,6.91389,2,90,1.1
2025,school_waste,B-S-J-Z (China),中國四省市,8.00445,3,90,2.2
2025,school_waste,Indonesia,印尼,8.84846,4,90,3.4
2025,school_waste,Korea,韓國,9.84242,5,90,4.5
2025,school_waste,Mexico,墨西哥,11.15413,6,90,5.6
2025,school_waste,Brunei Darussalam,汶萊,12.05486,7,90,6.7
2025,school_waste,Viet Nam,越南,12.1718,8,90,7.9
2025,school_waste,Peru,秘魯,13.72009,9,90,9.0
2025,school_waste,Zambia,尚比亞,14.14572,10,90,10.1
2025,school_waste,Costa Rica,哥斯大黎加,14.48593,11,90,11.2
2025,school_waste,Colombia,哥倫比亞,14.61184,12,90,12.4
2025,school_waste,Ecuador,厄瓜多,14.61835,13,90,13.5
2025,school_waste,Armenia,亞美尼亞,14.73123,14,90,14.6
2025,school_waste,Cambodia,柬埔寨,14.79648,15,90,15.7
2025,school_waste,Mongolia,蒙古,15.1381,16,90,16.9
2025,school_waste,Brazil,巴西,15.55321,17,90,18.0
2025,school_waste,Singapore,新加坡,15.97428,18,90,19.1
2025,school_waste,Saudi Arabia,沙烏地阿拉伯,16.08125,19,90,20.2
2025,school_waste,Albania,阿爾巴尼亞,16.70429,20,90,21.3
2025,school_waste,Kazakhstan,哈薩克,16.79438,21,90,22.5
2025,school_waste,Morocco,摩洛哥,17.05307,22,90,23.6
2025,school_waste,Uruguay,烏拉圭,17.22697,23,90,24.7
2025,school_waste,Italy,義大利,17.68504,24,90,25.8
2025,school_waste,Chile,智利,17.80562,25,90,27.0
2025,school_waste,Argentina,阿根廷,18.03476,26,90,28.1
2025,school_waste,Spain,西班牙,18.48396,27,90,29.2
2025,school_waste,Mauritius,模里西斯,18.56997,28,90,30.3
2025,school_waste,Kyrgyzstan,吉爾吉斯,18.94585,29,90,31.5
2025,school_waste,Kenya,肯亞,19.38716,30,90,32.6
2025,school_waste,Ukrainian regions (17 of 27),烏克蘭（17區）,19.53221,31,90,33.7
2025,school_waste,Portugal,葡萄牙,19.60706,32,90,34.8
2025,school_waste,Paraguay,巴拉圭,19.80738,33,90,36.0
2025,school_waste,Guatemala,瓜地馬拉,20.81171,34,90,37.1
2025,school_waste,Kosovo,科索沃,20.82473,35,90,38.2
2025,school_waste,Kurdistan Region (Iraq),伊拉克庫德斯坦,20.90466,36,90,39.3
2025,school_waste,El Salvador,薩爾瓦多,21.03188,37,90,40.4
2025,school_waste,Chinese Taipei,臺灣,21.24978,38,90,41.6
2025,school_waste,Iceland,冰島,21.31112,39,90,42.7
2025,school_waste,Estonia,愛沙尼亞,21.40846,40,90,43.8
2025,school_waste,Dominican Republic,多明尼加,21.51282,41,90,44.9
2025,school_waste,Romania,羅馬尼亞,21.51696,42,90,46.1
2025,school_waste,Georgia,喬治亞,21.63755,43,90,47.2
2025,school_waste,Denmark,丹麥,21.94576,44,90,48.3
2025,school_waste,Philippines,菲律賓,22.25329,45,90,49.4
2025,school_waste,Hong Kong (China),香港,22.42473,46,90,50.6
2025,school_waste,New Zealand,紐西蘭,22.73015,47,90,51.7
2025,school_waste,United Kingdom,英國,22.88601,48,90,52.8
2025,school_waste,Ireland,愛爾蘭,23.30082,49,90,53.9
2025,school_waste,Thailand,泰國,23.32518,50,90,55.1
2025,school_waste,Canada,加拿大,23.54192,51,90,56.2
2025,school_waste,Moldova,摩爾多瓦,23.71954,52,90,57.3
2025,school_waste,Switzerland,瑞士,23.86114,53,90,58.4
2025,school_waste,Finland,芬蘭,23.99805,54,90,59.6
2025,school_waste,Slovak Republic,斯洛伐克,24.10926,55,90,60.7
2025,school_waste,Uzbekistan,烏茲別克,24.13604,56,90,61.8
2025,school_waste,North Macedonia,北馬其頓,24.15779,57,90,62.9
2025,school_waste,Australia,澳洲,24.19471,58,90,64.0
2025,school_waste,Hungary,匈牙利,24.34717,59,90,65.2
2025,school_waste,Dushanbe (Tajikistan),杜尚別（塔吉克）,24.99994,60,90,66.3
2025,school_waste,United States,美國,25.52143,61,90,67.4
2025,school_waste,Macao (China),澳門,25.83036,62,90,68.5
2025,school_waste,United Arab Emirates,阿聯,25.84055,63,90,69.7
2025,school_waste,Palestinian Authority,巴勒斯坦,26.08511,64,90,70.8
2025,school_waste,Montenegro,蒙特內哥羅,26.13086,65,90,71.9
2025,school_waste,Belgium,比利時,26.17494,66,90,73.0
2025,school_waste,France,法國,26.36205,67,90,74.2
2025,school_waste,Austria,奧地利,26.56859,68,90,75.3
2025,school_waste,Qatar,卡達,26.69889,69,90,76.4
2025,school_waste,Croatia,克羅埃西亞,26.80054,70,90,77.5
2025,school_waste,Greece,希臘,27.01769,71,90,78.7
2025,school_waste,Malta,馬爾他,27.2667,72,90,79.8
2025,school_waste,Bulgaria,保加利亞,27.30629,73,90,80.9
2025,school_waste,Slovenia,斯洛維尼亞,27.41467,74,90,82.0
2025,school_waste,Lithuania,立陶宛,27.45927,75,90,83.1
2025,school_waste,Türkiye,土耳其,27.98613,76,90,84.3
2025,school_waste,Czechia,捷克,28.0291,77,90,85.4
2025,school_waste,Serbia,塞爾維亞,28.16312,78,90,86.5
2025,school_waste,Jordan,約旦,28.46637,79,90,87.6
2025,school_waste,Luxembourg,盧森堡,29.00406,80,90,88.8
2025,school_waste,Azerbaijan,亞塞拜然,29.23329,81,90,89.9
2025,school_waste,Latvia,拉脫維亞,30.82622,82,90,91.0
2025,school_waste,Norway,挪威,31.15274,83,90,92.1
2025,school_waste,Lebanon,黎巴嫩,31.69474,84,90,93.3
2025,school_waste,Germany,德國,32.78521,85,90,94.4
2025,school_waste,Rwanda,盧安達,33.20277,86,90,95.5
2025,school_waste,Netherlands,荷蘭,34.52322,87,90,96.6
2025,school_waste,Cyprus,賽普勒斯,35.67189,88,90,97.8
2025,school_waste,Israel,以色列,36.70669,89,90,98.9
2025,school_waste,Poland,波蘭,37.7793,90,90,100.0
2025,sci_boys,B-S-J-Z (China),中國四省市,603.79678,1,91,0.0
2025,sci_boys,Singapore,新加坡,559.74841,2,91,1.1
2025,sci_boys,Japan,日本,542.25257,3,91,2.2
2025,sci_boys,Macao (China),澳門,541.12149,4,91,3.3
2025,sci_boys,Chinese Taipei,臺灣,534.63945,5,91,4.4
2025,sci_boys,Estonia,愛沙尼亞,526.58733,6,91,5.6
2025,sci_boys,Korea,韓國,525.09556,7,91,6.7
2025,sci_boys,United Kingdom,英國,516.90074,8,91,7.8
2025,sci_boys,Canada,加拿大,512.39813,9,91,8.9
2025,sci_boys,Australia,澳洲,509.38269,10,91,10.0
2025,sci_boys,New Zealand,紐西蘭,508.16446,11,91,11.1
2025,sci_boys,United States,美國,505.74602,12,91,12.2
2025,sci_boys,Hong Kong (China),香港,503.33978,13,91,13.3
2025,sci_boys,Ireland,愛爾蘭,502.93893,14,91,14.4
2025,sci_boys,Switzerland,瑞士,498.4428,15,91,15.6
2025,sci_boys,Austria,奧地利,498.36902,16,91,16.7
2025,sci_boys,Türkiye,土耳其,496.46121,17,91,17.8
2025,sci_boys,Poland,波蘭,494.42717,18,91,18.9
2025,sci_boys,Finland,芬蘭,493.44316,19,91,20.0
2025,sci_boys,Czechia,捷克,488.9743,20,91,21.1
2025,sci_boys,Belgium,比利時,488.87664,21,91,22.2
2025,sci_boys,Germany,德國,486.96558,22,91,23.3
2025,sci_boys,Italy,義大利,484.54878,23,91,24.4
2025,sci_boys,Hungary,匈牙利,483.91164,24,91,25.6
2025,sci_boys,Netherlands,荷蘭,482.85205,25,91,26.7
2025,sci_boys,Lithuania,立陶宛,482.70923,26,91,27.8
2025,sci_boys,France,法國,480.35582,27,91,28.9
2025,sci_boys,Portugal,葡萄牙,479.62995,28,91,30.0
2025,sci_boys,Sweden,瑞典,479.19553,29,91,31.1
2025,sci_boys,Denmark,丹麥,478.22597,30,91,32.2
2025,sci_boys,Spain,西班牙,477.23857,31,91,33.3
2025,sci_boys,Luxembourg,盧森堡,474.47461,32,91,34.4
2025,sci_boys,Slovenia,斯洛維尼亞,473.47066,33,91,35.6
2025,sci_boys,Slovak Republic,斯洛伐克,472.29063,34,91,36.7
2025,sci_boys,Croatia,克羅埃西亞,466.38972,35,91,37.8
2025,sci_boys,Norway,挪威,465.32226,36,91,38.9
2025,sci_boys,Latvia,拉脫維亞,462.48201,37,91,40.0
2025,sci_boys,Viet Nam,越南,456.92888,38,91,41.1
2025,sci_boys,United Arab Emirates,阿聯,452.64533,39,91,42.2
2025,sci_boys,Chile,智利,446.65989,40,91,43.3
2025,sci_boys,Ukrainian regions (17 of 27),烏克蘭（17區）,445.84975,41,91,44.4
2025,sci_boys,Uruguay,烏拉圭,445.66065,42,91,45.6
2025,sci_boys,Malta,馬爾他,443.34539,43,91,46.7
2025,sci_boys,Iceland,冰島,440.87708,44,91,47.8
2025,sci_boys,Brunei Darussalam,汶萊,439.11113,45,91,48.9
2025,sci_boys,Mauritius,模里西斯,435.39929,46,91,50.0
2025,sci_boys,Israel,以色列,435.29944,47,91,51.1
2025,sci_boys,Uzbekistan,烏茲別克,432.96541,48,91,52.2
2025,sci_boys,Costa Rica,哥斯大黎加,429.65568,49,91,53.3
2025,sci_boys,Montenegro,蒙特內哥羅,429.3614,50,91,54.4
2025,sci_boys,Greece,希臘,428.42829,51,91,55.6
2025,sci_boys,Thailand,泰國,427.4247,52,91,56.7
2025,sci_boys,Qatar,卡達,427.38726,53,91,57.8
2025,sci_boys,Albania,阿爾巴尼亞,426.01787,54,91,58.9
2025,sci_boys,Romania,羅馬尼亞,423.91926,55,91,60.0
2025,sci_boys,Serbia,塞爾維亞,422.40188,56,91,61.1
2025,sci_boys,Mexico,墨西哥,420.21428,57,91,62.2
2025,sci_boys,Malaysia,馬來西亞,418.62965,58,91,63.3
2025,sci_boys,Colombia,哥倫比亞,417.51386,59,91,64.4
2025,sci_boys,Kazakhstan,哈薩克,416.90264,60,91,65.6
2025,sci_boys,Moldova,摩爾多瓦,416.71421,61,91,66.7
2025,sci_boys,Georgia,喬治亞,415.01723,62,91,67.8
2025,sci_boys,Mongolia,蒙古,412.08836,63,91,68.9
2025,sci_boys,Peru,秘魯,411.0504,64,91,70.0
2025,sci_boys,Brazil,巴西,409.29501,65,91,71.1
2025,sci_boys,Bulgaria,保加利亞,408.5833,66,91,72.2
2025,sci_boys,Saudi Arabia,沙烏地阿拉伯,405.0647,67,91,73.3
2025,sci_boys,Azerbaijan,亞塞拜然,402.04933,68,91,74.4
2025,sci_boys,Cyprus,賽普勒斯,400.4676,69,91,75.6
2025,sci_boys,Jordan,約旦,396.8873,70,91,76.7
2025,sci_boys,Argentina,阿根廷,396.69756,71,91,77.8
2025,sci_boys,Ecuador,厄瓜多,395.57681,72,91,78.9
2025,sci_boys,El Salvador,薩爾瓦多,387.50284,73,91,80.0
2025,sci_boys,Indonesia,印尼,385.85783,74,91,81.1
2025,sci_boys,Lebanon,黎巴嫩,374.47571,75,91,82.2
2025,sci_boys,Cambodia,柬埔寨,374.18654,76,91,83.3
2025,sci_boys,North Macedonia,北馬其頓,368.60592,77,91,84.4
2025,sci_boys,Philippines,菲律賓,367.0827,78,91,85.6
2025,sci_boys,Armenia,亞美尼亞,359.4637,79,91,86.7
2025,sci_boys,Dominican Republic,多明尼加,357.23269,80,91,87.8
2025,sci_boys,Paraguay,巴拉圭,357.16598,81,91,88.9
2025,sci_boys,Morocco,摩洛哥,356.57981,82,91,90.0
2025,sci_boys,Kyrgyzstan,吉爾吉斯,355.84704,83,91,91.1
2025,sci_boys,Guatemala,瓜地馬拉,355.7593,84,91,92.2
2025,sci_boys,Kosovo,科索沃,347.45808,85,91,93.3
2025,sci_boys,Kenya,肯亞,346.24213,86,91,94.4
2025,sci_boys,Zambia,尚比亞,344.47074,87,91,95.6
2025,sci_boys,Kurdistan Region (Iraq),伊拉克庫德斯坦,339.17226,88,91,96.7
2025,sci_boys,Palestinian Authority,巴勒斯坦,338.06724,89,91,97.8
2025,sci_boys,Dushanbe (Tajikistan),杜尚別（塔吉克）,335.62673,90,91,98.9
2025,sci_boys,Rwanda,盧安達,332.10834,91,91,100.0
2025,sci_city,B-S-J-Z (China),中國四省市,609.58617,1,83,0.0
2025,sci_city,Singapore,新加坡,561.52035,2,83,1.2
2025,sci_city,Chinese Taipei,臺灣,556.37434,3,83,2.4
2025,sci_city,Japan,日本,546.24268,4,83,3.7
2025,sci_city,Macao (China),澳門,540.19894,5,83,4.9
2025,sci_city,Estonia,愛沙尼亞,529.5673,6,83,6.1
2025,sci_city,Korea,韓國,523.94029,7,83,7.3
2025,sci_city,United Kingdom,英國,522.82151,8,83,8.5
2025,sci_city,New Zealand,紐西蘭,521.77584,9,83,9.8
2025,sci_city,Slovak Republic,斯洛伐克,519.69364,10,83,11.0
2025,sci_city,Canada,加拿大,519.48885,11,83,12.2
2025,sci_city,Poland,波蘭,518.46236,12,83,13.4
2025,sci_city,Australia,澳洲,516.76791,13,83,14.6
2025,sci_city,Luxembourg,盧森堡,514.54298,14,83,15.9
2025,sci_city,Finland,芬蘭,512.43411,15,83,17.1
2025,sci_city,Lithuania,立陶宛,508.62703,16,83,18.3
2025,sci_city,Czechia,捷克,508.41006,17,83,19.5
2025,sci_city,Ireland,愛爾蘭,508.10831,18,83,20.7
2025,sci_city,Switzerland,瑞士,507.24038,19,83,22.0
2025,sci_city,Sweden,瑞典,502.80954,20,83,23.2
2025,sci_city,Türkiye,土耳其,500.20865,21,83,24.4
2025,sci_city,Hong Kong (China),香港,500.08501,22,83,25.6
2025,sci_city,Viet Nam,越南,496.37531,23,83,26.8
2025,sci_city,Slovenia,斯洛維尼亞,492.22587,24,83,28.0
2025,sci_city,Portugal,葡萄牙,492.15175,25,83,29.3
2025,sci_city,United States,美國,491.39836,26,83,30.5
2025,sci_city,Denmark,丹麥,490.79865,27,83,31.7
2025,sci_city,Croatia,克羅埃西亞,490.12904,28,83,32.9
2025,sci_city,Norway,挪威,489.92884,29,83,34.1
2025,sci_city,Hungary,匈牙利,489.79628,30,83,35.4
2025,sci_city,Italy,義大利,488.2978,31,83,36.6
2025,sci_city,Spain,西班牙,486.92166,32,83,37.8
2025,sci_city,Netherlands,荷蘭,486.88622,33,83,39.0
2025,sci_city,France,法國,482.94573,34,83,40.2
2025,sci_city,Austria,奧地利,482.72313,35,83,41.5
2025,sci_city,Belgium,比利時,480.55682,36,83,42.7
2025,sci_city,United Arab Emirates,阿聯,472.2746,37,83,43.9
2025,sci_city,Ukrainian regions (17 of 27),烏克蘭（17區）,470.52646,38,83,45.1
2025,sci_city,Germany,德國,469.33931,39,83,46.3
2025,sci_city,Moldova,摩爾多瓦,463.95257,40,83,47.6
2025,sci_city,Latvia,拉脫維亞,463.77276,41,83,48.8
2025,sci_city,Israel,以色列,460.03508,42,83,50.0
2025,sci_city,Uruguay,烏拉圭,455.88672,43,83,51.2
2025,sci_city,Bulgaria,保加利亞,455.86487,44,83,52.4
2025,sci_city,Chile,智利,452.37375,45,83,53.7
2025,sci_city,Romania,羅馬尼亞,450.79392,46,83,54.9
2025,sci_city,Qatar,卡達,450.24596,47,83,56.1
2025,sci_city,Albania,阿爾巴尼亞,449.4669,48,83,57.3
2025,sci_city,Thailand,泰國,447.3075,49,83,58.5
2025,sci_city,Serbia,塞爾維亞,446.05328,50,83,59.8
2025,sci_city,Iceland,冰島,445.74277,51,83,61.0
2025,sci_city,Mongolia,蒙古,441.28935,52,83,62.2
2025,sci_city,Colombia,哥倫比亞,441.0792,53,83,63.4
2025,sci_city,Greece,希臘,436.77768,54,83,64.6
2025,sci_city,Peru,秘魯,436.66872,55,83,65.9
2025,sci_city,Uzbekistan,烏茲別克,435.15752,56,83,67.1
2025,sci_city,Malaysia,馬來西亞,434.7441,57,83,68.3
2025,sci_city,Georgia,喬治亞,433.61236,58,83,69.5
2025,sci_city,Costa Rica,哥斯大黎加,433.27952,59,83,70.7
2025,sci_city,Azerbaijan,亞塞拜然,430.20861,60,83,72.0
2025,sci_city,Mexico,墨西哥,429.59143,61,83,73.2
2025,sci_city,Kazakhstan,哈薩克,429.52764,62,83,74.4
2025,sci_city,Brazil,巴西,429.02787,63,83,75.6
2025,sci_city,Montenegro,蒙特內哥羅,425.95584,64,83,76.8
2025,sci_city,El Salvador,薩爾瓦多,424.65174,65,83,78.0
2025,sci_city,Indonesia,印尼,422.4429,66,83,79.3
2025,sci_city,Saudi Arabia,沙烏地阿拉伯,418.0601,67,83,80.5
2025,sci_city,Ecuador,厄瓜多,413.21799,68,83,81.7
2025,sci_city,Cyprus,賽普勒斯,412.2132,69,83,82.9
2025,sci_city,Jordan,約旦,407.89528,70,83,84.1
2025,sci_city,Argentina,阿根廷,407.50219,71,83,85.4
2025,sci_city,Philippines,菲律賓,404.04518,72,83,86.6
2025,sci_city,Lebanon,黎巴嫩,400.20158,73,83,87.8
2025,sci_city,Paraguay,巴拉圭,397.89606,74,83,89.0
2025,sci_city,Kyrgyzstan,吉爾吉斯,391.03009,75,83,90.2
2025,sci_city,Guatemala,瓜地馬拉,389.55325,76,83,91.5
2025,sci_city,Dominican Republic,多明尼加,384.06871,77,83,92.7
2025,sci_city,Armenia,亞美尼亞,380.15518,78,83,93.9
2025,sci_city,North Macedonia,北馬其頓,378.02345,79,83,95.1
2025,sci_city,Kenya,肯亞,366.98559,80,83,96.3
2025,sci_city,Kosovo,科索沃,365.6769,81,83,97.6
2025,sci_city,Morocco,摩洛哥,363.55166,82,83,98.8
2025,sci_city,Palestinian Authority,巴勒斯坦,363.25555,83,83,100.0
2025,sci_girls,B-S-J-Z (China),中國四省市,589.70262,1,91,0.0
2025,sci_girls,Singapore,新加坡,559.95653,2,91,1.1
2025,sci_girls,Chinese Taipei,臺灣,545.1534,3,91,2.2
2025,sci_girls,Macao (China),澳門,540.48818,4,91,3.3
2025,sci_girls,Japan,日本,532.62351,5,91,4.4
2025,sci_girls,Estonia,愛沙尼亞,527.64941,6,91,5.6
2025,sci_girls,Korea,韓國,527.1617,7,91,6.7
2025,sci_girls,Finland,芬蘭,515.60419,8,91,7.8
2025,sci_girls,New Zealand,紐西蘭,510.34101,9,91,8.9
2025,sci_girls,Australia,澳洲,508.76669,10,91,10.0
2025,sci_girls,Canada,加拿大,507.66833,11,91,11.1
2025,sci_girls,United Kingdom,英國,505.39655,12,91,12.2
2025,sci_girls,Switzerland,瑞士,503.8573,13,91,13.3
2025,sci_girls,United States,美國,497.69475,14,91,14.4
2025,sci_girls,Ireland,愛爾蘭,495.74693,15,91,15.6
2025,sci_girls,Poland,波蘭,495.72247,16,91,16.7
2025,sci_girls,Austria,奧地利,495.46923,17,91,17.8
2025,sci_girls,Slovenia,斯洛維尼亞,494.4861,18,91,18.9
2025,sci_girls,Lithuania,立陶宛,492.7863,19,91,20.0
2025,sci_girls,Türkiye,土耳其,492.42077,20,91,21.1
2025,sci_girls,Czechia,捷克,491.69012,21,91,22.2
2025,sci_girls,Sweden,瑞典,491.49104,22,91,23.3
2025,sci_girls,Belgium,比利時,490.59669,23,91,24.4
2025,sci_girls,Netherlands,荷蘭,487.99611,24,91,25.6
2025,sci_girls,Hong Kong (China),香港,487.31732,25,91,26.7
2025,sci_girls,France,法國,486.61077,26,91,27.8
2025,sci_girls,Croatia,克羅埃西亞,486.23788,27,91,28.9
2025,sci_girls,Germany,德國,483.94793,28,91,30.0
2025,sci_girls,Portugal,葡萄牙,483.78632,29,91,31.1
2025,sci_girls,Italy,義大利,481.45016,30,91,32.2
2025,sci_girls,Slovak Republic,斯洛伐克,477.35744,31,91,33.3
2025,sci_girls,Spain,西班牙,476.99159,32,91,34.4
2025,sci_girls,Denmark,丹麥,476.84746,33,91,35.6
2025,sci_girls,Hungary,匈牙利,475.89793,34,91,36.7
2025,sci_girls,Norway,挪威,475.25615,35,91,37.8
2025,sci_girls,Latvia,拉脫維亞,474.17377,36,91,38.9
2025,sci_girls,Luxembourg,盧森堡,473.03761,37,91,40.0
2025,sci_girls,United Arab Emirates,阿聯,463.50695,38,91,41.1
2025,sci_girls,Malta,馬爾他,461.96164,39,91,42.2
2025,sci_girls,Viet Nam,越南,457.89332,40,91,43.3
2025,sci_girls,Ukrainian regions (17 of 27),烏克蘭（17區）,450.27302,41,91,44.4
2025,sci_girls,Israel,以色列,448.72744,42,91,45.6
2025,sci_girls,Uruguay,烏拉圭,443.41294,43,91,46.7
2025,sci_girls,Albania,阿爾巴尼亞,442.66938,44,91,47.8
2025,sci_girls,Iceland,冰島,442.6083,45,91,48.9
2025,sci_girls,Uzbekistan,烏茲別克,442.40627,46,91,50.0
2025,sci_girls,Montenegro,蒙特內哥羅,441.57278,47,91,51.1
2025,sci_girls,Qatar,卡達,441.49107,48,91,52.2
2025,sci_girls,Mauritius,模里西斯,440.86692,49,91,53.3
2025,sci_girls,Greece,希臘,440.22786,50,91,54.4
2025,sci_girls,Brunei Darussalam,汶萊,439.81737,51,91,55.6
2025,sci_girls,Chile,智利,438.04354,52,91,56.7
2025,sci_girls,Thailand,泰國,436.56622,53,91,57.8
2025,sci_girls,Serbia,塞爾維亞,435.66529,54,91,58.9
2025,sci_girls,Mongolia,蒙古,435.56577,55,91,60.0
2025,sci_girls,Bulgaria,保加利亞,434.21541,56,91,61.1
2025,sci_girls,Georgia,喬治亞,429.69257,57,91,62.2
2025,sci_girls,Moldova,摩爾多瓦,427.39076,58,91,63.3
2025,sci_girls,Romania,羅馬尼亞,425.60238,59,91,64.4
2025,sci_girls,Kazakhstan,哈薩克,422.27663,60,91,65.6
2025,sci_girls,Saudi Arabia,沙烏地阿拉伯,421.64845,61,91,66.7
2025,sci_girls,Cyprus,賽普勒斯,421.63717,62,91,67.8
2025,sci_girls,Malaysia,馬來西亞,419.75958,63,91,68.9
2025,sci_girls,Costa Rica,哥斯大黎加,418.40572,64,91,70.0
2025,sci_girls,Jordan,約旦,416.97876,65,91,71.1
2025,sci_girls,Azerbaijan,亞塞拜然,415.67024,66,91,72.2
2025,sci_girls,Colombia,哥倫比亞,410.44782,67,91,73.3
2025,sci_girls,Brazil,巴西,407.78723,68,91,74.4
2025,sci_girls,Mexico,墨西哥,407.42892,69,91,75.6
2025,sci_girls,Peru,秘魯,399.9608,70,91,76.7
2025,sci_girls,Ecuador,厄瓜多,391.2608,71,91,77.8
2025,sci_girls,Indonesia,印尼,391.25553,72,91,78.9
2025,sci_girls,Argentina,阿根廷,389.88097,73,91,80.0
2025,sci_girls,North Macedonia,北馬其頓,388.65045,74,91,81.1
2025,sci_girls,Cambodia,柬埔寨,387.97149,75,91,82.2
2025,sci_girls,El Salvador,薩爾瓦多,381.87813,76,91,83.3
2025,sci_girls,Philippines,菲律賓,379.54346,77,91,84.4
2025,sci_girls,Armenia,亞美尼亞,377.08639,78,91,85.6
2025,sci_girls,Palestinian Authority,巴勒斯坦,374.68152,79,91,86.7
2025,sci_girls,Lebanon,黎巴嫩,369.88822,80,91,87.8
2025,sci_girls,Kyrgyzstan,吉爾吉斯,369.18226,81,91,88.9
2025,sci_girls,Kosovo,科索沃,366.13415,82,91,90.0
2025,sci_girls,Kurdistan Region (Iraq),伊拉克庫德斯坦,365.04158,83,91,91.1
2025,sci_girls,Dominican Republic,多明尼加,364.10694,84,91,92.2
2025,sci_girls,Morocco,摩洛哥,359.27204,85,91,93.3
2025,sci_girls,Paraguay,巴拉圭,353.33369,86,91,94.4
2025,sci_girls,Guatemala,瓜地馬拉,346.51231,87,91,95.6
2025,sci_girls,Dushanbe (Tajikistan),杜尚別（塔吉克）,331.84709,88,91,96.7
2025,sci_girls,Zambia,尚比亞,330.48005,89,91,97.8
2025,sci_girls,Kenya,肯亞,322.44801,90,91,98.9
2025,sci_girls,Rwanda,盧安達,306.03141,91,91,100.0
2025,sci_mean,B-S-J-Z (China),中國四省市,597.04379,1,91,0.0
2025,sci_mean,Singapore,新加坡,559.85056,2,91,1.1
2025,sci_mean,Macao (China),澳門,540.81386,3,91,2.2
2025,sci_mean,Chinese Taipei,臺灣,539.70169,4,91,3.3
2025,sci_mean,Japan,日本,537.58624,5,91,4.4
2025,sci_mean,Estonia,愛沙尼亞,527.11708,6,91,5.6
2025,sci_mean,Korea,韓國,526.10531,7,91,6.7
2025,sci_mean,United Kingdom,英國,511.35575,8,91,7.8
2025,sci_mean,Canada,加拿大,510.05482,9,91,8.9
2025,sci_mean,New Zealand,紐西蘭,509.39792,10,91,10.0
2025,sci_mean,Australia,澳洲,509.10633,11,91,11.1
2025,sci_mean,Finland,芬蘭,504.37245,12,91,12.2
2025,sci_mean,United States,美國,501.58324,13,91,13.3
2025,sci_mean,Switzerland,瑞士,501.23764,14,91,14.4
2025,sci_mean,Ireland,愛爾蘭,499.59669,15,91,15.6
2025,sci_mean,Austria,奧地利,496.91267,16,91,16.7
2025,sci_mean,Hong Kong (China),香港,495.62666,17,91,17.8
2025,sci_mean,Poland,波蘭,495.06703,18,91,18.9
2025,sci_mean,Türkiye,土耳其,494.26907,19,91,20.0
2025,sci_mean,Czechia,捷克,490.27834,20,91,21.1
2025,sci_mean,Belgium,比利時,489.70971,21,91,22.2
2025,sci_mean,Lithuania,立陶宛,487.73903,22,91,23.3
2025,sci_mean,Germany,德國,485.52144,23,91,24.4
2025,sci_mean,Netherlands,荷蘭,485.45141,24,91,25.6
2025,sci_mean,Sweden,瑞典,485.11066,25,91,26.7
2025,sci_mean,Slovenia,斯洛維尼亞,483.72204,26,91,27.8
2025,sci_mean,France,法國,483.4212,27,91,28.9
2025,sci_mean,Italy,義大利,482.98206,28,91,30.0
2025,sci_mean,Portugal,葡萄牙,481.71602,29,91,31.1
2025,sci_mean,Hungary,匈牙利,479.91184,30,91,32.2
2025,sci_mean,Denmark,丹麥,477.54101,31,91,33.3
2025,sci_mean,Spain,西班牙,477.1273,32,91,34.4
2025,sci_mean,Croatia,克羅埃西亞,476.30089,33,91,35.6
2025,sci_mean,Slovak Republic,斯洛伐克,474.87211,34,91,36.7
2025,sci_mean,Luxembourg,盧森堡,473.77035,35,91,37.8
2025,sci_mean,Norway,挪威,470.21226,36,91,38.9
2025,sci_mean,Latvia,拉脫維亞,468.36741,37,91,40.0
2025,sci_mean,United Arab Emirates,阿聯,458.06699,38,91,41.1
2025,sci_mean,Viet Nam,越南,457.42088,39,91,42.2
2025,sci_mean,Malta,馬爾他,452.52701,40,91,43.3
2025,sci_mean,Ukrainian regions (17 of 27),烏克蘭（17區）,448.0823,41,91,44.4
2025,sci_mean,Uruguay,烏拉圭,444.54929,42,91,45.6
2025,sci_mean,Chile,智利,442.3606,43,91,46.7
2025,sci_mean,Israel,以色列,442.00883,44,91,47.8
2025,sci_mean,Iceland,冰島,441.38044,45,91,48.9
2025,sci_mean,Brunei Darussalam,汶萊,439.45387,46,91,50.0
2025,sci_mean,Mauritius,模里西斯,438.16395,47,91,51.1
2025,sci_mean,Uzbekistan,烏茲別克,437.59697,48,91,52.2
2025,sci_mean,Montenegro,蒙特內哥羅,435.18445,49,91,53.3
2025,sci_mean,Albania,阿爾巴尼亞,434.6271,50,91,54.4
2025,sci_mean,Qatar,卡達,434.3997,51,91,55.6
2025,sci_mean,Greece,希臘,434.28491,52,91,56.7
2025,sci_mean,Thailand,泰國,432.24049,53,91,57.8
2025,sci_mean,Serbia,塞爾維亞,428.99464,54,91,58.9
2025,sci_mean,Romania,羅馬尼亞,424.70915,55,91,60.0
2025,sci_mean,Mongolia,蒙古,424.03375,56,91,61.1
2025,sci_mean,Costa Rica,哥斯大黎加,423.96958,57,91,62.2
2025,sci_mean,Georgia,喬治亞,422.11866,58,91,63.3
2025,sci_mean,Moldova,摩爾多瓦,421.94704,59,91,64.4
2025,sci_mean,Bulgaria,保加利亞,420.79373,60,91,65.6
2025,sci_mean,Kazakhstan,哈薩克,419.54755,61,91,66.7
2025,sci_mean,Malaysia,馬來西亞,419.20273,62,91,67.8
2025,sci_mean,Colombia,哥倫比亞,413.73094,63,91,68.9
2025,sci_mean,Mexico,墨西哥,413.56537,64,91,70.0
2025,sci_mean,Saudi Arabia,沙烏地阿拉伯,413.43007,65,91,71.1
2025,sci_mean,Cyprus,賽普勒斯,411.18474,66,91,72.2
2025,sci_mean,Azerbaijan,亞塞拜然,408.56354,67,91,73.3
2025,sci_mean,Brazil,巴西,408.54046,68,91,74.4
2025,sci_mean,Jordan,約旦,406.93542,69,91,75.6
2025,sci_mean,Peru,秘魯,405.60048,70,91,76.7
2025,sci_mean,Ecuador,厄瓜多,393.42125,71,91,77.8
2025,sci_mean,Argentina,阿根廷,392.93391,72,91,78.9
2025,sci_mean,Indonesia,印尼,388.67379,73,91,80.0
2025,sci_mean,El Salvador,薩爾瓦多,384.6732,74,91,81.1
2025,sci_mean,Cambodia,柬埔寨,381.93511,75,91,82.2
2025,sci_mean,North Macedonia,北馬其頓,378.49815,76,91,83.3
2025,sci_mean,Philippines,菲律賓,373.3185,77,91,84.4
2025,sci_mean,Lebanon,黎巴嫩,372.00568,78,91,85.6
2025,sci_mean,Armenia,亞美尼亞,368.63314,79,91,86.7
2025,sci_mean,Kyrgyzstan,吉爾吉斯,362.52939,80,91,87.8
2025,sci_mean,Dominican Republic,多明尼加,360.8466,81,91,88.9
2025,sci_mean,Palestinian Authority,巴勒斯坦,358.73953,82,91,90.0
2025,sci_mean,Morocco,摩洛哥,357.97978,83,91,91.1
2025,sci_mean,Kosovo,科索沃,357.01476,84,91,92.2
2025,sci_mean,Paraguay,巴拉圭,355.24408,85,91,93.3
2025,sci_mean,Kurdistan Region (Iraq),伊拉克庫德斯坦,352.1914,86,91,94.4
2025,sci_mean,Guatemala,瓜地馬拉,351.23403,87,91,95.6
2025,sci_mean,Zambia,尚比亞,336.95473,88,91,96.7
2025,sci_mean,Kenya,肯亞,334.94936,89,91,97.8
2025,sci_mean,Dushanbe (Tajikistan),杜尚別（塔吉克）,333.76479,90,91,98.9
2025,sci_mean,Rwanda,盧安達,317.28649,91,91,100.0
2025,sci_p10,B-S-J-Z (China),中國四省市,481.93465,1,91,0.0
2025,sci_p10,Macao (China),澳門,423.0888,2,91,1.1
2025,sci_p10,Singapore,新加坡,410.59858,3,91,2.2
2025,sci_p10,Estonia,愛沙尼亞,409.84217,4,91,3.3
2025,sci_p10,Japan,日本,400.97468,5,91,4.4
2025,sci_p10,Chinese Taipei,臺灣,390.68874,6,91,5.6
2025,sci_p10,Korea,韓國,384.06162,7,91,6.7
2025,sci_p10,Canada,加拿大,378.64748,8,91,7.8
2025,sci_p10,Ireland,愛爾蘭,376.45975,9,91,8.9
2025,sci_p10,United Kingdom,英國,373.79959,10,91,10.0
2025,sci_p10,Türkiye,土耳其,370.7224,11,91,11.1
2025,sci_p10,Lithuania,立陶宛,370.55612,12,91,12.2
2025,sci_p10,Australia,澳洲,367.90755,13,91,13.3
2025,sci_p10,New Zealand,紐西蘭,366.4092,14,91,14.4
2025,sci_p10,Poland,波蘭,365.64183,15,91,15.6
2025,sci_p10,Finland,芬蘭,363.27895,16,91,16.7
2025,sci_p10,Czechia,捷克,362.46158,17,91,17.8
2025,sci_p10,Switzerland,瑞士,361.74454,18,91,18.9
2025,sci_p10,Hong Kong (China),香港,360.50213,19,91,20.0
2025,sci_p10,Italy,義大利,360.45125,20,91,21.1
2025,sci_p10,Austria,奧地利,359.57297,21,91,22.2
2025,sci_p10,Viet Nam,越南,354.48286,22,91,23.3
2025,sci_p10,Portugal,葡萄牙,353.33991,23,91,24.4
2025,sci_p10,Spain,西班牙,352.46653,24,91,25.6
2025,sci_p10,Hungary,匈牙利,352.38633,25,91,26.7
2025,sci_p10,Slovenia,斯洛維尼亞,351.98046,26,91,27.8
2025,sci_p10,United States,美國,351.39512,27,91,28.9
2025,sci_p10,Denmark,丹麥,351.14163,28,91,30.0
2025,sci_p10,Croatia,克羅埃西亞,350.70058,29,91,31.1
2025,sci_p10,Uzbekistan,烏茲別克,350.2494,30,91,32.2
2025,sci_p10,Belgium,比利時,348.95813,31,91,33.3
2025,sci_p10,France,法國,342.43771,32,91,34.4
2025,sci_p10,Sweden,瑞典,341.93846,33,91,35.6
2025,sci_p10,Germany,德國,341.55083,34,91,36.7
2025,sci_p10,Latvia,拉脫維亞,341.39564,35,91,37.8
2025,sci_p10,Slovak Republic,斯洛伐克,340.41472,36,91,38.9
2025,sci_p10,Netherlands,荷蘭,338.14918,37,91,40.0
2025,sci_p10,Norway,挪威,335.10777,38,91,41.1
2025,sci_p10,Albania,阿爾巴尼亞,332.44179,39,91,42.2
2025,sci_p10,Uruguay,烏拉圭,330.68066,40,91,43.3
2025,sci_p10,Thailand,泰國,330.17647,41,91,44.4
2025,sci_p10,Chile,智利,329.94996,42,91,45.6
2025,sci_p10,Ukrainian regions (17 of 27),烏克蘭（17區）,329.7134,43,91,46.7
2025,sci_p10,Luxembourg,盧森堡,325.5775,44,91,47.8
2025,sci_p10,Costa Rica,哥斯大黎加,324.97343,45,91,48.9
2025,sci_p10,Kazakhstan,哈薩克,324.13954,46,91,50.0
2025,sci_p10,Montenegro,蒙特內哥羅,322.22242,47,91,51.1
2025,sci_p10,Mexico,墨西哥,319.76252,48,91,52.2
2025,sci_p10,Brunei Darussalam,汶萊,319.07671,49,91,53.3
2025,sci_p10,Mongolia,蒙古,318.96439,50,91,54.4
2025,sci_p10,Malaysia,馬來西亞,316.91987,51,91,55.6
2025,sci_p10,Greece,希臘,315.72018,52,91,56.7
2025,sci_p10,Iceland,冰島,314.32948,53,91,57.8
2025,sci_p10,United Arab Emirates,阿聯,313.96466,54,91,58.9
2025,sci_p10,Georgia,喬治亞,313.24321,55,91,60.0
2025,sci_p10,Malta,馬爾他,312.98197,56,91,61.1
2025,sci_p10,Serbia,塞爾維亞,312.79134,57,91,62.2
2025,sci_p10,Moldova,摩爾多瓦,311.40659,58,91,63.3
2025,sci_p10,Saudi Arabia,沙烏地阿拉伯,310.43714,59,91,64.4
2025,sci_p10,Qatar,卡達,306.85236,60,91,65.6
2025,sci_p10,Jordan,約旦,305.00372,61,91,66.7
2025,sci_p10,Indonesia,印尼,304.67004,62,91,67.8
2025,sci_p10,Mauritius,模里西斯,303.47133,63,91,68.9
2025,sci_p10,Peru,秘魯,303.0934,64,91,70.0
2025,sci_p10,Cambodia,柬埔寨,302.1547,65,91,71.1
2025,sci_p10,Colombia,哥倫比亞,301.17111,66,91,72.2
2025,sci_p10,Ecuador,厄瓜多,298.96364,67,91,73.3
2025,sci_p10,Israel,以色列,298.1286,68,91,74.4
2025,sci_p10,Romania,羅馬尼亞,296.24494,69,91,75.6
2025,sci_p10,Azerbaijan,亞塞拜然,294.68563,70,91,76.7
2025,sci_p10,Brazil,巴西,291.00327,71,91,77.8
2025,sci_p10,El Salvador,薩爾瓦多,290.69759,72,91,78.9
2025,sci_p10,Bulgaria,保加利亞,284.34882,73,91,80.0
2025,sci_p10,Argentina,阿根廷,280.15347,74,91,81.1
2025,sci_p10,Kyrgyzstan,吉爾吉斯,280.06293,75,91,82.2
2025,sci_p10,Cyprus,賽普勒斯,275.81448,76,91,83.3
2025,sci_p10,Armenia,亞美尼亞,275.41538,77,91,84.4
2025,sci_p10,Kosovo,科索沃,272.53263,78,91,85.6
2025,sci_p10,Palestinian Authority,巴勒斯坦,270.16642,79,91,86.7
2025,sci_p10,Philippines,菲律賓,270.11012,80,91,87.8
2025,sci_p10,Kurdistan Region (Iraq),伊拉克庫德斯坦,269.96201,81,91,88.9
2025,sci_p10,Morocco,摩洛哥,267.95831,82,91,90.0
2025,sci_p10,Dominican Republic,多明尼加,267.07726,83,91,91.1
2025,sci_p10,North Macedonia,北馬其頓,266.06004,84,91,92.2
2025,sci_p10,Guatemala,瓜地馬拉,261.13443,85,91,93.3
2025,sci_p10,Dushanbe (Tajikistan),杜尚別（塔吉克）,257.82036,86,91,94.4
2025,sci_p10,Paraguay,巴拉圭,256.06843,87,91,95.6
2025,sci_p10,Lebanon,黎巴嫩,250.50773,88,91,96.7
2025,sci_p10,Kenya,肯亞,243.24851,89,91,97.8
2025,sci_p10,Rwanda,盧安達,234.14877,90,91,98.9
2025,sci_p10,Zambia,尚比亞,213.828,91,91,100.0
2025,sci_p90,B-S-J-Z (China),中國四省市,704.97607,1,91,0.0
2025,sci_p90,Singapore,新加坡,686.62897,2,91,1.1
2025,sci_p90,Chinese Taipei,臺灣,672.03983,3,91,2.2
2025,sci_p90,Japan,日本,661.37903,4,91,3.3
2025,sci_p90,Korea,韓國,653.75339,5,91,4.4
2025,sci_p90,New Zealand,紐西蘭,650.32347,6,91,5.6
2025,sci_p90,Macao (China),澳門,649.7963,7,91,6.7
2025,sci_p90,United States,美國,649.31593,8,91,7.8
2025,sci_p90,United Kingdom,英國,646.48107,9,91,8.9
2025,sci_p90,Australia,澳洲,643.02002,10,91,10.0
2025,sci_p90,Estonia,愛沙尼亞,639.52543,11,91,11.1
2025,sci_p90,Finland,芬蘭,638.11448,12,91,12.2
2025,sci_p90,Canada,加拿大,636.25856,13,91,13.3
2025,sci_p90,Switzerland,瑞士,634.21665,14,91,14.4
2025,sci_p90,Germany,德國,630.06331,15,91,15.6
2025,sci_p90,Hong Kong (China),香港,628.05078,16,91,16.7
2025,sci_p90,Austria,奧地利,627.69855,17,91,17.8
2025,sci_p90,Netherlands,荷蘭,626.28275,18,91,18.9
2025,sci_p90,Sweden,瑞典,625.86544,19,91,20.0
2025,sci_p90,Luxembourg,盧森堡,624.54848,20,91,21.1
2025,sci_p90,Ireland,愛爾蘭,619.246,21,91,22.2
2025,sci_p90,Poland,波蘭,618.97967,22,91,23.3
2025,sci_p90,Belgium,比利時,618.69455,23,91,24.4
2025,sci_p90,Türkiye,土耳其,618.58139,24,91,25.6
2025,sci_p90,Czechia,捷克,616.24568,25,91,26.7
2025,sci_p90,France,法國,614.89758,26,91,27.8
2025,sci_p90,Slovenia,斯洛維尼亞,613.88305,27,91,28.9
2025,sci_p90,Portugal,葡萄牙,607.50042,28,91,30.0
2025,sci_p90,Norway,挪威,603.71767,29,91,31.1
2025,sci_p90,Slovak Republic,斯洛伐克,603.06264,30,91,32.2
2025,sci_p90,United Arab Emirates,阿聯,602.81599,31,91,33.3
2025,sci_p90,Lithuania,立陶宛,601.82694,32,91,34.4
2025,sci_p90,Hungary,匈牙利,601.65842,33,91,35.6
2025,sci_p90,Italy,義大利,600.78178,34,91,36.7
2025,sci_p90,Croatia,克羅埃西亞,600.20718,35,91,37.8
2025,sci_p90,Denmark,丹麥,599.64684,36,91,38.9
2025,sci_p90,Malta,馬爾他,597.00131,37,91,40.0
2025,sci_p90,Spain,西班牙,596.56716,38,91,41.1
2025,sci_p90,Latvia,拉脫維亞,591.93318,39,91,42.2
2025,sci_p90,Israel,以色列,587.75309,40,91,43.3
2025,sci_p90,Mauritius,模里西斯,572.34981,41,91,44.4
2025,sci_p90,Iceland,冰島,570.78503,42,91,45.6
2025,sci_p90,Qatar,卡達,570.69951,43,91,46.7
2025,sci_p90,Ukrainian regions (17 of 27),烏克蘭（17區）,566.60675,44,91,47.8
2025,sci_p90,Brunei Darussalam,汶萊,563.6829,45,91,48.9
2025,sci_p90,Viet Nam,越南,563.2409,46,91,50.0
2025,sci_p90,Bulgaria,保加利亞,562.82858,47,91,51.1
2025,sci_p90,Uruguay,烏拉圭,560.23741,48,91,52.2
2025,sci_p90,Romania,羅馬尼亞,559.04286,49,91,53.3
2025,sci_p90,Chile,智利,558.24255,50,91,54.4
2025,sci_p90,Greece,希臘,557.23296,51,91,55.6
2025,sci_p90,Cyprus,賽普勒斯,557.16364,52,91,56.7
2025,sci_p90,Montenegro,蒙特內哥羅,550.12571,53,91,57.8
2025,sci_p90,Serbia,塞爾維亞,548.92228,54,91,58.9
2025,sci_p90,Thailand,泰國,540.67342,55,91,60.0
2025,sci_p90,Albania,阿爾巴尼亞,538.08772,56,91,61.1
2025,sci_p90,Moldova,摩爾多瓦,537.49994,57,91,62.2
2025,sci_p90,Brazil,巴西,535.4604,58,91,63.3
2025,sci_p90,Colombia,哥倫比亞,534.30676,59,91,64.4
2025,sci_p90,Georgia,喬治亞,533.50102,60,91,65.6
2025,sci_p90,Azerbaijan,亞塞拜然,530.75819,61,91,66.7
2025,sci_p90,Mongolia,蒙古,529.01784,62,91,67.8
2025,sci_p90,Costa Rica,哥斯大黎加,528.34847,63,91,68.9
2025,sci_p90,Uzbekistan,烏茲別克,527.81485,64,91,70.0
2025,sci_p90,Kazakhstan,哈薩克,525.06158,65,91,71.1
2025,sci_p90,Malaysia,馬來西亞,524.65167,66,91,72.2
2025,sci_p90,Saudi Arabia,沙烏地阿拉伯,519.58029,67,91,73.3
2025,sci_p90,Argentina,阿根廷,515.54883,68,91,74.4
2025,sci_p90,Mexico,墨西哥,512.62111,69,91,75.6
2025,sci_p90,Peru,秘魯,510.68546,70,91,76.7
2025,sci_p90,Jordan,約旦,510.39289,71,91,77.8
2025,sci_p90,Lebanon,黎巴嫩,507.48639,72,91,78.9
2025,sci_p90,Zambia,尚比亞,497.36111,73,91,80.0
2025,sci_p90,North Macedonia,北馬其頓,495.98581,74,91,81.1
2025,sci_p90,Ecuador,厄瓜多,494.83179,75,91,82.2
2025,sci_p90,Philippines,菲律賓,492.38564,76,91,83.3
2025,sci_p90,El Salvador,薩爾瓦多,488.72282,77,91,84.4
2025,sci_p90,Indonesia,印尼,477.6201,78,91,85.6
2025,sci_p90,Armenia,亞美尼亞,466.40198,79,91,86.7
2025,sci_p90,Dominican Republic,多明尼加,465.40153,80,91,87.8
2025,sci_p90,Cambodia,柬埔寨,464.21611,81,91,88.9
2025,sci_p90,Paraguay,巴拉圭,463.68434,82,91,90.0
2025,sci_p90,Morocco,摩洛哥,458.79877,83,91,91.1
2025,sci_p90,Kyrgyzstan,吉爾吉斯,455.66182,84,91,92.2
2025,sci_p90,Palestinian Authority,巴勒斯坦,452.71867,85,91,93.3
2025,sci_p90,Guatemala,瓜地馬拉,449.77346,86,91,94.4
2025,sci_p90,Kosovo,科索沃,447.67105,87,91,95.6
2025,sci_p90,Kenya,肯亞,437.62314,88,91,96.7
2025,sci_p90,Kurdistan Region (Iraq),伊拉克庫德斯坦,437.17378,89,91,97.8
2025,sci_p90,Rwanda,盧安達,428.2976,90,91,98.9
2025,sci_p90,Dushanbe (Tajikistan),杜尚別（塔吉克）,418.38462,91,91,100.0
2025,sci_rural,B-S-J-Z (China),中國四省市,521.37995,1,75,0.0
2025,sci_rural,Belgium,比利時,514.523,2,75,1.4
2025,sci_rural,Estonia,愛沙尼亞,511.93783,3,75,2.7
2025,sci_rural,Korea,韓國,508.5958,4,75,4.1
2025,sci_rural,New Zealand,紐西蘭,505.90879,5,75,5.4
2025,sci_rural,United Kingdom,英國,504.65524,6,75,6.8
2025,sci_rural,United States,美國,498.48894,7,75,8.1
2025,sci_rural,Finland,芬蘭,493.52179,8,75,9.5
2025,sci_rural,Hong Kong (China),香港,490.14139,9,75,10.8
2025,sci_rural,Ireland,愛爾蘭,487.96711,10,75,12.2
2025,sci_rural,Australia,澳洲,486.75562,11,75,13.5
2025,sci_rural,Canada,加拿大,480.87974,12,75,14.9
2025,sci_rural,Spain,西班牙,479.69276,13,75,16.2
2025,sci_rural,Sweden,瑞典,476.60516,14,75,17.6
2025,sci_rural,Austria,奧地利,474.11217,15,75,18.9
2025,sci_rural,Slovenia,斯洛維尼亞,474.09651,16,75,20.3
2025,sci_rural,Italy,義大利,472.76682,17,75,21.6
2025,sci_rural,France,法國,469.49391,18,75,23.0
2025,sci_rural,Portugal,葡萄牙,469.0635,19,75,24.3
2025,sci_rural,Switzerland,瑞士,468.6264,20,75,25.7
2025,sci_rural,Czechia,捷克,461.08547,21,75,27.0
2025,sci_rural,Denmark,丹麥,459.54182,22,75,28.4
2025,sci_rural,Chinese Taipei,臺灣,453.92966,23,75,29.7
2025,sci_rural,Germany,德國,451.93049,24,75,31.1
2025,sci_rural,Latvia,拉脫維亞,450.45494,25,75,32.4
2025,sci_rural,Norway,挪威,450.38876,26,75,33.8
2025,sci_rural,Lithuania,立陶宛,443.90449,27,75,35.1
2025,sci_rural,Viet Nam,越南,440.0798,28,75,36.5
2025,sci_rural,Uzbekistan,烏茲別克,431.7237,29,75,37.8
2025,sci_rural,Iceland,冰島,430.88065,30,75,39.2
2025,sci_rural,United Arab Emirates,阿聯,430.24097,31,75,40.5
2025,sci_rural,Cyprus,賽普勒斯,423.3896,32,75,41.9
2025,sci_rural,Croatia,克羅埃西亞,419.66679,33,75,43.2
2025,sci_rural,Israel,以色列,417.01854,34,75,44.6
2025,sci_rural,Poland,波蘭,416.30524,35,75,45.9
2025,sci_rural,Slovak Republic,斯洛伐克,414.4974,36,75,47.3
2025,sci_rural,Ukrainian regions (17 of 27),烏克蘭（17區）,413.15467,37,75,48.6
2025,sci_rural,Uruguay,烏拉圭,411.5227,38,75,50.0
2025,sci_rural,Costa Rica,哥斯大黎加,407.82908,39,75,51.4
2025,sci_rural,Brunei Darussalam,汶萊,407.52119,40,75,52.7
2025,sci_rural,Malaysia,馬來西亞,404.42664,41,75,54.1
2025,sci_rural,Georgia,喬治亞,404.28548,42,75,55.4
2025,sci_rural,Kazakhstan,哈薩克,399.91057,43,75,56.8
2025,sci_rural,Jordan,約旦,399.12089,44,75,58.1
2025,sci_rural,Greece,希臘,398.84171,45,75,59.5
2025,sci_rural,Albania,阿爾巴尼亞,397.98734,46,75,60.8
2025,sci_rural,Thailand,泰國,397.44651,47,75,62.2
2025,sci_rural,Mongolia,蒙古,394.19741,48,75,63.5
2025,sci_rural,Moldova,摩爾多瓦,389.45076,49,75,64.9
2025,sci_rural,Hungary,匈牙利,379.24281,50,75,66.2
2025,sci_rural,Peru,秘魯,376.72728,51,75,67.6
2025,sci_rural,Colombia,哥倫比亞,376.07115,52,75,68.9
2025,sci_rural,Saudi Arabia,沙烏地阿拉伯,375.93488,53,75,70.3
2025,sci_rural,Argentina,阿根廷,373.6422,54,75,71.6
2025,sci_rural,Qatar,卡達,370.28819,55,75,73.0
2025,sci_rural,Ecuador,厄瓜多,368.0368,56,75,74.3
2025,sci_rural,Bulgaria,保加利亞,367.31206,57,75,75.7
2025,sci_rural,Mexico,墨西哥,366.08204,58,75,77.0
2025,sci_rural,Indonesia,印尼,364.09327,59,75,78.4
2025,sci_rural,Azerbaijan,亞塞拜然,356.53281,60,75,79.7
2025,sci_rural,El Salvador,薩爾瓦多,354.8915,61,75,81.1
2025,sci_rural,Brazil,巴西,354.74677,62,75,82.4
2025,sci_rural,Palestinian Authority,巴勒斯坦,353.44296,63,75,83.8
2025,sci_rural,Armenia,亞美尼亞,347.06081,64,75,85.1
2025,sci_rural,Morocco,摩洛哥,343.41111,65,75,86.5
2025,sci_rural,Dominican Republic,多明尼加,341.221,66,75,87.8
2025,sci_rural,Kyrgyzstan,吉爾吉斯,336.09538,67,75,89.2
2025,sci_rural,Kosovo,科索沃,335.91281,68,75,90.5
2025,sci_rural,Romania,羅馬尼亞,334.90791,69,75,91.9
2025,sci_rural,Lebanon,黎巴嫩,331.90982,70,75,93.2
2025,sci_rural,Philippines,菲律賓,331.49857,71,75,94.6
2025,sci_rural,North Macedonia,北馬其頓,321.89915,72,75,95.9
2025,sci_rural,Kenya,肯亞,316.40449,73,75,97.3
2025,sci_rural,Paraguay,巴拉圭,315.76156,74,75,98.6
2025,sci_rural,Guatemala,瓜地馬拉,307.18508,75,75,100.0
2025,sci_sd,United States,美國,114.29363,1,91,0.0
2025,sci_sd,Luxembourg,盧森堡,113.33079,2,91,1.1
2025,sci_sd,Israel,以色列,111.34369,3,91,2.2
2025,sci_sd,United Arab Emirates,阿聯,109.93992,4,91,3.3
2025,sci_sd,Germany,德國,109.25992,5,91,4.4
2025,sci_sd,Netherlands,荷蘭,109.24038,6,91,5.6
2025,sci_sd,Cyprus,賽普勒斯,108.87106,7,91,6.7
2025,sci_sd,Malta,馬爾他,108.23613,8,91,7.8
2025,sci_sd,New Zealand,紐西蘭,107.82238,9,91,8.9
2025,sci_sd,Sweden,瑞典,107.81442,10,91,10.0
2025,sci_sd,Chinese Taipei,臺灣,107.46699,11,91,11.1
2025,sci_sd,Zambia,尚比亞,106.72863,12,91,12.2
2025,sci_sd,Bulgaria,保加利亞,106.2921,13,91,13.3
2025,sci_sd,Singapore,新加坡,105.27781,14,91,14.4
2025,sci_sd,Finland,芬蘭,104.93994,15,91,15.6
2025,sci_sd,Australia,澳洲,104.74703,16,91,16.7
2025,sci_sd,Korea,韓國,104.04034,17,91,17.8
2025,sci_sd,France,法國,103.73188,18,91,18.9
2025,sci_sd,United Kingdom,英國,103.63938,19,91,20.0
2025,sci_sd,Switzerland,瑞士,103.18818,20,91,21.1
2025,sci_sd,Hong Kong (China),香港,102.91343,21,91,22.2
2025,sci_sd,Norway,挪威,102.16785,22,91,23.3
2025,sci_sd,Belgium,比利時,101.81921,23,91,24.4
2025,sci_sd,Mauritius,模里西斯,101.68246,24,91,25.6
2025,sci_sd,Austria,奧地利,101.49115,25,91,26.7
2025,sci_sd,Romania,羅馬尼亞,100.629,26,91,27.8
2025,sci_sd,Slovak Republic,斯洛伐克,100.58197,27,91,28.9
2025,sci_sd,Qatar,卡達,100.29663,28,91,30.0
2025,sci_sd,Slovenia,斯洛維尼亞,100.11283,29,91,31.1
2025,sci_sd,Japan,日本,99.70823,30,91,32.2
2025,sci_sd,Lebanon,黎巴嫩,99.0728,31,91,33.3
2025,sci_sd,Canada,加拿大,98.63443,32,91,34.4
2025,sci_sd,Iceland,冰島,98.01032,33,91,35.6
2025,sci_sd,Portugal,葡萄牙,97.05632,34,91,36.7
2025,sci_sd,Czechia,捷克,96.62857,35,91,37.8
2025,sci_sd,Poland,波蘭,96.60468,36,91,38.9
2025,sci_sd,Denmark,丹麥,95.65865,37,91,40.0
2025,sci_sd,Latvia,拉脫維亞,95.15128,38,91,41.1
2025,sci_sd,Hungary,匈牙利,95.12886,39,91,42.2
2025,sci_sd,Croatia,克羅埃西亞,94.67304,40,91,43.3
2025,sci_sd,Türkiye,土耳其,94.4827,41,91,44.4
2025,sci_sd,Brazil,巴西,93.68815,42,91,45.6
2025,sci_sd,Spain,西班牙,93.27608,43,91,46.7
2025,sci_sd,Ireland,愛爾蘭,93.09208,44,91,47.8
2025,sci_sd,Brunei Darussalam,汶萊,92.61426,45,91,48.9
2025,sci_sd,Greece,希臘,92.3898,46,91,50.0
2025,sci_sd,Italy,義大利,91.72143,47,91,51.1
2025,sci_sd,Argentina,阿根廷,91.7028,48,91,52.2
2025,sci_sd,Ukrainian regions (17 of 27),烏克蘭（17區）,91.02413,49,91,53.3
2025,sci_sd,Serbia,塞爾維亞,90.59565,50,91,54.4
2025,sci_sd,Azerbaijan,亞塞拜然,90.52832,51,91,55.6
2025,sci_sd,Colombia,哥倫比亞,89.65032,52,91,56.7
2025,sci_sd,North Macedonia,北馬其頓,88.85924,53,91,57.8
2025,sci_sd,Lithuania,立陶宛,88.78599,54,91,58.9
2025,sci_sd,Estonia,愛沙尼亞,88.43502,55,91,60.0
2025,sci_sd,B-S-J-Z (China),中國四省市,87.81097,56,91,61.1
2025,sci_sd,Montenegro,蒙特內哥羅,87.80309,57,91,62.2
2025,sci_sd,Uruguay,烏拉圭,87.70104,58,91,63.3
2025,sci_sd,Macao (China),澳門,87.62309,59,91,64.4
2025,sci_sd,Chile,智利,87.51332,60,91,65.6
2025,sci_sd,Moldova,摩爾多瓦,87.47092,61,91,66.7
2025,sci_sd,Philippines,菲律賓,85.84795,62,91,67.8
2025,sci_sd,Georgia,喬治亞,85.49799,63,91,68.9
2025,sci_sd,Mongolia,蒙古,81.32882,64,91,70.0
2025,sci_sd,Thailand,泰國,81.21342,65,91,71.1
2025,sci_sd,Saudi Arabia,沙烏地阿拉伯,81.07763,66,91,72.2
2025,sci_sd,Viet Nam,越南,80.43012,67,91,73.3
2025,sci_sd,Peru,秘魯,80.305,68,91,74.4
2025,sci_sd,Paraguay,巴拉圭,80.10115,69,91,75.6
2025,sci_sd,Malaysia,馬來西亞,79.89255,70,91,76.7
2025,sci_sd,Jordan,約旦,79.26512,71,91,77.8
2025,sci_sd,Albania,阿爾巴尼亞,78.94861,72,91,78.9
2025,sci_sd,Costa Rica,哥斯大黎加,78.13312,73,91,80.0
2025,sci_sd,Kazakhstan,哈薩克,77.6399,74,91,81.1
2025,sci_sd,El Salvador,薩爾瓦多,76.79119,75,91,82.2
2025,sci_sd,Rwanda,盧安達,76.79013,76,91,83.3
2025,sci_sd,Kenya,肯亞,76.60858,77,91,84.4
2025,sci_sd,Dominican Republic,多明尼加,76.24716,78,91,85.6
2025,sci_sd,Ecuador,厄瓜多,75.84714,79,91,86.7
2025,sci_sd,Armenia,亞美尼亞,75.16743,80,91,87.8
2025,sci_sd,Morocco,摩洛哥,74.95549,81,91,88.9
2025,sci_sd,Mexico,墨西哥,74.62003,82,91,90.0
2025,sci_sd,Guatemala,瓜地馬拉,73.42645,83,91,91.1
2025,sci_sd,Palestinian Authority,巴勒斯坦,70.56568,84,91,92.2
2025,sci_sd,Uzbekistan,烏茲別克,69.72965,85,91,93.3
2025,sci_sd,Kosovo,科索沃,68.66866,86,91,94.4
2025,sci_sd,Kyrgyzstan,吉爾吉斯,68.19452,87,91,95.6
2025,sci_sd,Indonesia,印尼,67.05083,88,91,96.7
2025,sci_sd,Kurdistan Region (Iraq),伊拉克庫德斯坦,64.70232,89,91,97.8
2025,sci_sd,Dushanbe (Tajikistan),杜尚別（塔吉克）,64.22704,90,91,98.9
2025,sci_sd,Cambodia,柬埔寨,63.09634,91,91,100.0
2025,sci_spread,Dushanbe (Tajikistan),杜尚別（塔吉克）,160.56426,1,91,0.0
2025,sci_spread,Cambodia,柬埔寨,162.06141,2,91,1.1
2025,sci_spread,Kurdistan Region (Iraq),伊拉克庫德斯坦,167.21177,3,91,2.2
2025,sci_spread,Indonesia,印尼,172.95006,4,91,3.3
2025,sci_spread,Kosovo,科索沃,175.13842,5,91,4.4
2025,sci_spread,Kyrgyzstan,吉爾吉斯,175.59889,6,91,5.6
2025,sci_spread,Uzbekistan,烏茲別克,177.56545,7,91,6.7
2025,sci_spread,Palestinian Authority,巴勒斯坦,182.55225,8,91,7.8
2025,sci_spread,Guatemala,瓜地馬拉,188.63903,9,91,8.9
2025,sci_spread,Morocco,摩洛哥,190.84046,10,91,10.0
2025,sci_spread,Armenia,亞美尼亞,190.98661,11,91,11.1
2025,sci_spread,Mexico,墨西哥,192.85858,12,91,12.2
2025,sci_spread,Rwanda,盧安達,194.14883,13,91,13.3
2025,sci_spread,Kenya,肯亞,194.37463,14,91,14.4
2025,sci_spread,Ecuador,厄瓜多,195.86814,15,91,15.6
2025,sci_spread,El Salvador,薩爾瓦多,198.02523,16,91,16.7
2025,sci_spread,Dominican Republic,多明尼加,198.32427,17,91,17.8
2025,sci_spread,Kazakhstan,哈薩克,200.92204,18,91,18.9
2025,sci_spread,Costa Rica,哥斯大黎加,203.37505,19,91,20.0
2025,sci_spread,Jordan,約旦,205.38917,20,91,21.1
2025,sci_spread,Albania,阿爾巴尼亞,205.64594,21,91,22.2
2025,sci_spread,Peru,秘魯,207.59206,22,91,23.3
2025,sci_spread,Paraguay,巴拉圭,207.61591,23,91,24.4
2025,sci_spread,Malaysia,馬來西亞,207.7318,24,91,25.6
2025,sci_spread,Viet Nam,越南,208.75804,25,91,26.7
2025,sci_spread,Saudi Arabia,沙烏地阿拉伯,209.14315,26,91,27.8
2025,sci_spread,Mongolia,蒙古,210.05345,27,91,28.9
2025,sci_spread,Thailand,泰國,210.49696,28,91,30.0
2025,sci_spread,Georgia,喬治亞,220.2578,29,91,31.1
2025,sci_spread,Philippines,菲律賓,222.27553,30,91,32.2
2025,sci_spread,B-S-J-Z (China),中國四省市,223.04141,31,91,33.3
2025,sci_spread,Moldova,摩爾多瓦,226.09335,32,91,34.4
2025,sci_spread,Macao (China),澳門,226.7075,33,91,35.6
2025,sci_spread,Montenegro,蒙特內哥羅,227.90329,34,91,36.7
2025,sci_spread,Chile,智利,228.29259,35,91,37.8
2025,sci_spread,Uruguay,烏拉圭,229.55675,36,91,38.9
2025,sci_spread,Estonia,愛沙尼亞,229.68326,37,91,40.0
2025,sci_spread,North Macedonia,北馬其頓,229.92577,38,91,41.1
2025,sci_spread,Lithuania,立陶宛,231.27083,39,91,42.2
2025,sci_spread,Colombia,哥倫比亞,233.13565,40,91,43.3
2025,sci_spread,Argentina,阿根廷,235.39536,41,91,44.4
2025,sci_spread,Azerbaijan,亞塞拜然,236.07256,42,91,45.6
2025,sci_spread,Serbia,塞爾維亞,236.13093,43,91,46.7
2025,sci_spread,Ukrainian regions (17 of 27),烏克蘭（17區）,236.89335,44,91,47.8
2025,sci_spread,Italy,義大利,240.33054,45,91,48.9
2025,sci_spread,Greece,希臘,241.51278,46,91,50.0
2025,sci_spread,Ireland,愛爾蘭,242.78624,47,91,51.1
2025,sci_spread,Spain,西班牙,244.10063,48,91,52.2
2025,sci_spread,Brazil,巴西,244.45713,49,91,53.3
2025,sci_spread,Brunei Darussalam,汶萊,244.60619,50,91,54.4
2025,sci_spread,Türkiye,土耳其,247.85899,51,91,55.6
2025,sci_spread,Denmark,丹麥,248.50522,52,91,56.7
2025,sci_spread,Hungary,匈牙利,249.27209,53,91,57.8
2025,sci_spread,Croatia,克羅埃西亞,249.5066,54,91,58.9
2025,sci_spread,Latvia,拉脫維亞,250.53753,55,91,60.0
2025,sci_spread,Poland,波蘭,253.33784,56,91,61.1
2025,sci_spread,Czechia,捷克,253.7841,57,91,62.2
2025,sci_spread,Portugal,葡萄牙,254.16051,58,91,63.3
2025,sci_spread,Iceland,冰島,256.45556,59,91,64.4
2025,sci_spread,Lebanon,黎巴嫩,256.97866,60,91,65.6
2025,sci_spread,Canada,加拿大,257.61108,61,91,66.7
2025,sci_spread,Japan,日本,260.40435,62,91,67.8
2025,sci_spread,Slovenia,斯洛維尼亞,261.90259,63,91,68.9
2025,sci_spread,Slovak Republic,斯洛伐克,262.64793,64,91,70.0
2025,sci_spread,Romania,羅馬尼亞,262.79791,65,91,71.1
2025,sci_spread,Qatar,卡達,263.84715,66,91,72.2
2025,sci_spread,Hong Kong (China),香港,267.54865,67,91,73.3
2025,sci_spread,Austria,奧地利,268.12558,68,91,74.4
2025,sci_spread,Norway,挪威,268.6099,69,91,75.6
2025,sci_spread,Mauritius,模里西斯,268.87849,70,91,76.7
2025,sci_spread,Korea,韓國,269.69177,71,91,77.8
2025,sci_spread,Belgium,比利時,269.73642,72,91,78.9
2025,sci_spread,France,法國,272.45987,73,91,80.0
2025,sci_spread,Switzerland,瑞士,272.47211,74,91,81.1
2025,sci_spread,United Kingdom,英國,272.68148,75,91,82.2
2025,sci_spread,Finland,芬蘭,274.83553,76,91,83.3
2025,sci_spread,Australia,澳洲,275.11246,77,91,84.4
2025,sci_spread,Singapore,新加坡,276.03039,78,91,85.6
2025,sci_spread,Bulgaria,保加利亞,278.47977,79,91,86.7
2025,sci_spread,Cyprus,賽普勒斯,281.34917,80,91,87.8
2025,sci_spread,Chinese Taipei,臺灣,281.35108,81,91,88.9
2025,sci_spread,Zambia,尚比亞,283.53312,82,91,90.0
2025,sci_spread,New Zealand,紐西蘭,283.91428,83,91,91.1
2025,sci_spread,Sweden,瑞典,283.92699,84,91,92.2
2025,sci_spread,Malta,馬爾他,284.01934,85,91,93.3
2025,sci_spread,Netherlands,荷蘭,288.13358,86,91,94.4
2025,sci_spread,Germany,德國,288.51248,87,91,95.6
2025,sci_spread,United Arab Emirates,阿聯,288.85132,88,91,96.7
2025,sci_spread,Israel,以色列,289.6245,89,91,97.8
2025,sci_spread,United States,美國,297.92082,90,91,98.9
2025,sci_spread,Luxembourg,盧森堡,298.97098,91,91,100.0
2025,sub_enquiry,B-S-J-Z (China),中國四省市,600.04897,1,85,0.0
2025,sub_enquiry,Singapore,新加坡,556.81257,2,85,1.2
2025,sub_enquiry,Macao (China),澳門,544.04597,3,85,2.4
2025,sub_enquiry,Chinese Taipei,臺灣,539.66603,4,85,3.6
2025,sub_enquiry,Japan,日本,537.76579,5,85,4.8
2025,sub_enquiry,Estonia,愛沙尼亞,530.0216,6,85,6.0
2025,sub_enquiry,Korea,韓國,524.87297,7,85,7.1
2025,sub_enquiry,United Kingdom,英國,508.17746,8,85,8.3
2025,sub_enquiry,New Zealand,紐西蘭,506.12782,9,85,9.5
2025,sub_enquiry,Canada,加拿大,505.93587,10,85,10.7
2025,sub_enquiry,Australia,澳洲,504.03392,11,85,11.9
2025,sub_enquiry,Switzerland,瑞士,500.57616,12,85,13.1
2025,sub_enquiry,Finland,芬蘭,500.14678,13,85,14.3
2025,sub_enquiry,Austria,奧地利,497.92536,14,85,15.5
2025,sub_enquiry,Türkiye,土耳其,497.22715,15,85,16.7
2025,sub_enquiry,Hong Kong (China),香港,496.68834,16,85,17.9
2025,sub_enquiry,Ireland,愛爾蘭,496.56981,17,85,19.0
2025,sub_enquiry,Poland,波蘭,495.29519,18,85,20.2
2025,sub_enquiry,United States,美國,495.20166,19,85,21.4
2025,sub_enquiry,Belgium,比利時,492.93171,20,85,22.6
2025,sub_enquiry,Czechia,捷克,491.51419,21,85,23.8
2025,sub_enquiry,Lithuania,立陶宛,487.34098,22,85,25.0
2025,sub_enquiry,Germany,德國,485.93139,23,85,26.2
2025,sub_enquiry,Netherlands,荷蘭,485.70543,24,85,27.4
2025,sub_enquiry,Italy,義大利,484.47305,25,85,28.6
2025,sub_enquiry,Slovenia,斯洛維尼亞,482.93563,26,85,29.8
2025,sub_enquiry,France,法國,482.93198,27,85,31.0
2025,sub_enquiry,Portugal,葡萄牙,482.1661,28,85,32.1
2025,sub_enquiry,Sweden,瑞典,482.13408,29,85,33.3
2025,sub_enquiry,Hungary,匈牙利,480.38123,30,85,34.5
2025,sub_enquiry,Spain,西班牙,477.33599,31,85,35.7
2025,sub_enquiry,Luxembourg,盧森堡,476.47848,32,85,36.9
2025,sub_enquiry,Slovak Republic,斯洛伐克,476.44236,33,85,38.1
2025,sub_enquiry,Denmark,丹麥,475.76225,34,85,39.3
2025,sub_enquiry,Croatia,克羅埃西亞,474.93368,35,85,40.5
2025,sub_enquiry,Norway,挪威,469.8515,36,85,41.7
2025,sub_enquiry,Latvia,拉脫維亞,468.54286,37,85,42.9
2025,sub_enquiry,United Arab Emirates,阿聯,459.13807,38,85,44.0
2025,sub_enquiry,Viet Nam,越南,456.50793,39,85,45.2
2025,sub_enquiry,Malta,馬爾他,448.54303,40,85,46.4
2025,sub_enquiry,Iceland,冰島,445.57496,41,85,47.6
2025,sub_enquiry,Ukrainian regions (17 of 27),烏克蘭（17區）,443.01951,42,85,48.8
2025,sub_enquiry,Brunei Darussalam,汶萊,442.49012,43,85,50.0
2025,sub_enquiry,Uruguay,烏拉圭,442.06434,44,85,51.2
2025,sub_enquiry,Chile,智利,441.46315,45,85,52.4
2025,sub_enquiry,Israel,以色列,440.6511,46,85,53.6
2025,sub_enquiry,Uzbekistan,烏茲別克,435.50202,47,85,54.8
2025,sub_enquiry,Greece,希臘,434.46739,48,85,56.0
2025,sub_enquiry,Montenegro,蒙特內哥羅,434.14927,49,85,57.1
2025,sub_enquiry,Thailand,泰國,433.69205,50,85,58.3
2025,sub_enquiry,Qatar,卡達,433.2629,51,85,59.5
2025,sub_enquiry,Albania,阿爾巴尼亞,432.00611,52,85,60.7
2025,sub_enquiry,Serbia,塞爾維亞,429.07025,53,85,61.9
2025,sub_enquiry,Romania,羅馬尼亞,425.63428,54,85,63.1
2025,sub_enquiry,Moldova,摩爾多瓦,423.25823,55,85,64.3
2025,sub_enquiry,Georgia,喬治亞,423.16466,56,85,65.5
2025,sub_enquiry,Bulgaria,保加利亞,422.41671,57,85,66.7
2025,sub_enquiry,Costa Rica,哥斯大黎加,421.53719,58,85,67.9
2025,sub_enquiry,Mongolia,蒙古,421.22011,59,85,69.0
2025,sub_enquiry,Kazakhstan,哈薩克,420.97726,60,85,70.2
2025,sub_enquiry,Malaysia,馬來西亞,419.67598,61,85,71.4
2025,sub_enquiry,Cyprus,賽普勒斯,415.23978,62,85,72.6
2025,sub_enquiry,Colombia,哥倫比亞,413.15631,63,85,73.8
2025,sub_enquiry,Saudi Arabia,沙烏地阿拉伯,410.75898,64,85,75.0
2025,sub_enquiry,Azerbaijan,亞塞拜然,409.42465,65,85,76.2
2025,sub_enquiry,Mexico,墨西哥,407.70055,66,85,77.4
2025,sub_enquiry,Peru,秘魯,407.23824,67,85,78.6
2025,sub_enquiry,Jordan,約旦,406.94581,68,85,79.8
2025,sub_enquiry,Brazil,巴西,406.54257,69,85,81.0
2025,sub_enquiry,Ecuador,厄瓜多,394.89402,70,85,82.1
2025,sub_enquiry,Indonesia,印尼,394.01023,71,85,83.3
2025,sub_enquiry,Argentina,阿根廷,385.65836,72,85,84.5
2025,sub_enquiry,El Salvador,薩爾瓦多,382.42731,73,85,85.7
2025,sub_enquiry,Lebanon,黎巴嫩,382.25216,74,85,86.9
2025,sub_enquiry,Philippines,菲律賓,382.19822,75,85,88.1
2025,sub_enquiry,North Macedonia,北馬其頓,376.59389,76,85,89.3
2025,sub_enquiry,Kyrgyzstan,吉爾吉斯,370.0959,77,85,90.5
2025,sub_enquiry,Morocco,摩洛哥,369.35585,78,85,91.7
2025,sub_enquiry,Armenia,亞美尼亞,361.81782,79,85,92.9
2025,sub_enquiry,Dominican Republic,多明尼加,360.9467,80,85,94.0
2025,sub_enquiry,Palestinian Authority,巴勒斯坦,360.31851,81,85,95.2
2025,sub_enquiry,Kosovo,科索沃,357.22315,82,85,96.4
2025,sub_enquiry,Paraguay,巴拉圭,355.07141,83,85,97.6
2025,sub_enquiry,Guatemala,瓜地馬拉,349.00732,84,85,98.8
2025,sub_enquiry,Kenya,肯亞,339.72865,85,85,100.0
2025,sub_explain,B-S-J-Z (China),中國四省市,594.50653,1,85,0.0
2025,sub_explain,Singapore,新加坡,558.66157,2,85,1.2
2025,sub_explain,Chinese Taipei,臺灣,544.0946,3,85,2.4
2025,sub_explain,Japan,日本,541.55464,4,85,3.6
2025,sub_explain,Macao (China),澳門,538.54598,5,85,4.8
2025,sub_explain,Korea,韓國,524.98437,6,85,6.0
2025,sub_explain,Estonia,愛沙尼亞,521.47821,7,85,7.1
2025,sub_explain,Canada,加拿大,512.34636,8,85,8.3
2025,sub_explain,United Kingdom,英國,512.28185,9,85,9.5
2025,sub_explain,Australia,澳洲,511.2285,10,85,10.7
2025,sub_explain,New Zealand,紐西蘭,509.18662,11,85,11.9
2025,sub_explain,Finland,芬蘭,506.84355,12,85,13.1
2025,sub_explain,Ireland,愛爾蘭,502.38662,13,85,14.3
2025,sub_explain,United States,美國,500.32055,14,85,15.5
2025,sub_explain,Switzerland,瑞士,499.97341,15,85,16.7
2025,sub_explain,Poland,波蘭,495.59027,16,85,17.9
2025,sub_explain,Austria,奧地利,494.16398,17,85,19.0
2025,sub_explain,Türkiye,土耳其,492.21917,18,85,20.2
2025,sub_explain,Lithuania,立陶宛,491.99441,19,85,21.4
2025,sub_explain,Hong Kong (China),香港,490.35234,20,85,22.6
2025,sub_explain,Czechia,捷克,489.61398,21,85,23.8
2025,sub_explain,Slovenia,斯洛維尼亞,488.37865,22,85,25.0
2025,sub_explain,Germany,德國,484.82316,23,85,26.2
2025,sub_explain,Sweden,瑞典,484.62217,24,85,27.4
2025,sub_explain,Hungary,匈牙利,483.4836,25,85,28.6
2025,sub_explain,Portugal,葡萄牙,483.26952,26,85,29.8
2025,sub_explain,Netherlands,荷蘭,482.33702,27,85,31.0
2025,sub_explain,Italy,義大利,481.32223,28,85,32.1
2025,sub_explain,Belgium,比利時,481.27086,29,85,33.3
2025,sub_explain,France,法國,480.6978,30,85,34.5
2025,sub_explain,Croatia,克羅埃西亞,478.80955,31,85,35.7
2025,sub_explain,Denmark,丹麥,478.79673,32,85,36.9
2025,sub_explain,Spain,西班牙,475.2815,33,85,38.1
2025,sub_explain,Slovak Republic,斯洛伐克,474.71247,34,85,39.3
2025,sub_explain,Norway,挪威,472.88781,35,85,40.5
2025,sub_explain,Luxembourg,盧森堡,468.41838,36,85,41.7
2025,sub_explain,Latvia,拉脫維亞,465.32133,37,85,42.9
2025,sub_explain,Viet Nam,越南,459.77794,38,85,44.0
2025,sub_explain,United Arab Emirates,阿聯,457.24301,39,85,45.2
2025,sub_explain,Malta,馬爾他,456.20995,40,85,46.4
2025,sub_explain,Ukrainian regions (17 of 27),烏克蘭（17區）,455.14886,41,85,47.6
2025,sub_explain,Uruguay,烏拉圭,445.36935,42,85,48.8
2025,sub_explain,Chile,智利,442.32716,43,85,50.0
2025,sub_explain,Israel,以色列,440.80609,44,85,51.2
2025,sub_explain,Albania,阿爾巴尼亞,439.38459,45,85,52.4
2025,sub_explain,Uzbekistan,烏茲別克,438.63095,46,85,53.6
2025,sub_explain,Iceland,冰島,437.00245,47,85,54.8
2025,sub_explain,Brunei Darussalam,汶萊,436.84598,48,85,56.0
2025,sub_explain,Montenegro,蒙特內哥羅,436.80306,49,85,57.1
2025,sub_explain,Qatar,卡達,434.92879,50,85,58.3
2025,sub_explain,Serbia,塞爾維亞,432.962,51,85,59.5
2025,sub_explain,Greece,希臘,430.16916,52,85,60.7
2025,sub_explain,Thailand,泰國,428.07784,53,85,61.9
2025,sub_explain,Costa Rica,哥斯大黎加,426.31793,54,85,63.1
2025,sub_explain,Mongolia,蒙古,425.2044,55,85,64.3
2025,sub_explain,Romania,羅馬尼亞,422.24136,56,85,65.5
2025,sub_explain,Georgia,喬治亞,421.24765,57,85,66.7
2025,sub_explain,Moldova,摩爾多瓦,420.70748,58,85,67.9
2025,sub_explain,Bulgaria,保加利亞,420.367,59,85,69.0
2025,sub_explain,Mexico,墨西哥,419.07529,60,85,70.2
2025,sub_explain,Malaysia,馬來西亞,418.9155,61,85,71.4
2025,sub_explain,Colombia,哥倫比亞,415.63876,62,85,72.6
2025,sub_explain,Kazakhstan,哈薩克,415.41211,63,85,73.8
2025,sub_explain,Saudi Arabia,沙烏地阿拉伯,414.228,64,85,75.0
2025,sub_explain,Brazil,巴西,410.30554,65,85,76.2
2025,sub_explain,Jordan,約旦,406.893,66,85,77.4
2025,sub_explain,Azerbaijan,亞塞拜然,405.23901,67,85,78.6
2025,sub_explain,Cyprus,賽普勒斯,404.1187,68,85,79.8
2025,sub_explain,Peru,秘魯,402.24109,69,85,81.0
2025,sub_explain,Argentina,阿根廷,396.00323,70,85,82.1
2025,sub_explain,Ecuador,厄瓜多,392.04433,71,85,83.3
2025,sub_explain,El Salvador,薩爾瓦多,385.5282,72,85,84.5
2025,sub_explain,Indonesia,印尼,383.89518,73,85,85.7
2025,sub_explain,North Macedonia,北馬其頓,379.27791,74,85,86.9
2025,sub_explain,Armenia,亞美尼亞,372.25365,75,85,88.1
2025,sub_explain,Philippines,菲律賓,361.82864,76,85,89.3
2025,sub_explain,Lebanon,黎巴嫩,360.20166,77,85,90.5
2025,sub_explain,Kosovo,科索沃,356.49778,78,85,91.7
2025,sub_explain,Kyrgyzstan,吉爾吉斯,356.31848,79,85,92.9
2025,sub_explain,Dominican Republic,多明尼加,356.02877,80,85,94.0
2025,sub_explain,Palestinian Authority,巴勒斯坦,355.36005,81,85,95.2
2025,sub_explain,Paraguay,巴拉圭,353.45428,82,85,96.4
2025,sub_explain,Guatemala,瓜地馬拉,352.62058,83,85,97.6
2025,sub_explain,Morocco,摩洛哥,343.40112,84,85,98.8
2025,sub_explain,Kenya,肯亞,333.12573,85,85,100.0
2025,sub_infodecision,B-S-J-Z (China),中國四省市,595.61861,1,85,0.0
2025,sub_infodecision,Singapore,新加坡,566.3221,2,85,1.2
2025,sub_infodecision,Japan,日本,534.42846,3,85,2.4
2025,sub_infodecision,Macao (China),澳門,534.19846,4,85,3.6
2025,sub_infodecision,Chinese Taipei,臺灣,528.26603,5,85,4.8
2025,sub_infodecision,Estonia,愛沙尼亞,527.64616,6,85,6.0
2025,sub_infodecision,Korea,韓國,525.3691,7,85,7.1
2025,sub_infodecision,Australia,澳洲,514.83371,8,85,8.3
2025,sub_infodecision,United Kingdom,英國,514.79531,9,85,9.5
2025,sub_infodecision,New Zealand,紐西蘭,513.08639,10,85,10.7
2025,sub_infodecision,Canada,加拿大,512.00952,11,85,11.9
2025,sub_infodecision,United States,美國,508.80966,12,85,13.1
2025,sub_infodecision,Finland,芬蘭,506.82063,13,85,14.3
2025,sub_infodecision,Ireland,愛爾蘭,501.4457,14,85,15.5
2025,sub_infodecision,Switzerland,瑞士,500.24451,15,85,16.7
2025,sub_infodecision,Hong Kong (China),香港,497.28285,16,85,17.9
2025,sub_infodecision,Austria,奧地利,496.27254,17,85,19.0
2025,sub_infodecision,Belgium,比利時,495.83954,18,85,20.2
2025,sub_infodecision,Netherlands,荷蘭,490.63486,19,85,21.4
2025,sub_infodecision,Poland,波蘭,490.3263,20,85,22.6
2025,sub_infodecision,Sweden,瑞典,488.25177,21,85,23.8
2025,sub_infodecision,France,法國,487.25741,22,85,25.0
2025,sub_infodecision,Türkiye,土耳其,487.12585,23,85,26.2
2025,sub_infodecision,Germany,德國,485.59646,24,85,27.4
2025,sub_infodecision,Czechia,捷克,483.68459,25,85,28.6
2025,sub_infodecision,Italy,義大利,479.00578,26,85,29.8
2025,sub_infodecision,Lithuania,立陶宛,478.91149,27,85,31.0
2025,sub_infodecision,Spain,西班牙,478.15315,28,85,32.1
2025,sub_infodecision,Portugal,葡萄牙,476.74268,29,85,33.3
2025,sub_infodecision,Luxembourg,盧森堡,476.35118,30,85,34.5
2025,sub_infodecision,Slovenia,斯洛維尼亞,474.71983,31,85,35.7
2025,sub_infodecision,Denmark,丹麥,470.04838,32,85,36.9
2025,sub_infodecision,Hungary,匈牙利,469.08887,33,85,38.1
2025,sub_infodecision,Latvia,拉脫維亞,466.80259,34,85,39.3
2025,sub_infodecision,Croatia,克羅埃西亞,466.49299,35,85,40.5
2025,sub_infodecision,Slovak Republic,斯洛伐克,466.24177,36,85,41.7
2025,sub_infodecision,Norway,挪威,463.94176,37,85,42.9
2025,sub_infodecision,United Arab Emirates,阿聯,455.44397,38,85,44.0
2025,sub_infodecision,Malta,馬爾他,452.60595,39,85,45.2
2025,sub_infodecision,Viet Nam,越南,451.14083,40,85,46.4
2025,sub_infodecision,Uruguay,烏拉圭,445.94671,41,85,47.6
2025,sub_infodecision,Israel,以色列,443.64831,42,85,48.8
2025,sub_infodecision,Ukrainian regions (17 of 27),烏克蘭（17區）,443.11467,43,85,50.0
2025,sub_infodecision,Chile,智利,439.76509,44,85,51.2
2025,sub_infodecision,Qatar,卡達,438.05733,45,85,52.4
2025,sub_infodecision,Greece,希臘,437.68103,46,85,53.6
2025,sub_infodecision,Uzbekistan,烏茲別克,433.60417,47,85,54.8
2025,sub_infodecision,Brunei Darussalam,汶萊,432.28264,48,85,56.0
2025,sub_infodecision,Thailand,泰國,428.65349,49,85,57.1
2025,sub_infodecision,Montenegro,蒙特內哥羅,427.64237,50,85,58.3
2025,sub_infodecision,Costa Rica,哥斯大黎加,425.32571,51,85,59.5
2025,sub_infodecision,Iceland,冰島,425.28692,52,85,60.7
2025,sub_infodecision,Albania,阿爾巴尼亞,424.97119,53,85,61.9
2025,sub_infodecision,Romania,羅馬尼亞,422.2041,54,85,63.1
2025,sub_infodecision,Mongolia,蒙古,421.49993,55,85,64.3
2025,sub_infodecision,Saudi Arabia,沙烏地阿拉伯,418.79826,56,85,65.5
2025,sub_infodecision,Kazakhstan,哈薩克,415.5691,57,85,66.7
2025,sub_infodecision,Malaysia,馬來西亞,415.38695,58,85,67.9
2025,sub_infodecision,Serbia,塞爾維亞,414.14307,59,85,69.0
2025,sub_infodecision,Georgia,喬治亞,413.34913,60,85,70.2
2025,sub_infodecision,Moldova,摩爾多瓦,413.14782,61,85,71.4
2025,sub_infodecision,Bulgaria,保加利亞,412.89262,62,85,72.6
2025,sub_infodecision,Mexico,墨西哥,412.83666,63,85,73.8
2025,sub_infodecision,Cyprus,賽普勒斯,411.72712,64,85,75.0
2025,sub_infodecision,Colombia,哥倫比亞,406.90304,65,85,76.2
2025,sub_infodecision,Brazil,巴西,405.17261,66,85,77.4
2025,sub_infodecision,Jordan,約旦,404.10362,67,85,78.6
2025,sub_infodecision,Peru,秘魯,402.72569,68,85,79.8
2025,sub_infodecision,Azerbaijan,亞塞拜然,402.07073,69,85,81.0
2025,sub_infodecision,Argentina,阿根廷,398.29364,70,85,82.1
2025,sub_infodecision,Ecuador,厄瓜多,389.42194,71,85,83.3
2025,sub_infodecision,El Salvador,薩爾瓦多,380.54538,72,85,84.5
2025,sub_infodecision,Indonesia,印尼,380.05547,73,85,85.7
2025,sub_infodecision,Philippines,菲律賓,375.23884,74,85,86.9
2025,sub_infodecision,North Macedonia,北馬其頓,372.3711,75,85,88.1
2025,sub_infodecision,Dominican Republic,多明尼加,367.25915,76,85,89.3
2025,sub_infodecision,Lebanon,黎巴嫩,366.71737,77,85,90.5
2025,sub_infodecision,Armenia,亞美尼亞,363.72704,78,85,91.7
2025,sub_infodecision,Paraguay,巴拉圭,360.3216,79,85,92.9
2025,sub_infodecision,Palestinian Authority,巴勒斯坦,359.40671,80,85,94.0
2025,sub_infodecision,Morocco,摩洛哥,357.05355,81,85,95.2
2025,sub_infodecision,Kyrgyzstan,吉爾吉斯,353.23605,82,85,96.4
2025,sub_infodecision,Kosovo,科索沃,353.16455,83,85,97.6
2025,sub_infodecision,Guatemala,瓜地馬拉,350.86373,84,85,98.8
2025,sub_infodecision,Kenya,肯亞,319.15826,85,85,100.0
2025,teacher_support,Albania,阿爾巴尼亞,0.97042,1,84,0.0
2025,teacher_support,Azerbaijan,亞塞拜然,0.8182,2,84,1.2
2025,teacher_support,Saudi Arabia,沙烏地阿拉伯,0.81801,3,84,2.4
2025,teacher_support,Thailand,泰國,0.74084,4,84,3.6
2025,teacher_support,Uzbekistan,烏茲別克,0.73258,5,84,4.8
2025,teacher_support,Dominican Republic,多明尼加,0.68446,6,84,6.0
2025,teacher_support,Jordan,約旦,0.65646,7,84,7.2
2025,teacher_support,Kazakhstan,哈薩克,0.65474,8,84,8.4
2025,teacher_support,El Salvador,薩爾瓦多,0.64898,9,84,9.6
2025,teacher_support,Guatemala,瓜地馬拉,0.62623,10,84,10.8
2025,teacher_support,B-S-J-Z (China),中國四省市,0.62362,11,84,12.0
2025,teacher_support,Philippines,菲律賓,0.62269,12,84,13.3
2025,teacher_support,Viet Nam,越南,0.60506,13,84,14.5
2025,teacher_support,Armenia,亞美尼亞,0.58772,14,84,15.7
2025,teacher_support,Ecuador,厄瓜多,0.58551,15,84,16.9
2025,teacher_support,Paraguay,巴拉圭,0.57401,16,84,18.1
2025,teacher_support,Indonesia,印尼,0.5425,17,84,19.3
2025,teacher_support,Colombia,哥倫比亞,0.53921,18,84,20.5
2025,teacher_support,Malaysia,馬來西亞,0.51563,19,84,21.7
2025,teacher_support,Costa Rica,哥斯大黎加,0.51513,20,84,22.9
2025,teacher_support,Korea,韓國,0.50909,21,84,24.1
2025,teacher_support,Peru,秘魯,0.47146,22,84,25.3
2025,teacher_support,Palestinian Authority,巴勒斯坦,0.45082,23,84,26.5
2025,teacher_support,Chile,智利,0.44611,24,84,27.7
2025,teacher_support,Singapore,新加坡,0.42924,25,84,28.9
2025,teacher_support,Mexico,墨西哥,0.42705,26,84,30.1
2025,teacher_support,Kenya,肯亞,0.39352,27,84,31.3
2025,teacher_support,United Arab Emirates,阿聯,0.3828,28,84,32.5
2025,teacher_support,Qatar,卡達,0.38269,29,84,33.7
2025,teacher_support,North Macedonia,北馬其頓,0.3825,30,84,34.9
2025,teacher_support,Kosovo,科索沃,0.37158,31,84,36.1
2025,teacher_support,Japan,日本,0.36626,32,84,37.3
2025,teacher_support,Brazil,巴西,0.35102,33,84,38.6
2025,teacher_support,Georgia,喬治亞,0.34772,34,84,39.8
2025,teacher_support,Chinese Taipei,臺灣,0.32642,35,84,41.0
2025,teacher_support,Kyrgyzstan,吉爾吉斯,0.32547,36,84,42.2
2025,teacher_support,Portugal,葡萄牙,0.32231,37,84,43.4
2025,teacher_support,Iceland,冰島,0.31401,38,84,44.6
2025,teacher_support,Brunei Darussalam,汶萊,0.30668,39,84,45.8
2025,teacher_support,Morocco,摩洛哥,0.30214,40,84,47.0
2025,teacher_support,Argentina,阿根廷,0.29709,41,84,48.2
2025,teacher_support,Moldova,摩爾多瓦,0.27626,42,84,49.4
2025,teacher_support,Malta,馬爾他,0.26493,43,84,50.6
2025,teacher_support,Hong Kong (China),香港,0.26431,44,84,51.8
2025,teacher_support,United States,美國,0.26341,45,84,53.0
2025,teacher_support,Australia,澳洲,0.24194,46,84,54.2
2025,teacher_support,Uruguay,烏拉圭,0.22971,47,84,55.4
2025,teacher_support,United Kingdom,英國,0.22506,48,84,56.6
2025,teacher_support,Finland,芬蘭,0.22073,49,84,57.8
2025,teacher_support,Mongolia,蒙古,0.20531,50,84,59.0
2025,teacher_support,Ireland,愛爾蘭,0.18775,51,84,60.2
2025,teacher_support,Ukrainian regions (17 of 27),烏克蘭（17區）,0.1866,52,84,61.4
2025,teacher_support,Montenegro,蒙特內哥羅,0.18191,53,84,62.7
2025,teacher_support,Lebanon,黎巴嫩,0.17412,54,84,63.9
2025,teacher_support,Türkiye,土耳其,0.15766,55,84,65.1
2025,teacher_support,New Zealand,紐西蘭,0.14502,56,84,66.3
2025,teacher_support,Bulgaria,保加利亞,0.13794,57,84,67.5
2025,teacher_support,Macao (China),澳門,0.12773,58,84,68.7
2025,teacher_support,Serbia,塞爾維亞,0.10183,59,84,69.9
2025,teacher_support,Slovak Republic,斯洛伐克,0.09423,60,84,71.1
2025,teacher_support,Sweden,瑞典,0.09402,61,84,72.3
2025,teacher_support,Romania,羅馬尼亞,0.08101,62,84,73.5
2025,teacher_support,Croatia,克羅埃西亞,0.07594,63,84,74.7
2025,teacher_support,Spain,西班牙,0.04911,64,84,75.9
2025,teacher_support,Estonia,愛沙尼亞,0.01414,65,84,77.1
2025,teacher_support,Latvia,拉脫維亞,-0.00491,66,84,78.3
2025,teacher_support,Norway,挪威,-0.02961,67,84,79.5
2025,teacher_support,Hungary,匈牙利,-0.04027,68,84,80.7
2025,teacher_support,Belgium,比利時,-0.04778,69,84,81.9
2025,teacher_support,Denmark,丹麥,-0.06915,70,84,83.1
2025,teacher_support,Israel,以色列,-0.07125,71,84,84.3
2025,teacher_support,Switzerland,瑞士,-0.10368,72,84,85.5
2025,teacher_support,Cyprus,賽普勒斯,-0.11303,73,84,86.7
2025,teacher_support,Italy,義大利,-0.17944,74,84,88.0
2025,teacher_support,France,法國,-0.18272,75,84,89.2
2025,teacher_support,Lithuania,立陶宛,-0.23936,76,84,90.4
2025,teacher_support,Austria,奧地利,-0.25056,77,84,91.6
2025,teacher_support,Luxembourg,盧森堡,-0.25729,78,84,92.8
2025,teacher_support,Germany,德國,-0.28097,79,84,94.0
2025,teacher_support,Greece,希臘,-0.29631,80,84,95.2
2025,teacher_support,Netherlands,荷蘭,-0.31338,81,84,96.4
2025,teacher_support,Slovenia,斯洛維尼亞,-0.41374,82,84,97.6
2025,teacher_support,Czechia,捷克,-0.50505,83,84,98.8
2025,teacher_support,Poland,波蘭,-0.56269,84,84,100.0
2025,truancy,Korea,韓國,3.38355,1,91,0.0
2025,truancy,B-S-J-Z (China),中國四省市,3.75831,2,91,1.1
2025,truancy,Japan,日本,7.07525,3,91,2.2
2025,truancy,Viet Nam,越南,9.88701,4,91,3.3
2025,truancy,Chinese Taipei,臺灣,10.58151,5,91,4.4
2025,truancy,Czechia,捷克,12.33147,6,91,5.6
2025,truancy,Hong Kong (China),香港,13.65125,7,91,6.7
2025,truancy,Macao (China),澳門,14.22343,8,91,7.8
2025,truancy,Slovak Republic,斯洛伐克,14.3659,9,91,8.9
2025,truancy,Portugal,葡萄牙,14.67543,10,91,10.0
2025,truancy,Singapore,新加坡,14.84845,11,91,11.1
2025,truancy,Hungary,匈牙利,16.89013,12,91,12.2
2025,truancy,Chile,智利,18.53953,13,91,13.3
2025,truancy,Belgium,比利時,19.68202,14,91,14.4
2025,truancy,Cambodia,柬埔寨,20.53663,15,91,15.6
2025,truancy,Croatia,克羅埃西亞,20.55198,16,91,16.7
2025,truancy,Switzerland,瑞士,20.93728,17,91,17.8
2025,truancy,Malaysia,馬來西亞,21.37816,18,91,18.9
2025,truancy,Indonesia,印尼,21.95191,19,91,20.0
2025,truancy,Germany,德國,22.03312,20,91,21.1
2025,truancy,Sweden,瑞典,22.96102,21,91,22.2
2025,truancy,Philippines,菲律賓,23.37907,22,91,23.3
2025,truancy,Thailand,泰國,23.44678,23,91,24.4
2025,truancy,Luxembourg,盧森堡,23.55958,24,91,25.6
2025,truancy,Iceland,冰島,23.98122,25,91,26.7
2025,truancy,Finland,芬蘭,24.21545,26,91,27.8
2025,truancy,Netherlands,荷蘭,25.22517,27,91,28.9
2025,truancy,Uruguay,烏拉圭,25.3634,28,91,30.0
2025,truancy,Austria,奧地利,26.79115,29,91,31.1
2025,truancy,Norway,挪威,27.7697,30,91,32.2
2025,truancy,Argentina,阿根廷,28.17082,31,91,33.3
2025,truancy,Mexico,墨西哥,28.88354,32,91,34.4
2025,truancy,France,法國,32.14287,33,91,35.6
2025,truancy,Slovenia,斯洛維尼亞,33.84859,34,91,36.7
2025,truancy,United Kingdom,英國,33.89012,35,91,37.8
2025,truancy,Mongolia,蒙古,34.01917,36,91,38.9
2025,truancy,Latvia,拉脫維亞,34.79643,37,91,40.0
2025,truancy,Serbia,塞爾維亞,35.61672,38,91,41.1
2025,truancy,Jordan,約旦,35.75417,39,91,42.2
2025,truancy,Kazakhstan,哈薩克,36.14609,40,91,43.3
2025,truancy,Colombia,哥倫比亞,36.27684,41,91,44.4
2025,truancy,Lithuania,立陶宛,36.27779,42,91,45.6
2025,truancy,Cyprus,賽普勒斯,36.51729,43,91,46.7
2025,truancy,Estonia,愛沙尼亞,37.50702,44,91,47.8
2025,truancy,Brunei Darussalam,汶萊,37.81915,45,91,48.9
2025,truancy,Ecuador,厄瓜多,38.54345,46,91,50.0
2025,truancy,Albania,阿爾巴尼亞,39.18825,47,91,51.1
2025,truancy,New Zealand,紐西蘭,40.52187,48,91,52.2
2025,truancy,United Arab Emirates,阿聯,40.995,49,91,53.3
2025,truancy,Denmark,丹麥,41.26248,50,91,54.4
2025,truancy,Moldova,摩爾多瓦,41.929,51,91,55.6
2025,truancy,Zambia,尚比亞,42.15529,52,91,56.7
2025,truancy,United States,美國,43.48078,53,91,57.8
2025,truancy,El Salvador,薩爾瓦多,44.22058,54,91,58.9
2025,truancy,Uzbekistan,烏茲別克,44.90827,55,91,60.0
2025,truancy,Canada,加拿大,45.93552,56,91,61.1
2025,truancy,Peru,秘魯,46.32551,57,91,62.2
2025,truancy,Mauritius,模里西斯,47.11479,58,91,63.3
2025,truancy,Dushanbe (Tajikistan),杜尚別（塔吉克）,47.61959,59,91,64.4
2025,truancy,Romania,羅馬尼亞,48.0737,60,91,65.6
2025,truancy,Spain,西班牙,48.74337,61,91,66.7
2025,truancy,Kurdistan Region (Iraq),伊拉克庫德斯坦,49.73218,62,91,67.8
2025,truancy,Kenya,肯亞,49.96718,63,91,68.9
2025,truancy,Australia,澳洲,50.57549,64,91,70.0
2025,truancy,Malta,馬爾他,50.92931,65,91,71.1
2025,truancy,Poland,波蘭,50.97067,66,91,72.2
2025,truancy,Lebanon,黎巴嫩,51.12776,67,91,73.3
2025,truancy,North Macedonia,北馬其頓,51.22021,68,91,74.4
2025,truancy,Ireland,愛爾蘭,52.21412,69,91,75.6
2025,truancy,Rwanda,盧安達,54.04104,70,91,76.7
2025,truancy,Guatemala,瓜地馬拉,54.0442,71,91,77.8
2025,truancy,Israel,以色列,55.16099,72,91,78.9
2025,truancy,Azerbaijan,亞塞拜然,55.40805,73,91,80.0
2025,truancy,Greece,希臘,57.17835,74,91,81.1
2025,truancy,Montenegro,蒙特內哥羅,57.31958,75,91,82.2
2025,truancy,Bulgaria,保加利亞,57.45837,76,91,83.3
2025,truancy,Kyrgyzstan,吉爾吉斯,57.90219,77,91,84.4
2025,truancy,Palestinian Authority,巴勒斯坦,59.53507,78,91,85.6
2025,truancy,Türkiye,土耳其,62.81982,79,91,86.7
2025,truancy,Qatar,卡達,64.23941,80,91,87.8
2025,truancy,Dominican Republic,多明尼加,64.25943,81,91,88.9
2025,truancy,Costa Rica,哥斯大黎加,67.64362,82,91,90.0
2025,truancy,Morocco,摩洛哥,68.13634,83,91,91.1
2025,truancy,Brazil,巴西,69.25728,84,91,92.2
2025,truancy,Saudi Arabia,沙烏地阿拉伯,69.58646,85,91,93.3
2025,truancy,Kosovo,科索沃,71.58799,86,91,94.4
2025,truancy,Armenia,亞美尼亞,72.08114,87,91,95.6
2025,truancy,Italy,義大利,72.6972,88,91,96.7
2025,truancy,Ukrainian regions (17 of 27),烏克蘭（17區）,72.71451,89,91,97.8
2025,truancy,Paraguay,巴拉圭,74.06218,90,91,98.9
2025,truancy,Georgia,喬治亞,80.43933,91,91,100.0
2025,urban_rural_gap,Belgium,比利時,-33.96618,1,74,0.0
2025,urban_rural_gap,Cyprus,賽普勒斯,-11.17639,2,74,1.4
2025,urban_rural_gap,United States,美國,-7.09058,3,74,2.7
2025,urban_rural_gap,Uzbekistan,烏茲別克,3.43382,4,74,4.1
2025,urban_rural_gap,Spain,西班牙,7.2289,5,74,5.5
2025,urban_rural_gap,Austria,奧地利,8.61096,6,74,6.8
2025,urban_rural_gap,Jordan,約旦,8.77439,7,74,8.2
2025,urban_rural_gap,Palestinian Authority,巴勒斯坦,9.81259,8,74,9.6
2025,urban_rural_gap,Hong Kong (China),香港,9.94362,9,74,11.0
2025,urban_rural_gap,Latvia,拉脫維亞,13.31782,10,74,12.3
2025,urban_rural_gap,France,法國,13.45182,11,74,13.7
2025,urban_rural_gap,Iceland,冰島,14.86211,12,74,15.1
2025,urban_rural_gap,Korea,韓國,15.34449,13,74,16.4
2025,urban_rural_gap,Italy,義大利,15.53099,14,74,17.8
2025,urban_rural_gap,New Zealand,紐西蘭,15.86705,15,74,19.2
2025,urban_rural_gap,Germany,德國,17.40882,16,74,20.5
2025,urban_rural_gap,Estonia,愛沙尼亞,17.62947,17,74,21.9
2025,urban_rural_gap,Slovenia,斯洛維尼亞,18.12935,18,74,23.3
2025,urban_rural_gap,United Kingdom,英國,18.16627,19,74,24.7
2025,urban_rural_gap,Finland,芬蘭,18.91231,20,74,26.0
2025,urban_rural_gap,Morocco,摩洛哥,20.14055,21,74,27.4
2025,urban_rural_gap,Ireland,愛爾蘭,20.1412,22,74,28.8
2025,urban_rural_gap,Portugal,葡萄牙,23.08824,23,74,30.1
2025,urban_rural_gap,Costa Rica,哥斯大黎加,25.45043,24,74,31.5
2025,urban_rural_gap,Sweden,瑞典,26.20438,25,74,32.9
2025,urban_rural_gap,Georgia,喬治亞,29.32688,26,74,34.2
2025,urban_rural_gap,Kazakhstan,哈薩克,29.61707,27,74,35.6
2025,urban_rural_gap,Kosovo,科索沃,29.76408,28,74,37.0
2025,urban_rural_gap,Australia,澳洲,30.01229,29,74,38.4
2025,urban_rural_gap,Malaysia,馬來西亞,30.31745,30,74,39.7
2025,urban_rural_gap,Denmark,丹麥,31.25683,31,74,41.1
2025,urban_rural_gap,Armenia,亞美尼亞,33.09437,32,74,42.5
2025,urban_rural_gap,Argentina,阿根廷,33.85999,33,74,43.8
2025,urban_rural_gap,Greece,希臘,37.93597,34,74,45.2
2025,urban_rural_gap,Canada,加拿大,38.6091,35,74,46.6
2025,urban_rural_gap,Switzerland,瑞士,38.61399,36,74,47.9
2025,urban_rural_gap,Norway,挪威,39.54008,37,74,49.3
2025,urban_rural_gap,United Arab Emirates,阿聯,42.03363,38,74,50.7
2025,urban_rural_gap,Saudi Arabia,沙烏地阿拉伯,42.12523,39,74,52.1
2025,urban_rural_gap,Dominican Republic,多明尼加,42.84771,40,74,53.4
2025,urban_rural_gap,Israel,以色列,43.01654,41,74,54.8
2025,urban_rural_gap,Uruguay,烏拉圭,44.36401,42,74,56.2
2025,urban_rural_gap,Ecuador,厄瓜多,45.1812,43,74,57.5
2025,urban_rural_gap,Mongolia,蒙古,47.09194,44,74,58.9
2025,urban_rural_gap,Czechia,捷克,47.32459,45,74,60.3
2025,urban_rural_gap,Thailand,泰國,49.86099,46,74,61.6
2025,urban_rural_gap,Kenya,肯亞,50.5811,47,74,63.0
2025,urban_rural_gap,Albania,阿爾巴尼亞,51.47957,48,74,64.4
2025,urban_rural_gap,Kyrgyzstan,吉爾吉斯,54.93471,49,74,65.8
2025,urban_rural_gap,North Macedonia,北馬其頓,56.1243,50,74,67.1
2025,urban_rural_gap,Viet Nam,越南,56.29551,51,74,68.5
2025,urban_rural_gap,Ukrainian regions (17 of 27),烏克蘭（17區）,57.3718,52,74,69.9
2025,urban_rural_gap,Indonesia,印尼,58.34963,53,74,71.2
2025,urban_rural_gap,Peru,秘魯,59.94144,54,74,72.6
2025,urban_rural_gap,Mexico,墨西哥,63.50939,55,74,74.0
2025,urban_rural_gap,Lithuania,立陶宛,64.72254,56,74,75.3
2025,urban_rural_gap,Colombia,哥倫比亞,65.00805,57,74,76.7
2025,urban_rural_gap,Lebanon,黎巴嫩,68.29176,58,74,78.1
2025,urban_rural_gap,El Salvador,薩爾瓦多,69.76023,59,74,79.5
2025,urban_rural_gap,Croatia,克羅埃西亞,70.46224,60,74,80.8
2025,urban_rural_gap,Philippines,菲律賓,72.54661,61,74,82.2
2025,urban_rural_gap,Azerbaijan,亞塞拜然,73.6758,62,74,83.6
2025,urban_rural_gap,Brazil,巴西,74.2811,63,74,84.9
2025,urban_rural_gap,Moldova,摩爾多瓦,74.50181,64,74,86.3
2025,urban_rural_gap,Qatar,卡達,79.95777,65,74,87.7
2025,urban_rural_gap,Paraguay,巴拉圭,82.1345,66,74,89.0
2025,urban_rural_gap,Guatemala,瓜地馬拉,82.36817,67,74,90.4
2025,urban_rural_gap,B-S-J-Z (China),中國四省市,88.20623,68,74,91.8
2025,urban_rural_gap,Bulgaria,保加利亞,88.55281,69,74,93.2
2025,urban_rural_gap,Poland,波蘭,102.15712,70,74,94.5
2025,urban_rural_gap,Chinese Taipei,臺灣,102.44468,71,74,95.9
2025,urban_rural_gap,Slovak Republic,斯洛伐克,105.19624,72,74,97.3
2025,urban_rural_gap,Hungary,匈牙利,110.55347,73,74,98.6
2025,urban_rural_gap,Romania,羅馬尼亞,115.88601,74,74,100.0
