代碼,題組,構念（中）,構念（英）,題幹（中）,題幹（英）,題目（中）,中文來源,題目（英）,選項（中）,選項（英）,臺灣各選項%,OECD各選項%,Annex B 表
PA001Q01TA,PA001,,,誰將填寫這份問卷?,Who will complete this questionnaire?,母親或其他女性監護人,官方,Mother or other female guardian,是 | 否 | valid skip (filter rule) | system missing | not administered/not applicable | invalid | no response,Yes | No | valid skip (filter rule) | system missing | not administered/not applicable | invalid | no response,,,
PA001Q02TA,PA001,,,誰將填寫這份問卷?,Who will complete this questionnaire?,父親或其他男性監護人,官方,Father or other male guardian,是 | 否 | valid skip (filter rule) | system missing | not administered/not applicable | invalid | no response,Yes | No | valid skip (filter rule) | system missing | not administered/not applicable | invalid | no response,,,
PA001Q03TA,PA001,,,誰將填寫這份問卷?,Who will complete this questionnaire?,其他,官方,Other,是 | 否 | valid skip (filter rule) | system missing | not administered/not applicable | invalid | no response,Yes | No | valid skip (filter rule) | system missing | not administered/not applicable | invalid | no response,,,
PA002Q01TA,PA002,,,請根據「帶這份問卷回家的學生」的情況來回答問題,"Thinking back to when your child was about 10 years old, how often would your child have done these things?",觀看有關科學的電視節目,官方,Watched TV programmes about science,非常經常 | Regularly | 有時 | 從不 | valid skip (filter rule) | system missing | not administered/not applicable | invalid | no response,Very often | Regularly | Sometimes | Never | valid skip (filter rule) | system missing | not administered/not applicable | invalid | no response,,,
PA002Q02TA,PA002,,,請根據「帶這份問卷回家的學生」的情況來回答問題,"Thinking back to when your child was about 10 years old, how often would your child have done these things?",閱讀有關科學發現的書籍,官方,Read books on scientific discoveries,非常經常 | Regularly | 有時 | 從不 | valid skip (filter rule) | system missing | not administered/not applicable | invalid | no response,Very often | Regularly | Sometimes | Never | valid skip (filter rule) | system missing | not administered/not applicable | invalid | no response,,,
PA002Q03TA,PA002,,,請根據「帶這份問卷回家的學生」的情況來回答問題,"Thinking back to when your child was about 10 years old, how often would your child have done these things?",觀看、閱讀或聆聽科幻小說,官方,"Watched, read or listened to science fiction",非常經常 | Regularly | 有時 | 從不 | valid skip (filter rule) | system missing | not administered/not applicable | invalid | no response,Very often | Regularly | Sometimes | Never | valid skip (filter rule) | system missing | not administered/not applicable | invalid | no response,,,
PA002Q04TA,PA002,,,請根據「帶這份問卷回家的學生」的情況來回答問題,"Thinking back to when your child was about 10 years old, how often would your child have done these things?",造訪有關科學主題的網站,官方,Visited web sites about science topics,非常經常 | Regularly | 有時 | 從不 | valid skip (filter rule) | system missing | not administered/not applicable | invalid | no response,Very often | Regularly | Sometimes | Never | valid skip (filter rule) | system missing | not administered/not applicable | invalid | no response,,,
PA002Q05TA,PA002,,,請根據「帶這份問卷回家的學生」的情況來回答問題,"Thinking back to when your child was about 10 years old, how often would your child have done these things?",參加科學社團,官方,Attended a science club,非常經常 | Regularly | 有時 | 從不 | valid skip (filter rule) | system missing | not administered/not applicable | invalid | no response,Very often | Regularly | Sometimes | Never | valid skip (filter rule) | system missing | not administered/not applicable | invalid | no response,,,
PA002Q06NA,PA002,,,請根據「帶這份問卷回家的學生」的情況來回答問題,"Thinking back to when your child was about 10 years old, how often would your child have done these things?",玩建構遊戲，例如：樂高積木,官方,"Construction play, e.g.<Lego bricks>",非常經常 | Regularly | 有時 | 從不 | valid skip (filter rule) | system missing | not administered/not applicable | invalid | no response,Very often | Regularly | Sometimes | Never | valid skip (filter rule) | system missing | not administered/not applicable | invalid | no response,,,
PA002Q07NA,PA002,,,請根據「帶這份問卷回家的學生」的情況來回答問題,"Thinking back to when your child was about 10 years old, how often would your child have done these things?",拆解科技設備,官方,Took apart technical devices,非常經常 | Regularly | 有時 | 從不 | valid skip (filter rule) | system missing | not administered/not applicable | invalid | no response,Very often | Regularly | Sometimes | Never | valid skip (filter rule) | system missing | not administered/not applicable | invalid | no response,,,
PA002Q08NA,PA002,,,請根據「帶這份問卷回家的學生」的情況來回答問題,"Thinking back to when your child was about 10 years old, how often would your child have done these things?",修理壞掉的物品或零件，例如：壞掉的電子玩具,官方,"Fixed broken objects or items, e.g. broken electronic toys",非常經常 | Regularly | 有時 | 從不 | valid skip (filter rule) | system missing | not administered/not applicable | invalid | no response,Very often | Regularly | Sometimes | Never | valid skip (filter rule) | system missing | not administered/not applicable | invalid | no response,,,
PA002Q09NA,PA002,,,請根據「帶這份問卷回家的學生」的情況來回答問題,"Thinking back to when your child was about 10 years old, how often would your child have done these things?",用科學實驗套組、電子套件，或化學實驗套組做實驗，使用顯微鏡或望遠鏡,官方,"Experimented with a science kit, electronics kit, or chemistry set, used a microscope or telescope",非常經常 | Regularly | 有時 | 從不 | valid skip (filter rule) | system missing | not administered/not applicable | invalid | no response,Very often | Regularly | Sometimes | Never | valid skip (filter rule) | system missing | not administered/not applicable | invalid | no response,,,
PA002Q10NA,PA002,,,請根據「帶這份問卷回家的學生」的情況來回答問題,"Thinking back to when your child was about 10 years old, how often would your child have done these things?",玩科學內容的電腦遊戲,官方,Played computer games with a science content,非常經常 | Regularly | 有時 | 從不 | valid skip (filter rule) | system missing | not administered/not applicable | invalid | no response,Very often | Regularly | Sometimes | Never | valid skip (filter rule) | system missing | not administered/not applicable | invalid | no response,,,
PA002Q11DA,PA002,,,請根據「帶這份問卷回家的學生」的情況來回答問題,"Thinking back to when your child was about 10 years old, how often would your child have done these things?",觀察動物行為（例如：賞鳥）,官方,Observed animal behaviour (e.g. bird watching),非常經常 | Regularly | 有時 | 從不 | valid skip (filter rule) | system missing | not administered/not applicable | invalid | no response,Very often | Regularly | Sometimes | Never | valid skip (filter rule) | system missing | not administered/not applicable | invalid | no response,,,
PA002Q12DA,PA002,,,請根據「帶這份問卷回家的學生」的情況來回答問題,"Thinking back to when your child was about 10 years old, how often would your child have done these things?",參與園藝活動,官方,Participated in gardening activities,非常經常 | Regularly | 有時 | 從不 | valid skip (filter rule) | system missing | not administered/not applicable | invalid | no response,Very often | Regularly | Sometimes | Never | valid skip (filter rule) | system missing | not administered/not applicable | invalid | no response,,,
PA002Q13DA,PA002,,,請根據「帶這份問卷回家的學生」的情況來回答問題,"Thinking back to when your child was about 10 years old, how often would your child have done these things?",參觀科學博物館,官方,Visited a science museum,非常經常 | Regularly | 有時 | 從不 | valid skip (filter rule) | system missing | not administered/not applicable | invalid | no response,Very often | Regularly | Sometimes | Never | valid skip (filter rule) | system missing | not administered/not applicable | invalid | no response,,,
PA003Q04NA,PA003,家庭支持,Family support,您或您家中的其他人，有多常與您的孩子做以下事項？,How often do you or someone else in your home do the following things with your child?,,,Help my child with his/her science homework,從不或幾乎從不 | Once or twice a year | Once or twice a month | Once or twice a week | 每天或幾乎每天,Never or hardly ever | Once or twice a year | Once or twice a month | Once or twice a week | Every day or almost every day,,,Table I.B1.4.120
PA003Q06NA,PA003,家庭支持,Family support,您或您家中的其他人，有多常與您的孩子做以下事項？,How often do you or someone else in your home do the following things with your child?,,,"Obtain science-related materials (e.g. applications, software, study guides etc.) for my child",從不或幾乎從不 | Once or twice a year | Once or twice a month | Once or twice a week | 每天或幾乎每天,Never or hardly ever | Once or twice a year | Once or twice a month | Once or twice a week | Every day or almost every day,,,Table I.B1.4.120
PA003Q08NA,PA003,家庭支持,Family support,您或您家中的其他人，有多常與您的孩子做以下事項？,How often do you or someone else in your home do the following things with your child?,,,Discuss <science related career> options with my child,從不或幾乎從不 | Once or twice a year | Once or twice a month | Once or twice a week | 每天或幾乎每天,Never or hardly ever | Once or twice a year | Once or twice a month | Once or twice a week | Every day or almost every day,,,Table I.B1.4.120
PA003Q11JA,PA003,家庭支持,Family support,您或您家中的其他人，有多常與您的孩子做以下事項？,How often do you or someone else in your home do the following things with your child?,與孩子談論完成高中（職）學業的重要性,官方,Talk to my child about the importance of <completing ISCED 3>,從不或幾乎從不 | Once or twice a year | Once or twice a month | Once or twice a week | 每天或幾乎每天,Never or hardly ever | Once or twice a year | Once or twice a month | Once or twice a week | Every day or almost every day,,,Table I.B1.4.120
PA003Q12JA,PA003,家庭支持,Family support,您或您家中的其他人，有多常與您的孩子做以下事項？,How often do you or someone else in your home do the following things with your child?,與孩子談論他在學校可能會遇到的問題,官方,Talk to my child about any problems he/she may have at school,從不或幾乎從不 | Once or twice a year | Once or twice a month | Once or twice a week | 每天或幾乎每天,Never or hardly ever | Once or twice a year | Once or twice a month | Once or twice a week | Every day or almost every day,,,Table I.B1.4.120
PA003Q13JA,PA003,家庭支持,Family support,您或您家中的其他人，有多常與您的孩子做以下事項？,How often do you or someone else in your home do the following things with your child?,問孩子他在學校與其他同學相處的情況,官方,Ask my child about how he/she is getting along with other students at school,從不或幾乎從不 | Once or twice a year | Once or twice a month | Once or twice a week | 每天或幾乎每天,Never or hardly ever | Once or twice a year | Once or twice a month | Once or twice a week | Every day or almost every day,,,Table I.B1.4.120
PA003Q14JA,PA003,家庭支持,Family support,您或您家中的其他人，有多常與您的孩子做以下事項？,How often do you or someone else in your home do the following things with your child?,鼓勵孩子取得好成績,官方,Encourage my child to get good <marks>,從不或幾乎從不 | Once or twice a year | Once or twice a month | Once or twice a week | 每天或幾乎每天,Never or hardly ever | Once or twice a year | Once or twice a month | Once or twice a week | Every day or almost every day,,,Table I.B1.4.120
PA003Q15JA,PA003,家庭支持,Family support,您或您家中的其他人，有多常與您的孩子做以下事項？,How often do you or someone else in your home do the following things with your child?,關心孩子在學校的學習,官方,Take an interest in what my child is learning at school,從不或幾乎從不 | Once or twice a year | Once or twice a month | Once or twice a week | 每天或幾乎每天,Never or hardly ever | Once or twice a year | Once or twice a month | Once or twice a week | Every day or almost every day,從不或幾乎從不=9.39 | 大約一年一到兩次=9.35 | 大約一個月一到兩次=24.06 | 大約一週一到兩次=30.3 | 每天或幾乎每天=26.9,從不或幾乎從不=11.2 | 大約一年一到兩次=10.25 | 大約一個月一到兩次=20.6 | 大約一週一到兩次=27.37 | 每天或幾乎每天=30.58,Table I.B1.4.120
PA003Q16JA,PA003,家庭支持,Family support,您或您家中的其他人，有多常與您的孩子做以下事項？,How often do you or someone else in your home do the following things with your child?,與孩子談論他未來的教育,官方,Talk to my child about his/her future education,從不或幾乎從不 | Once or twice a year | Once or twice a month | Once or twice a week | 每天或幾乎每天,Never or hardly ever | Once or twice a year | Once or twice a month | Once or twice a week | Every day or almost every day,,,Table I.B1.4.120
PA003Q17JA,PA003,家庭支持,Family support,您或您家中的其他人，有多常與您的孩子做以下事項？,How often do you or someone else in your home do the following things with your child?,問孩子當天在學校做了哪些事,官方,Ask my child what he/she did in school that day,從不或幾乎從不 | Once or twice a year | Once or twice a month | Once or twice a week | 每天或幾乎每天,Never or hardly ever | Once or twice a year | Once or twice a month | Once or twice a week | Every day or almost every day,,,Table I.B1.4.120
PA003Q21DA,PA003,家庭支持,Family support,您或您家中的其他人，有多常與您的孩子做以下事項？,How often do you or someone else in your home do the following things with your child?,,,Discuss with my child how science can be applied in everyday life,從不或幾乎從不 | Once or twice a year | Once or twice a month | Once or twice a week | 每天或幾乎每天,Never or hardly ever | Once or twice a year | Once or twice a month | Once or twice a week | Every day or almost every day,,,Table I.B1.4.120
PA006Q01TA,PA006,,,您為孩子選擇學校時，下列原因有多重要？,How important are the following reasons for choosing a school for your child?,學校離家的路程近,官方,The school is at a short distance to home.,Not important | Somewhat important | Important | Very important | valid skip (filter rule) | system missing | not administered/not applicable | invalid | no response,Not important | Somewhat important | Important | Very important | valid skip (filter rule) | system missing | not administered/not applicable | invalid | no response,,,
PA006Q02TA,PA006,,,您為孩子選擇學校時，下列原因有多重要？,How important are the following reasons for choosing a school for your child?,學校有好聲譽,官方,The school has a good reputation.,Not important | Somewhat important | Important | Very important | valid skip (filter rule) | system missing | not administered/not applicable | invalid | no response,Not important | Somewhat important | Important | Very important | valid skip (filter rule) | system missing | not administered/not applicable | invalid | no response,,,
PA006Q03TA,PA006,,,您為孩子選擇學校時，下列原因有多重要？,How important are the following reasons for choosing a school for your child?,學校開設某些課程或科目,官方,The school offers particular courses or school subjects.,Not important | Somewhat important | Important | Very important | valid skip (filter rule) | system missing | not administered/not applicable | invalid | no response,Not important | Somewhat important | Important | Very important | valid skip (filter rule) | system missing | not administered/not applicable | invalid | no response,,,
PA006Q04TA,PA006,,,您為孩子選擇學校時，下列原因有多重要？,How important are the following reasons for choosing a school for your child?,學校堅持特定的宗教理念,官方,The school adheres to a particular <religious philosophy>.,Not important | Somewhat important | Important | Very important | valid skip (filter rule) | system missing | not administered/not applicable | invalid | no response,Not important | Somewhat important | Important | Very important | valid skip (filter rule) | system missing | not administered/not applicable | invalid | no response,,,
PA006Q05TA,PA006,,,您為孩子選擇學校時，下列原因有多重要？,How important are the following reasons for choosing a school for your child?,學校對教學法有特定的取向，如：華德福教育,官方,"The school has a particular approach to <pedagogy/didactics, e.g. example>.",Not important | Somewhat important | Important | Very important | valid skip (filter rule) | system missing | not administered/not applicable | invalid | no response,Not important | Somewhat important | Important | Very important | valid skip (filter rule) | system missing | not administered/not applicable | invalid | no response,,,
PA006Q06TA,PA006,,,您為孩子選擇學校時，下列原因有多重要？,How important are the following reasons for choosing a school for your child?,其他家庭成員曾就讀該校,官方,Other family members attended the school.,Not important | Somewhat important | Important | Very important | valid skip (filter rule) | system missing | not administered/not applicable | invalid | no response,Not important | Somewhat important | Important | Very important | valid skip (filter rule) | system missing | not administered/not applicable | invalid | no response,,,
PA006Q07TA,PA006,,,您為孩子選擇學校時，下列原因有多重要？,How important are the following reasons for choosing a school for your child?,費用低廉（例如：學費、書籍、住宿和膳食）,官方,"Expenses are low (e.g. tuition, books, room and board).",Not important | Somewhat important | Important | Very important | valid skip (filter rule) | system missing | not administered/not applicable | invalid | no response,Not important | Somewhat important | Important | Very important | valid skip (filter rule) | system missing | not administered/not applicable | invalid | no response,,,
PA006Q08TA,PA006,,,您為孩子選擇學校時，下列原因有多重要？,How important are the following reasons for choosing a school for your child?,學校提供財務援助，包括學校貸款、獎學金或助學金,官方,"The school has financial aid available, such as a school loan, scholarship, or grant.",Not important | Somewhat important | Important | Very important | valid skip (filter rule) | system missing | not administered/not applicable | invalid | no response,Not important | Somewhat important | Important | Very important | valid skip (filter rule) | system missing | not administered/not applicable | invalid | no response,,,
PA006Q09TA,PA006,,,您為孩子選擇學校時，下列原因有多重要？,How important are the following reasons for choosing a school for your child?,學校有活潑和愉快的氛圍,官方,The school has an active and pleasant school climate.,Not important | Somewhat important | Important | Very important | valid skip (filter rule) | system missing | not administered/not applicable | invalid | no response,Not important | Somewhat important | Important | Very important | valid skip (filter rule) | system missing | not administered/not applicable | invalid | no response,,,
PA006Q10TA,PA006,,,您為孩子選擇學校時，下列原因有多重要？,How important are the following reasons for choosing a school for your child?,該校學生的學業成績高,官方,The academic achievements of students in the school are high.,Not important | Somewhat important | Important | Very important | valid skip (filter rule) | system missing | not administered/not applicable | invalid | no response,Not important | Somewhat important | Important | Very important | valid skip (filter rule) | system missing | not administered/not applicable | invalid | no response,,,
PA006Q11TA,PA006,,,您為孩子選擇學校時，下列原因有多重要？,How important are the following reasons for choosing a school for your child?,校內環境安全,官方,There is a safe school environment.,Not important | Somewhat important | Important | Very important | valid skip (filter rule) | system missing | not administered/not applicable | invalid | no response,Not important | Somewhat important | Important | Very important | valid skip (filter rule) | system missing | not administered/not applicable | invalid | no response,,,
PA006Q12HA,PA006,,,您為孩子選擇學校時，下列原因有多重要？,How important are the following reasons for choosing a school for your child?,學校的學生成員國際化,官方,The school has an international student body.,Not important | Somewhat important | Important | Very important | valid skip (filter rule) | system missing | not administered/not applicable | invalid | no response,Not important | Somewhat important | Important | Very important | valid skip (filter rule) | system missing | not administered/not applicable | invalid | no response,,,
PA006Q13HA,PA006,,,您為孩子選擇學校時，下列原因有多重要？,How important are the following reasons for choosing a school for your child?,學校與其他國家的學校有交換學生計畫,官方,The school offers exchange programmes with schools in other countries.,Not important | Somewhat important | Important | Very important | valid skip (filter rule) | system missing | not administered/not applicable | invalid | no response,Not important | Somewhat important | Important | Very important | valid skip (filter rule) | system missing | not administered/not applicable | invalid | no response,,,
PA006Q14HA,PA006,,,您為孩子選擇學校時，下列原因有多重要？,How important are the following reasons for choosing a school for your child?,學校注重教授外語,官方,The school has a focus on foreign language instruction.,Not important | Somewhat important | Important | Very important | valid skip (filter rule) | system missing | not administered/not applicable | invalid | no response,Not important | Somewhat important | Important | Very important | valid skip (filter rule) | system missing | not administered/not applicable | invalid | no response,,,
PA006Q15DA,PA006,,,您為孩子選擇學校時，下列原因有多重要？,How important are the following reasons for choosing a school for your child?,朋友的子女或其他我們信賴的人士的子女曾就讀該校,官方,The children of friends or other people we trust attended the school.,Not important | Somewhat important | Important | Very important | valid skip (filter rule) | system missing | not administered/not applicable | invalid | no response,Not important | Somewhat important | Important | Very important | valid skip (filter rule) | system missing | not administered/not applicable | invalid | no response,,,
PA006Q16DA,PA006,,,您為孩子選擇學校時，下列原因有多重要？,How important are the following reasons for choosing a school for your child?,學校注重數位科技,官方,The school has a focus on digital technologies.,Not important | Somewhat important | Important | Very important | valid skip (filter rule) | system missing | not administered/not applicable | invalid | no response,Not important | Somewhat important | Important | Very important | valid skip (filter rule) | system missing | not administered/not applicable | invalid | no response,,,
PA006Q17DA,PA006,,,您為孩子選擇學校時，下列原因有多重要？,How important are the following reasons for choosing a school for your child?,學校在使用數位資源方面有創新的做法,官方,The school has innovative practices using <digital resources>.,Not important | Somewhat important | Important | Very important | valid skip (filter rule) | system missing | not administered/not applicable | invalid | no response,Not important | Somewhat important | Important | Very important | valid skip (filter rule) | system missing | not administered/not applicable | invalid | no response,,,
PA007Q01TA,PA007,,,我們希望了解您對孩子的學校的想法,How much do you agree or disagree with the following statements?,學校的大多數老師看起來是稱職和敬業的,官方,Most of my child’s school teachers seem competent and dedicated.,非常同意 | 同意 | 不同意 | 非常不同意 | valid skip (filter rule) | system missing | not administered/not applicable | invalid | no response,Strongly agree | Agree | Disagree | Strongly disagree | valid skip (filter rule) | system missing | not administered/not applicable | invalid | no response,,,
PA007Q02TA,PA007,,,我們希望了解您對孩子的學校的想法,How much do you agree or disagree with the following statements?,學校的學業標準很高,官方,Standards of achievement are high in my child’s school.,非常同意 | 同意 | 不同意 | 非常不同意 | valid skip (filter rule) | system missing | not administered/not applicable | invalid | no response,Strongly agree | Agree | Disagree | Strongly disagree | valid skip (filter rule) | system missing | not administered/not applicable | invalid | no response,,,
PA007Q04TA,PA007,,,我們希望了解您對孩子的學校的想法,How much do you agree or disagree with the following statements?,我滿意學校的紀律風氣,官方,I am satisfied with the disciplinary atmosphere in my child’s school.,非常同意 | 同意 | 不同意 | 非常不同意 | valid skip (filter rule) | system missing | not administered/not applicable | invalid | no response,Strongly agree | Agree | Disagree | Strongly disagree | valid skip (filter rule) | system missing | not administered/not applicable | invalid | no response,,,
PA007Q05TA,PA007,,,我們希望了解您對孩子的學校的想法,How much do you agree or disagree with the following statements?,學校仔細監督我的孩子的學習進度,官方,My child’s progress is carefully monitored by the school.,非常同意 | 同意 | 不同意 | 非常不同意 | valid skip (filter rule) | system missing | not administered/not applicable | invalid | no response,Strongly agree | Agree | Disagree | Strongly disagree | valid skip (filter rule) | system missing | not administered/not applicable | invalid | no response,,,
PA007Q06TA,PA007,,,我們希望了解您對孩子的學校的想法,How much do you agree or disagree with the following statements?,學校定期提供有關孩子學習進度的有用資訊,官方,My child’s school provides regular and useful information on my child’s progress.,非常同意 | 同意 | 不同意 | 非常不同意 | valid skip (filter rule) | system missing | not administered/not applicable | invalid | no response,Strongly agree | Agree | Disagree | Strongly disagree | valid skip (filter rule) | system missing | not administered/not applicable | invalid | no response,,,
PA007Q07TA,PA007,,,我們希望了解您對孩子的學校的想法,How much do you agree or disagree with the following statements?,學校在教育學生方面做得很好,官方,My child’s school does a good job in educating students.,非常同意 | 同意 | 不同意 | 非常不同意 | valid skip (filter rule) | system missing | not administered/not applicable | invalid | no response,Strongly agree | Agree | Disagree | Strongly disagree | valid skip (filter rule) | system missing | not administered/not applicable | invalid | no response,,,
PA007Q09NA,PA007,,,我們希望了解您對孩子的學校的想法,How much do you agree or disagree with the following statements?,學校提供鼓勵家長參與的愉快氣氛,官方,My child’s school provides an inviting atmosphere for parents to get involved.,非常同意 | 同意 | 不同意 | 非常不同意 | valid skip (filter rule) | system missing | not administered/not applicable | invalid | no response,Strongly agree | Agree | Disagree | Strongly disagree | valid skip (filter rule) | system missing | not administered/not applicable | invalid | no response,,,
PA007Q11NA,PA007,,,我們希望了解您對孩子的學校的想法,How much do you agree or disagree with the following statements?,學校提供學校與家庭有效的溝通管道,官方,My child’s school provides effective communication between the school and families.,非常同意 | 同意 | 不同意 | 非常不同意 | valid skip (filter rule) | system missing | not administered/not applicable | invalid | no response,Strongly agree | Agree | Disagree | Strongly disagree | valid skip (filter rule) | system missing | not administered/not applicable | invalid | no response,,,
PA007Q12NA,PA007,,,我們希望了解您對孩子的學校的想法,How much do you agree or disagree with the following statements?,學校讓家長參與學校的決策過程,官方,My child’s school involves parents in the school’s decision-making process.,非常同意 | 同意 | 不同意 | 非常不同意 | valid skip (filter rule) | system missing | not administered/not applicable | invalid | no response,Strongly agree | Agree | Disagree | Strongly disagree | valid skip (filter rule) | system missing | not administered/not applicable | invalid | no response,,,
PA007Q13NA,PA007,,,我們希望了解您對孩子的學校的想法,How much do you agree or disagree with the following statements?,學校提供家長教育（例如：增進家人關係及家庭功能的講座），或家庭支援計畫（例如：健康促進、資通產品使用）,官方,"My child’s school offers parent education (e.g. <courses on family literacy>) or family support programmes (e.g. <to assist with health, nutrition>).",非常同意 | 同意 | 不同意 | 非常不同意 | valid skip (filter rule) | system missing | not administered/not applicable | invalid | no response,Strongly agree | Agree | Disagree | Strongly disagree | valid skip (filter rule) | system missing | not administered/not applicable | invalid | no response,,,
PA007Q14NA,PA007,,,我們希望了解您對孩子的學校的想法,How much do you agree or disagree with the following statements?,學校提供家庭有關如何幫助學生完成作業和其他學校相關活動的資訊,官方,My child’s school informs families about how to help students with homework and other school-related activities.,非常同意 | 同意 | 不同意 | 非常不同意 | valid skip (filter rule) | system missing | not administered/not applicable | invalid | no response,Strongly agree | Agree | Disagree | Strongly disagree | valid skip (filter rule) | system missing | not administered/not applicable | invalid | no response,,,
PA007Q15NA,PA007,,,我們希望了解您對孩子的學校的想法,How much do you agree or disagree with the following statements?,學校與社區服務合作來加強學校課程和學生發展,官方,My child’s school cooperates with <community services> to strengthen school programmes and student development.,非常同意 | 同意 | 不同意 | 非常不同意 | valid skip (filter rule) | system missing | not administered/not applicable | invalid | no response,Strongly agree | Agree | Disagree | Strongly disagree | valid skip (filter rule) | system missing | not administered/not applicable | invalid | no response,,,
PA007Q16DA,PA007,,,我們希望了解您對孩子的學校的想法,How much do you agree or disagree with the following statements?,我很滿意學校使用的教學方法,官方,I am happy with the instructional methods used in my child’s school.,非常同意 | 同意 | 不同意 | 非常不同意 | valid skip (filter rule) | system missing | not administered/not applicable | invalid | no response,Strongly agree | Agree | Disagree | Strongly disagree | valid skip (filter rule) | system missing | not administered/not applicable | invalid | no response,,,
PA007Q17DA,PA007,,,我們希望了解您對孩子的學校的想法,How much do you agree or disagree with the following statements?,學校直接提供自然科學的成績給家長或監護人,官方,My child’s school provides <school science> achievement data directly to parents or guardians.,非常同意 | 同意 | 不同意 | 非常不同意 | valid skip (filter rule) | system missing | not administered/not applicable | invalid | no response,Strongly agree | Agree | Disagree | Strongly disagree | valid skip (filter rule) | system missing | not administered/not applicable | invalid | no response,,,
PA007Q18DA,PA007,,,我們希望了解您對孩子的學校的想法,How much do you agree or disagree with the following statements?,社交與情意的評量結果直接提供給家長或監護人,官方,Results from <social and emotional skills> assessments are provided directly to parents or guardians.,非常同意 | 同意 | 不同意 | 非常不同意 | valid skip (filter rule) | system missing | not administered/not applicable | invalid | no response,Strongly agree | Agree | Disagree | Strongly disagree | valid skip (filter rule) | system missing | not administered/not applicable | invalid | no response,,,
PA007Q19DA,PA007,,,我們希望了解您對孩子的學校的想法,How much do you agree or disagree with the following statements?,學校使用標準化測驗的成績，向家長或監護人報告孩子的學習進度,官方,My child's school uses the results from <standardised tests> to inform parents or guardians about their child's progress.,非常同意 | 同意 | 不同意 | 非常不同意 | valid skip (filter rule) | system missing | not administered/not applicable | invalid | no response,Strongly agree | Agree | Disagree | Strongly disagree | valid skip (filter rule) | system missing | not administered/not applicable | invalid | no response,,,
PA007Q20DA,PA007,,,我們希望了解您對孩子的學校的想法,How much do you agree or disagree with the following statements?,學校使用老師編製的測驗的成績，向家長或監護人報告孩子的學習進度,官方,My child's school uses the results from teacher-developed tests to inform parents or guardians about their child's progress.,非常同意 | 同意 | 不同意 | 非常不同意 | valid skip (filter rule) | system missing | not administered/not applicable | invalid | no response,Strongly agree | Agree | Disagree | Strongly disagree | valid skip (filter rule) | system missing | not administered/not applicable | invalid | no response,,,
PA007Q21DA,PA007,,,我們希望了解您對孩子的學校的想法,How much do you agree or disagree with the following statements?,,,"In my child’s school, <digital reources> are used well to support the students’ learning.",非常同意 | 同意 | 不同意 | 非常不同意 | valid skip (filter rule) | system missing | not administered/not applicable | invalid | no response,Strongly agree | Agree | Disagree | Strongly disagree | valid skip (filter rule) | system missing | not administered/not applicable | invalid | no response,,,
PA007Q22DA,PA007,,,我們希望了解您對孩子的學校的想法,How much do you agree or disagree with the following statements?,,,"In my child’s school, <digital resources> are used well to communicate with parents or guardians.",非常同意 | 同意 | 不同意 | 非常不同意 | valid skip (filter rule) | system missing | not administered/not applicable | invalid | no response,Strongly agree | Agree | Disagree | Strongly disagree | valid skip (filter rule) | system missing | not administered/not applicable | invalid | no response,,,
PA007Q23DA,PA007,,,我們希望了解您對孩子的學校的想法,How much do you agree or disagree with the following statements?,,,I am happy with the content taught at my child’s school.,非常同意 | 同意 | 不同意 | 非常不同意 | valid skip (filter rule) | system missing | not administered/not applicable | invalid | no response,Strongly agree | Agree | Disagree | Strongly disagree | valid skip (filter rule) | system missing | not administered/not applicable | invalid | no response,,,
PA008Q01TA,PA008,,,在目前這個學年，您是否參加過下列與學校有關的活動？,"During <the last academic year>, have you participated in any of the following school-related activities?",我主動與老師討論孩子的行為,官方,Discussed my child’s behaviour with a teacher on my own initiative,是 | 否 | Not supported by school | valid skip (filter rule) | system missing | not administered/not applicable | invalid | no response,Yes | No | Not supported by school | valid skip (filter rule) | system missing | not administered/not applicable | invalid | no response,,,
PA008Q02TA,PA008,,,在目前這個學年，您是否參加過下列與學校有關的活動？,"During <the last academic year>, have you participated in any of the following school-related activities?",孩子的其中一位老師主動與我討論孩子的行為,官方,Discussed my child’s behaviour on the initiative of one of his/her teachers,是 | 否 | Not supported by school | valid skip (filter rule) | system missing | not administered/not applicable | invalid | no response,Yes | No | Not supported by school | valid skip (filter rule) | system missing | not administered/not applicable | invalid | no response,,,
PA008Q03TA,PA008,,,在目前這個學年，您是否參加過下列與學校有關的活動？,"During <the last academic year>, have you participated in any of the following school-related activities?",我主動與老師討論孩子的學習進度,官方,Discussed my child’s progress with a teacher on my own initiative,是 | 否 | Not supported by school | valid skip (filter rule) | system missing | not administered/not applicable | invalid | no response,Yes | No | Not supported by school | valid skip (filter rule) | system missing | not administered/not applicable | invalid | no response,,,
PA008Q04TA,PA008,,,在目前這個學年，您是否參加過下列與學校有關的活動？,"During <the last academic year>, have you participated in any of the following school-related activities?",孩子的其中一位老師主動與我討論孩子的學習進度,官方,Discussed my child’s progress on the initiative of one of their teachers,是 | 否 | Not supported by school | valid skip (filter rule) | system missing | not administered/not applicable | invalid | no response,Yes | No | Not supported by school | valid skip (filter rule) | system missing | not administered/not applicable | invalid | no response,,,
PA008Q05TA,PA008,,,在目前這個學年，您是否參加過下列與學校有關的活動？,"During <the last academic year>, have you participated in any of the following school-related activities?",參加校內管理組織，例如：家長會或學校管理委員會,官方,"Participated in local school government, e.g. parent council or school management committee",是 | 否 | Not supported by school | valid skip (filter rule) | system missing | not administered/not applicable | invalid | no response,Yes | No | Not supported by school | valid skip (filter rule) | system missing | not administered/not applicable | invalid | no response,,,
PA008Q06NA,PA008,,,在目前這個學年，您是否參加過下列與學校有關的活動？,"During <the last academic year>, have you participated in any of the following school-related activities?",自願參加體力勞動或課外活動（例如︰建物修繕、木工、園藝、學校表演、運動會、戶外教學）,官方,"Volunteered in physical or extra-curricular activities (e.g. building maintenance, carpentry, gardening or yard work, school play, sports, field tri",是 | 否 | Not supported by school | valid skip (filter rule) | system missing | not administered/not applicable | invalid | no response,Yes | No | Not supported by school | valid skip (filter rule) | system missing | not administered/not applicable | invalid | no response,,,
PA008Q07NA,PA008,,,在目前這個學年，您是否參加過下列與學校有關的活動？,"During <the last academic year>, have you participated in any of the following school-related activities?",自願支援學校活動（在學校圖書館、媒體中心或餐廳擔任志工，協助教師，擔任嘉賓講者）,官方,"Volunteered to support school activities (volunteered in the school library, media centre, or canteen, assisted a teacher, appeared as a guest speak",是 | 否 | Not supported by school | valid skip (filter rule) | system missing | not administered/not applicable | invalid | no response,Yes | No | Not supported by school | valid skip (filter rule) | system missing | not administered/not applicable | invalid | no response,,,
PA008Q09NA,PA008,,,在目前這個學年，您是否參加過下列與學校有關的活動？,"During <the last academic year>, have you participated in any of the following school-related activities?",與孩子的老師討論如何支援孩子在家學習和做功課,官方,Talked about how to support learning at home and homework with my child’s teachers,是 | 否 | Not supported by school | valid skip (filter rule) | system missing | not administered/not applicable | invalid | no response,Yes | No | Not supported by school | valid skip (filter rule) | system missing | not administered/not applicable | invalid | no response,,,
PA008Q10NA,PA008,,,在目前這個學年，您是否參加過下列與學校有關的活動？,"During <the last academic year>, have you participated in any of the following school-related activities?",有關教養子女、家庭支援或兒童發展，與孩子的老師交換意見,官方,"Exchanged ideas on parenting, family support, or the child’s development with my child’s teachers",是 | 否 | Not supported by school | valid skip (filter rule) | system missing | not administered/not applicable | invalid | no response,Yes | No | Not supported by school | valid skip (filter rule) | system missing | not administered/not applicable | invalid | no response,,,
PA008Q11DA,PA008,,,在目前這個學年，您是否參加過下列與學校有關的活動？,"During <the last academic year>, have you participated in any of the following school-related activities?",,,Shared my own knowledge with students and/or teachers,是 | 否 | Not supported by school | valid skip (filter rule) | system missing | not administered/not applicable | invalid | no response,Yes | No | Not supported by school | valid skip (filter rule) | system missing | not administered/not applicable | invalid | no response,,,
PA008Q12DA,PA008,,,在目前這個學年，您是否參加過下列與學校有關的活動？,"During <the last academic year>, have you participated in any of the following school-related activities?",有關如何在學校和在家裡使用數位資源，與孩子的老師交換資訊,官方,Exchanged information on how to use <digital resources> in school and at home with my child’s teachers,是 | 否 | Not supported by school | valid skip (filter rule) | system missing | not administered/not applicable | invalid | no response,Yes | No | Not supported by school | valid skip (filter rule) | system missing | not administered/not applicable | invalid | no response,,,
PA009Q01NA,PA009,,,在目前這個學年，您參與孩子學校的活動時是否受到了下列問題的阻礙？,"During <the last academic year>, has your participation in activities at your child’s school been hindered by any of the following issues?",會議時間不方便,官方,The meeting times were inconvenient.,是 | 否 | valid skip (filter rule) | system missing | not administered/not applicable | invalid | no response,Yes | No | valid skip (filter rule) | system missing | not administered/not applicable | invalid | no response,,,
PA009Q02NA,PA009,,,在目前這個學年，您參與孩子學校的活動時是否受到了下列問題的阻礙？,"During <the last academic year>, has your participation in activities at your child’s school been hindered by any of the following issues?",我無法離開工作崗位,官方,I was not able to get off from work.,是 | 否 | valid skip (filter rule) | system missing | not administered/not applicable | invalid | no response,Yes | No | valid skip (filter rule) | system missing | not administered/not applicable | invalid | no response,,,
PA009Q03NA,PA009,,,在目前這個學年，您參與孩子學校的活動時是否受到了下列問題的阻礙？,"During <the last academic year>, has your participation in activities at your child’s school been hindered by any of the following issues?",沒有人可以幫我顧小孩,官方,I had no one to take care of my child/ children.,是 | 否 | valid skip (filter rule) | system missing | not administered/not applicable | invalid | no response,Yes | No | valid skip (filter rule) | system missing | not administered/not applicable | invalid | no response,,,
PA009Q04NA,PA009,,,在目前這個學年，您參與孩子學校的活動時是否受到了下列問題的阻礙？,"During <the last academic year>, has your participation in activities at your child’s school been hindered by any of the following issues?",往學校的路途不安全,官方,The way to school is unsafe.,是 | 否 | valid skip (filter rule) | system missing | not administered/not applicable | invalid | no response,Yes | No | valid skip (filter rule) | system missing | not administered/not applicable | invalid | no response,,,
PA009Q05NA,PA009,,,在目前這個學年，您參與孩子學校的活動時是否受到了下列問題的阻礙？,"During <the last academic year>, has your participation in activities at your child’s school been hindered by any of the following issues?",我在交通上有問題,官方,I had problems with transportation.,是 | 否 | valid skip (filter rule) | system missing | not administered/not applicable | invalid | no response,Yes | No | valid skip (filter rule) | system missing | not administered/not applicable | invalid | no response,,,
PA009Q06NA,PA009,,,在目前這個學年，您參與孩子學校的活動時是否受到了下列問題的阻礙？,"During <the last academic year>, has your participation in activities at your child’s school been hindered by any of the following issues?",我感受到孩子的學校不歡迎我,官方,I felt unwelcome at my child’s school.,是 | 否 | valid skip (filter rule) | system missing | not administered/not applicable | invalid | no response,Yes | No | valid skip (filter rule) | system missing | not administered/not applicable | invalid | no response,,,
PA009Q07NA,PA009,,,在目前這個學年，您參與孩子學校的活動時是否受到了下列問題的阻礙？,"During <the last academic year>, has your participation in activities at your child’s school been hindered by any of the following issues?",我在學校總是覺得不自在,官方,I feel generally awkward in a school.,是 | 否 | valid skip (filter rule) | system missing | not administered/not applicable | invalid | no response,Yes | No | valid skip (filter rule) | system missing | not administered/not applicable | invalid | no response,,,
PA009Q08NA,PA009,,,在目前這個學年，您參與孩子學校的活動時是否受到了下列問題的阻礙？,"During <the last academic year>, has your participation in activities at your child’s school been hindered by any of the following issues?",我的語文能力不足,官方,My <language skills> were not sufficient.,是 | 否 | valid skip (filter rule) | system missing | not administered/not applicable | invalid | no response,Yes | No | valid skip (filter rule) | system missing | not administered/not applicable | invalid | no response,,,
PA009Q09NA,PA009,,,在目前這個學年，您參與孩子學校的活動時是否受到了下列問題的阻礙？,"During <the last academic year>, has your participation in activities at your child’s school been hindered by any of the following issues?",我認為參與活動跟孩子的發展沒有關係,官方,I think participation is not relevant for my child’s development.,是 | 否 | valid skip (filter rule) | system missing | not administered/not applicable | invalid | no response,Yes | No | valid skip (filter rule) | system missing | not administered/not applicable | invalid | no response,,,
PA009Q10NA,PA009,,,在目前這個學年，您參與孩子學校的活動時是否受到了下列問題的阻礙？,"During <the last academic year>, has your participation in activities at your child’s school been hindered by any of the following issues?",我不知道如何參加學校的活動,官方,I do not know how I could participate in school activities.,是 | 否 | valid skip (filter rule) | system missing | not administered/not applicable | invalid | no response,Yes | No | valid skip (filter rule) | system missing | not administered/not applicable | invalid | no response,,,
PA009Q11NA,PA009,,,在目前這個學年，您參與孩子學校的活動時是否受到了下列問題的阻礙？,"During <the last academic year>, has your participation in activities at your child’s school been hindered by any of the following issues?",我的孩子不希望我參加,官方,My child does not want me to participate.,是 | 否 | valid skip (filter rule) | system missing | not administered/not applicable | invalid | no response,Yes | No | valid skip (filter rule) | system missing | not administered/not applicable | invalid | no response,,,
PA009Q12DA,PA009,,,在目前這個學年，您參與孩子學校的活動時是否受到了下列問題的阻礙？,"During <the last academic year>, has your participation in activities at your child’s school been hindered by any of the following issues?",我相信學校並不安全,官方,I believed the school was unsafe.,是 | 否 | valid skip (filter rule) | system missing | not administered/not applicable | invalid | no response,Yes | No | valid skip (filter rule) | system missing | not administered/not applicable | invalid | no response,,,
PA009Q13DA,PA009,,,在目前這個學年，您參與孩子學校的活動時是否受到了下列問題的阻礙？,"During <the last academic year>, has your participation in activities at your child’s school been hindered by any of the following issues?",因為新冠肺炎疫情的關係，我無法去學校,官方,I could not go to the school because of the COVID-19 pandemic.,是 | 否 | valid skip (filter rule) | system missing | not administered/not applicable | invalid | no response,Yes | No | valid skip (filter rule) | system missing | not administered/not applicable | invalid | no response,,,
PA018Q01NA,PA018,,,您的孩子在就讀小一之前，是否定期接受過以下其中一項主要目的的安,Did your child regularly attend an arrangement with one of the following main purposes prior to <grade 1 in ISCED 1>?,看管和照顧（例如托嬰中心、保母）,官方,Supervision and care (e.g. <national examples>),是 | 否 | valid skip (filter rule) | system missing | not administered/not applicable | invalid | no response,Yes | No | valid skip (filter rule) | system missing | not administered/not applicable | invalid | no response,,,
PA018Q02NA,PA018,,,您的孩子在就讀小一之前，是否定期接受過以下其中一項主要目的的安,Did your child regularly attend an arrangement with one of the following main purposes prior to <grade 1 in ISCED 1>?,幼兒教育發展（例如公立、準公共、非營利、私立幼兒園）,官方,Early childhood educational development (e.g. <national examples>),是 | 否 | valid skip (filter rule) | system missing | not administered/not applicable | invalid | no response,Yes | No | valid skip (filter rule) | system missing | not administered/not applicable | invalid | no response,,,
PA018Q03NA,PA018,,,您的孩子在就讀小一之前，是否定期接受過以下其中一項主要目的的安,Did your child regularly attend an arrangement with one of the following main purposes prior to <grade 1 in ISCED 1>?,,,Pre-primary education (e.g. <national examples>),是 | 否 | valid skip (filter rule) | system missing | not administered/not applicable | invalid | no response,Yes | No | valid skip (filter rule) | system missing | not administered/not applicable | invalid | no response,,,
PA032Q01TA,PA032,,,,Please answer the questions below.,,,Does anybody in your family (including you) work in a <science-related career>?,是 | 否 | valid skip (filter rule) | system missing | not administered/not applicable | invalid | no response,Yes | No | valid skip (filter rule) | system missing | not administered/not applicable | invalid | no response,,,
PA032Q02TA,PA032,,,,Please answer the questions below.,,,Does your child show an interest in working in a <science-related career>?,是 | 否 | valid skip (filter rule) | system missing | not administered/not applicable | invalid | no response,Yes | No | valid skip (filter rule) | system missing | not administered/not applicable | invalid | no response,,,
PA032Q03TA,PA032,,,,Please answer the questions below.,,,Do you expect your child will go into a <science-related career>?,是 | 否 | valid skip (filter rule) | system missing | not administered/not applicable | invalid | no response,Yes | No | valid skip (filter rule) | system missing | not administered/not applicable | invalid | no response,,,
PA032Q04TA,PA032,,,,Please answer the questions below.,,,Has your child shown interest in studying science after completing <secondary school>?,是 | 否 | valid skip (filter rule) | system missing | not administered/not applicable | invalid | no response,Yes | No | valid skip (filter rule) | system missing | not administered/not applicable | invalid | no response,,,
PA032Q05TA,PA032,,,,Please answer the questions below.,,,Do you expect your child will study science after completing <secondary school>?,是 | 否 | valid skip (filter rule) | system missing | not administered/not applicable | invalid | no response,Yes | No | valid skip (filter rule) | system missing | not administered/not applicable | invalid | no response,,,
PA033Q02TA,PA033,,,科學是 PISA 研究很重要的一部分。我們希望了解家長對科學和環境議題的,How much do you agree with the following statements?,廣義科學對幫助我們了解自然世界很重要,官方,<Broad science> is important to help us to understand the natural world.,非常同意 | 同意 | 不同意 | 非常不同意 | valid skip (filter rule) | system missing | not administered/not applicable | invalid | no response,Strongly agree | Agree | Disagree | Strongly disagree | valid skip (filter rule) | system missing | not administered/not applicable | invalid | no response,,,
PA033Q06TA,PA033,,,科學是 PISA 研究很重要的一部分。我們希望了解家長對科學和環境議題的,How much do you agree with the following statements?,廣義科學有益於社會,官方,<Broad science> is valuable to society.,非常同意 | 同意 | 不同意 | 非常不同意 | valid skip (filter rule) | system missing | not administered/not applicable | invalid | no response,Strongly agree | Agree | Disagree | Strongly disagree | valid skip (filter rule) | system missing | not administered/not applicable | invalid | no response,,,
PA033Q07TA,PA033,,,科學是 PISA 研究很重要的一部分。我們希望了解家長對科學和環境議題的,How much do you agree with the following statements?,廣義科學與我息息相關,官方,<Broad science> is very relevant to me.,非常同意 | 同意 | 不同意 | 非常不同意 | valid skip (filter rule) | system missing | not administered/not applicable | invalid | no response,Strongly agree | Agree | Disagree | Strongly disagree | valid skip (filter rule) | system missing | not administered/not applicable | invalid | no response,,,
PA033Q08TA,PA033,,,科學是 PISA 研究很重要的一部分。我們希望了解家長對科學和環境議題的,How much do you agree with the following statements?,我發現廣義科學幫助我了解周圍的事物,官方,I find that <broad science> helps me to understand the things around me.,非常同意 | 同意 | 不同意 | 非常不同意 | valid skip (filter rule) | system missing | not administered/not applicable | invalid | no response,Strongly agree | Agree | Disagree | Strongly disagree | valid skip (filter rule) | system missing | not administered/not applicable | invalid | no response,,,
PA033Q09TA,PA033,,,科學是 PISA 研究很重要的一部分。我們希望了解家長對科學和環境議題的,How much do you agree with the following statements?,廣義科學的進步通常帶來社會效益,官方,Advances in <broad science> usually bring social benefits.,非常同意 | 同意 | 不同意 | 非常不同意 | valid skip (filter rule) | system missing | not administered/not applicable | invalid | no response,Strongly agree | Agree | Disagree | Strongly disagree | valid skip (filter rule) | system missing | not administered/not applicable | invalid | no response,,,
PA034Q02NA,PA034,,,,To what extent do you agree or disagree with the following statements?,,,Employers generally appreciate strong scientific knowledge and skills among their employees.,非常同意 | 同意 | 不同意 | 非常不同意 | valid skip (filter rule) | system missing | not administered/not applicable | invalid | no response,Strongly agree | Agree | Disagree | Strongly disagree | valid skip (filter rule) | system missing | not administered/not applicable | invalid | no response,,,
PA034Q04NA,PA034,,,,To what extent do you agree or disagree with the following statements?,,,It is an advantage in the job market to have good scientific knowledge and skills.,非常同意 | 同意 | 不同意 | 非常不同意 | valid skip (filter rule) | system missing | not administered/not applicable | invalid | no response,Strongly agree | Agree | Disagree | Strongly disagree | valid skip (filter rule) | system missing | not administered/not applicable | invalid | no response,,,
PA035Q01TA,PA035,環境議題認識程度,Students' environmental awareness,您是否認為以下的環境議題對您和／或其他人來說是嚴重的問題？,Do you see the environmental issues below as a serious concern for yourself and/or others?,空氣污染,官方,Air pollution,This is a serious concern for me personally as well as others | This is a serious concern for other people in my country but not for me personally | This is a serious concern only for people in other countries | This is not a serious concern for anyone | valid skip (filter rule) | system missing | not administered/not applicable | invalid | no response,This is a serious concern for me personally as well as others | This is a serious concern for other people in my country but not for me personally | This is a serious concern only for people in other countries | This is not a serious concern for anyone | valid skip (filter rule) | system missing | not administered/not applicable | invalid | no response,,,Table I.B1.5.6
PA035Q02TA,PA035,環境議題認識程度,Students' environmental awareness,您是否認為以下的環境議題對您和／或其他人來說是嚴重的問題？,Do you see the environmental issues below as a serious concern for yourself and/or others?,能源短缺,官方,Energy shortages,This is a serious concern for me personally as well as others | This is a serious concern for other people in my country but not for me personally | This is a serious concern only for people in other countries | This is not a serious concern for anyone | valid skip (filter rule) | system missing | not administered/not applicable | invalid | no response,This is a serious concern for me personally as well as others | This is a serious concern for other people in my country but not for me personally | This is a serious concern only for people in other countries | This is not a serious concern for anyone | valid skip (filter rule) | system missing | not administered/not applicable | invalid | no response,,,Table I.B1.5.6
PA035Q03TA,PA035,環境議題認識程度,Students' environmental awareness,您是否認為以下的環境議題對您和／或其他人來說是嚴重的問題？,Do you see the environmental issues below as a serious concern for yourself and/or others?,動植物滅絕,官方,Extinction of plants and animals,This is a serious concern for me personally as well as others | This is a serious concern for other people in my country but not for me personally | This is a serious concern only for people in other countries | This is not a serious concern for anyone | valid skip (filter rule) | system missing | not administered/not applicable | invalid | no response,This is a serious concern for me personally as well as others | This is a serious concern for other people in my country but not for me personally | This is a serious concern only for people in other countries | This is not a serious concern for anyone | valid skip (filter rule) | system missing | not administered/not applicable | invalid | no response,我從沒聽過=2.99 | 我聽過，但沒辦法說明它到底是什麼=17.5 | 我知道一些，能說明大致的問題=61.8 | 我很熟悉，能清楚說明=17.71,我從沒聽過=5.98 | 我聽過，但沒辦法說明它到底是什麼=18.99 | 我知道一些，能說明大致的問題=45.1 | 我很熟悉，能清楚說明=29.93,Table I.B1.5.6
PA035Q04TA,PA035,環境議題認識程度,Students' environmental awareness,您是否認為以下的環境議題對您和／或其他人來說是嚴重的問題？,Do you see the environmental issues below as a serious concern for yourself and/or others?,砍伐森林以將土地用在其他用途,官方,Clearing of forests for other land use,This is a serious concern for me personally as well as others | This is a serious concern for other people in my country but not for me personally | This is a serious concern only for people in other countries | This is not a serious concern for anyone | valid skip (filter rule) | system missing | not administered/not applicable | invalid | no response,This is a serious concern for me personally as well as others | This is a serious concern for other people in my country but not for me personally | This is a serious concern only for people in other countries | This is not a serious concern for anyone | valid skip (filter rule) | system missing | not administered/not applicable | invalid | no response,,,Table I.B1.5.6
PA035Q05TA,PA035,環境議題認識程度,Students' environmental awareness,您是否認為以下的環境議題對您和／或其他人來說是嚴重的問題？,Do you see the environmental issues below as a serious concern for yourself and/or others?,水資源短缺,官方,Water shortages,This is a serious concern for me personally as well as others | This is a serious concern for other people in my country but not for me personally | This is a serious concern only for people in other countries | This is not a serious concern for anyone | valid skip (filter rule) | system missing | not administered/not applicable | invalid | no response,This is a serious concern for me personally as well as others | This is a serious concern for other people in my country but not for me personally | This is a serious concern only for people in other countries | This is not a serious concern for anyone | valid skip (filter rule) | system missing | not administered/not applicable | invalid | no response,我從沒聽過=2.85 | 我聽過，但沒辦法說明它到底是什麼=14.79 | 我知道一些，能說明大致的問題=62.76 | 我很熟悉，能清楚說明=19.6,我從沒聽過=7.7 | 我聽過，但沒辦法說明它到底是什麼=24.26 | 我知道一些，能說明大致的問題=43.13 | 我很熟悉，能清楚說明=24.91,Table I.B1.5.6
PA035Q06TA,PA035,環境議題認識程度,Students' environmental awareness,您是否認為以下的環境議題對您和／或其他人來說是嚴重的問題？,Do you see the environmental issues below as a serious concern for yourself and/or others?,核廢料,官方,Nuclear waste,This is a serious concern for me personally as well as others | This is a serious concern for other people in my country but not for me personally | This is a serious concern only for people in other countries | This is not a serious concern for anyone | valid skip (filter rule) | system missing | not administered/not applicable | invalid | no response,This is a serious concern for me personally as well as others | This is a serious concern for other people in my country but not for me personally | This is a serious concern only for people in other countries | This is not a serious concern for anyone | valid skip (filter rule) | system missing | not administered/not applicable | invalid | no response,我從沒聽過=3.97 | 我聽過，但沒辦法說明它到底是什麼=29.4 | 我知道一些，能說明大致的問題=55.91 | 我很熟悉，能清楚說明=10.72,我從沒聽過=13.92 | 我聽過，但沒辦法說明它到底是什麼=40.61 | 我知道一些，能說明大致的問題=33.25 | 我很熟悉，能清楚說明=12.22,Table I.B1.5.6
PA035Q07NA,PA035,環境議題認識程度,Students' environmental awareness,您是否認為以下的環境議題對您和／或其他人來說是嚴重的問題？,Do you see the environmental issues below as a serious concern for yourself and/or others?,極端天氣情況,官方,Extreme weather conditions,This is a serious concern for me personally as well as others | This is a serious concern for other people in my country but not for me personally | This is a serious concern only for people in other countries | This is not a serious concern for anyone | valid skip (filter rule) | system missing | not administered/not applicable | invalid | no response,This is a serious concern for me personally as well as others | This is a serious concern for other people in my country but not for me personally | This is a serious concern only for people in other countries | This is not a serious concern for anyone | valid skip (filter rule) | system missing | not administered/not applicable | invalid | no response,,,Table I.B1.5.6
PA035Q09DA,PA035,環境議題認識程度,Students' environmental awareness,您是否認為以下的環境議題對您和／或其他人來說是嚴重的問題？,Do you see the environmental issues below as a serious concern for yourself and/or others?,氣候變遷的成因,官方,The causes of climate change,This is a serious concern for me personally as well as others | This is a serious concern for other people in my country but not for me personally | This is a serious concern only for people in other countries | This is not a serious concern for anyone | valid skip (filter rule) | system missing | not administered/not applicable | invalid | no response,This is a serious concern for me personally as well as others | This is a serious concern for other people in my country but not for me personally | This is a serious concern only for people in other countries | This is not a serious concern for anyone | valid skip (filter rule) | system missing | not administered/not applicable | invalid | no response,,,Table I.B1.5.6
PA035Q10DA,PA035,環境議題認識程度,Students' environmental awareness,您是否認為以下的環境議題對您和／或其他人來說是嚴重的問題？,Do you see the environmental issues below as a serious concern for yourself and/or others?,氣候變遷的影響,官方,The effects of climate change,This is a serious concern for me personally as well as others | This is a serious concern for other people in my country but not for me personally | This is a serious concern only for people in other countries | This is not a serious concern for anyone | valid skip (filter rule) | system missing | not administered/not applicable | invalid | no response,This is a serious concern for me personally as well as others | This is a serious concern for other people in my country but not for me personally | This is a serious concern only for people in other countries | This is not a serious concern for anyone | valid skip (filter rule) | system missing | not administered/not applicable | invalid | no response,,,Table I.B1.5.6
PA035Q11DA,PA035,環境議題認識程度,Students' environmental awareness,您是否認為以下的環境議題對您和／或其他人來說是嚴重的問題？,Do you see the environmental issues below as a serious concern for yourself and/or others?,水污染,官方,Water pollution,This is a serious concern for me personally as well as others | This is a serious concern for other people in my country but not for me personally | This is a serious concern only for people in other countries | This is not a serious concern for anyone | valid skip (filter rule) | system missing | not administered/not applicable | invalid | no response,This is a serious concern for me personally as well as others | This is a serious concern for other people in my country but not for me personally | This is a serious concern only for people in other countries | This is not a serious concern for anyone | valid skip (filter rule) | system missing | not administered/not applicable | invalid | no response,,,Table I.B1.5.6
PA035Q12DA,PA035,環境議題認識程度,Students' environmental awareness,您是否認為以下的環境議題對您和／或其他人來說是嚴重的問題？,Do you see the environmental issues below as a serious concern for yourself and/or others?,,,Contact with diseases that can pass from other animals to humans,This is a serious concern for me personally as well as others | This is a serious concern for other people in my country but not for me personally | This is a serious concern only for people in other countries | This is not a serious concern for anyone | valid skip (filter rule) | system missing | not administered/not applicable | invalid | no response,This is a serious concern for me personally as well as others | This is a serious concern for other people in my country but not for me personally | This is a serious concern only for people in other countries | This is not a serious concern for anyone | valid skip (filter rule) | system missing | not administered/not applicable | invalid | no response,,,Table I.B1.5.6
PA036Q01TA,PA036,環境議題認識程度,Students' environmental awareness,您認為在未來 20 年內，以下環境問題會有所改善還是日益惡化？,Do you think problems associated with the environmental aspects below will improve or get worse over the next 20 years?,空氣污染,官方,Air pollution,Improve | Stay about the same | Get worse | valid skip (filter rule) | system missing | not administered/not applicable | invalid | no response,Improve | Stay about the same | Get worse | valid skip (filter rule) | system missing | not administered/not applicable | invalid | no response,,,Table I.B1.5.6
PA036Q03TA,PA036,環境議題認識程度,Students' environmental awareness,您認為在未來 20 年內，以下環境問題會有所改善還是日益惡化？,Do you think problems associated with the environmental aspects below will improve or get worse over the next 20 years?,動植物滅絕,官方,Extinction of plants and animals,Improve | Stay about the same | Get worse | valid skip (filter rule) | system missing | not administered/not applicable | invalid | no response,Improve | Stay about the same | Get worse | valid skip (filter rule) | system missing | not administered/not applicable | invalid | no response,我從沒聽過=2.99 | 我聽過，但沒辦法說明它到底是什麼=17.5 | 我知道一些，能說明大致的問題=61.8 | 我很熟悉，能清楚說明=17.71,我從沒聽過=5.98 | 我聽過，但沒辦法說明它到底是什麼=18.99 | 我知道一些，能說明大致的問題=45.1 | 我很熟悉，能清楚說明=29.93,Table I.B1.5.6
PA036Q04TA,PA036,環境議題認識程度,Students' environmental awareness,您認為在未來 20 年內，以下環境問題會有所改善還是日益惡化？,Do you think problems associated with the environmental aspects below will improve or get worse over the next 20 years?,砍伐森林以將土地用在其他用途,官方,Clearing of forests for other land use,Improve | Stay about the same | Get worse | valid skip (filter rule) | system missing | not administered/not applicable | invalid | no response,Improve | Stay about the same | Get worse | valid skip (filter rule) | system missing | not administered/not applicable | invalid | no response,,,Table I.B1.5.6
PA036Q05TA,PA036,環境議題認識程度,Students' environmental awareness,您認為在未來 20 年內，以下環境問題會有所改善還是日益惡化？,Do you think problems associated with the environmental aspects below will improve or get worse over the next 20 years?,水資源短缺,官方,Water shortages,Improve | Stay about the same | Get worse | valid skip (filter rule) | system missing | not administered/not applicable | invalid | no response,Improve | Stay about the same | Get worse | valid skip (filter rule) | system missing | not administered/not applicable | invalid | no response,我從沒聽過=2.85 | 我聽過，但沒辦法說明它到底是什麼=14.79 | 我知道一些，能說明大致的問題=62.76 | 我很熟悉，能清楚說明=19.6,我從沒聽過=7.7 | 我聽過，但沒辦法說明它到底是什麼=24.26 | 我知道一些，能說明大致的問題=43.13 | 我很熟悉，能清楚說明=24.91,Table I.B1.5.6
PA036Q06TA,PA036,環境議題認識程度,Students' environmental awareness,您認為在未來 20 年內，以下環境問題會有所改善還是日益惡化？,Do you think problems associated with the environmental aspects below will improve or get worse over the next 20 years?,核廢料,官方,Nuclear waste,Improve | Stay about the same | Get worse | valid skip (filter rule) | system missing | not administered/not applicable | invalid | no response,Improve | Stay about the same | Get worse | valid skip (filter rule) | system missing | not administered/not applicable | invalid | no response,我從沒聽過=3.97 | 我聽過，但沒辦法說明它到底是什麼=29.4 | 我知道一些，能說明大致的問題=55.91 | 我很熟悉，能清楚說明=10.72,我從沒聽過=13.92 | 我聽過，但沒辦法說明它到底是什麼=40.61 | 我知道一些，能說明大致的問題=33.25 | 我很熟悉，能清楚說明=12.22,Table I.B1.5.6
PA039Q01TA,PA039,,,孩子的家人分別在哪個國家出生？,In what country were the following people in the child’s family born?,,,Mother,Country of test | Another country,Country of test | Another country,,,
PA039Q02TA,PA039,,,孩子的家人分別在哪個國家出生？,In what country were the following people in the child’s family born?,,,Father,Country of test | Another country,Country of test | Another country,,,
PA039Q03TA,PA039,,,孩子的家人分別在哪個國家出生？,In what country were the following people in the child’s family born?,,,Maternal Grand-mother,Country of test | Another country,Country of test | Another country,,,
PA039Q04TA,PA039,,,孩子的家人分別在哪個國家出生？,In what country were the following people in the child’s family born?,,,Maternal Grand-father,Country of test | Another country,Country of test | Another country,,,
PA039Q05TA,PA039,,,孩子的家人分別在哪個國家出生？,In what country were the following people in the child’s family born?,,,Paternal Grand-mother,Country of test | Another country,Country of test | Another country,,,
PA039Q06TA,PA039,,,孩子的家人分別在哪個國家出生？,In what country were the following people in the child’s family born?,臺灣,官方,Paternal Grand-father,Country of test | Another country,Country of test | Another country,,,
PA041Q01TA,PA041,,,回答以下問題時，請只考慮與帶這份問卷回家的學生有關的開支,"In the last twelve months, about how much have you paid to educational providers for services?",,,"In the last twelve months, about how much have you paid to educational providers for services?",Nothing | <More than $0 but less than $W> | <$W or more but less than $X> | <$X or more but less than $Y> | <$Y or more but less than $Z> | <$Z> or more,Nothing | <More than $0 but less than $W> | <$W or more but less than $X> | <$X or more but less than $Y> | <$Y or more but less than $Z> | <$Z> or more,,,
PA042Q01TA,PA042,,,您家庭每年的收入有多少？,What is your annual household income?,,,What is your annual household income?,Less than <$A> | <$A> or more but less than <$B> | <$B> or more but less than <$C> | <$C> or more but less than <$D> | <$D> or more but less than <$E> | <$E> or more,Less than <$A> | <$A> or more but less than <$B> | <$B> or more but less than <$C> | <$C> or more but less than <$D> | <$D> or more but less than <$E> | <$E> or more,,,
PA166Q01HA,PA166,,,您可以運用多少種語言（包括在家說的語言）自如地與他人交談？,"How many languages, including the language(s) you speak at home, do you speak well enough to converse with others?",,,"How many languages, including the language(s) you speak at home, do you speak well enough to converse with others?",一 | 二 | 三 | 四個以上 | valid skip (filter rule) | system missing | not administered/not applicable | invalid | no response,One | Two | Three | Four or more | valid skip (filter rule) | system missing | not administered/not applicable | invalid | no response,,,
PA175Q01HA,PA175,,,您的孩子在就讀小學期間曾參加以下課外教學嗎？,Did your child attend the following additional instructions during <ISCED 1>?,國語額外的加強教學,官方,<Enrichment lessons> in <test language>,是 | 否 | valid skip (filter rule) | system missing | not administered/not applicable | invalid | no response,Yes | No | valid skip (filter rule) | system missing | not administered/not applicable | invalid | no response,,,
PA175Q02HA,PA175,,,您的孩子在就讀小學期間曾參加以下課外教學嗎？,Did your child attend the following additional instructions during <ISCED 1>?,國語學習扶助課程,官方,<Remedial lessons> in <test language>,是 | 否 | valid skip (filter rule) | system missing | not administered/not applicable | invalid | no response,Yes | No | valid skip (filter rule) | system missing | not administered/not applicable | invalid | no response,,,
PA175Q03JA,PA175,,,您的孩子在就讀小學期間曾參加以下課外教學嗎？,Did your child attend the following additional instructions during <ISCED 1>?,數學額外的加強教學,官方,<Enrichment lessons> in mathematics,是 | 否 | valid skip (filter rule) | system missing | not administered/not applicable | invalid | no response,Yes | No | valid skip (filter rule) | system missing | not administered/not applicable | invalid | no response,,,
PA175Q04JA,PA175,,,您的孩子在就讀小學期間曾參加以下課外教學嗎？,Did your child attend the following additional instructions during <ISCED 1>?,數學學習扶助課程,官方,<Remedial lessons> in mathematics,是 | 否 | valid skip (filter rule) | system missing | not administered/not applicable | invalid | no response,Yes | No | valid skip (filter rule) | system missing | not administered/not applicable | invalid | no response,,,
PA175Q05DA,PA175,,,您的孩子在就讀小學期間曾參加以下課外教學嗎？,Did your child attend the following additional instructions during <ISCED 1>?,,,<Enrichment lessons> in science,是 | 否 | valid skip (filter rule) | system missing | not administered/not applicable | invalid | no response,Yes | No | valid skip (filter rule) | system missing | not administered/not applicable | invalid | no response,,,
PA175Q06DA,PA175,,,您的孩子在就讀小學期間曾參加以下課外教學嗎？,Did your child attend the following additional instructions during <ISCED 1>?,,,<Remedial lessons> in science,是 | 否 | valid skip (filter rule) | system missing | not administered/not applicable | invalid | no response,Yes | No | valid skip (filter rule) | system missing | not administered/not applicable | invalid | no response,,,
PA177Q01HA,PA177,,,在小一之前，您的孩子於哪些年紀時接受幼兒教育及照顧規畫？,At what ages did your child attend an <early childhood education and care arrangement> prior to <grade 1 in ISCED 1>?,1 歲前,官方,Up to age 1,是 | 否 | valid skip (filter rule) | system missing | not administered/not applicable | invalid | no response,Yes | No | valid skip (filter rule) | system missing | not administered/not applicable | invalid | no response,,,
PA177Q02HA,PA177,,,在小一之前，您的孩子於哪些年紀時接受幼兒教育及照顧規畫？,At what ages did your child attend an <early childhood education and care arrangement> prior to <grade 1 in ISCED 1>?,1 歲,官方,Age 1,是 | 否 | valid skip (filter rule) | system missing | not administered/not applicable | invalid | no response,Yes | No | valid skip (filter rule) | system missing | not administered/not applicable | invalid | no response,,,
PA177Q03HA,PA177,,,在小一之前，您的孩子於哪些年紀時接受幼兒教育及照顧規畫？,At what ages did your child attend an <early childhood education and care arrangement> prior to <grade 1 in ISCED 1>?,2 歲,官方,Age 2,是 | 否 | valid skip (filter rule) | system missing | not administered/not applicable | invalid | no response,Yes | No | valid skip (filter rule) | system missing | not administered/not applicable | invalid | no response,,,
PA177Q04HA,PA177,,,在小一之前，您的孩子於哪些年紀時接受幼兒教育及照顧規畫？,At what ages did your child attend an <early childhood education and care arrangement> prior to <grade 1 in ISCED 1>?,3 歲,官方,Age 3,是 | 否 | valid skip (filter rule) | system missing | not administered/not applicable | invalid | no response,Yes | No | valid skip (filter rule) | system missing | not administered/not applicable | invalid | no response,,,
PA177Q05HA,PA177,,,在小一之前，您的孩子於哪些年紀時接受幼兒教育及照顧規畫？,At what ages did your child attend an <early childhood education and care arrangement> prior to <grade 1 in ISCED 1>?,4 歲,官方,Age 4,是 | 否 | valid skip (filter rule) | system missing | not administered/not applicable | invalid | no response,Yes | No | valid skip (filter rule) | system missing | not administered/not applicable | invalid | no response,,,
PA177Q06HA,PA177,,,在小一之前，您的孩子於哪些年紀時接受幼兒教育及照顧規畫？,At what ages did your child attend an <early childhood education and care arrangement> prior to <grade 1 in ISCED 1>?,5 歲,官方,Age 5,是 | 否 | valid skip (filter rule) | system missing | not administered/not applicable | invalid | no response,Yes | No | valid skip (filter rule) | system missing | not administered/not applicable | invalid | no response,,,
PA177Q07HA,PA177,,,在小一之前，您的孩子於哪些年紀時接受幼兒教育及照顧規畫？,At what ages did your child attend an <early childhood education and care arrangement> prior to <grade 1 in ISCED 1>?,6 歲,官方,Age 6,是 | 否 | valid skip (filter rule) | system missing | not administered/not applicable | invalid | no response,Yes | No | valid skip (filter rule) | system missing | not administered/not applicable | invalid | no response,,,
PA177Q08HA,PA177,,,在小一之前，您的孩子於哪些年紀時接受幼兒教育及照顧規畫？,At what ages did your child attend an <early childhood education and care arrangement> prior to <grade 1 in ISCED 1>?,7 歲,官方,Age 7,是 | 否 | valid skip (filter rule) | system missing | not administered/not applicable | invalid | no response,Yes | No | valid skip (filter rule) | system missing | not administered/not applicable | invalid | no response,,,
PA180Q01HA,PA180,,,您的孩子接受幼兒教育及照顧規畫的主要原因是什麼？,What was the most important reason why your child attended an <early childhood education and care arrangement>?,,,What was the most important reason why your child attended an <early childhood education and care arrangement>?,"Attendance was mandatory | We/I could not care for the child (e.g. work, illness) | We/I wanted additional learning stimulation for the child (e.g. social, academic) | Most other children attended an <early childhood education and care arrangement> | valid skip (filter rule) | system missing | not administered/not applicable | invalid | no response","Attendance was mandatory | We/I could not care for the child (e.g. work, illness) | We/I wanted additional learning stimulation for the child (e.g. social, academic) | Most other children attended an <early childhood education and care arrangement> | valid skip (filter rule) | system missing | not administered/not applicable | invalid | no response",,,
PA182Q01HA,PA182,,,在三歲時，您的孩子每週接受多少小時的幼兒教育及照顧規畫？,How many hours per week did your child attend an <early childhood education and care arrangement> at the age of three years?,,,How many hours per week did your child attend an <early childhood education and care arrangement> at the age of three years?,0 hours per week | Up to 10 hours per week | 11-20 hours per week | 21-30 hours per week | 31-40 hours per week | 41-50 hours per week | 51 hours per week or more,0 hours per week | Up to 10 hours per week | 11-20 hours per week | 21-30 hours per week | 31-40 hours per week | 41-50 hours per week | 51 hours per week or more,,,
PA183Q01JA,PA183,,,您期望您的孩子完成以下哪項學歷？,Which qualification do you expect your child to complete?,國中畢業,官方,<ISCED level 2>,是 | 否 | I am not sure | valid skip (filter rule) | system missing | not administered/not applicable | invalid | no response,Yes | No | I am not sure | valid skip (filter rule) | system missing | not administered/not applicable | invalid | no response,,,
PA183Q02JA,PA183,,,您期望您的孩子完成以下哪項學歷？,Which qualification do you expect your child to complete?,五專（不含最後兩年）,官方,<ISCED level 3.3>,是 | 否 | I am not sure | valid skip (filter rule) | system missing | not administered/not applicable | invalid | no response,Yes | No | I am not sure | valid skip (filter rule) | system missing | not administered/not applicable | invalid | no response,,,
PA183Q03JA,PA183,,,您期望您的孩子完成以下哪項學歷？,Which qualification do you expect your child to complete?,高中或高職畢業,官方,<ISCED level 3.4>,是 | 否 | I am not sure | valid skip (filter rule) | system missing | not administered/not applicable | invalid | no response,Yes | No | I am not sure | valid skip (filter rule) | system missing | not administered/not applicable | invalid | no response,,,
PA183Q04JA,PA183,,,您期望您的孩子完成以下哪項學歷？,Which qualification do you expect your child to complete?,,,<ISCED level 4>,是 | 否 | I am not sure | valid skip (filter rule) | system missing | not administered/not applicable | invalid | no response,Yes | No | I am not sure | valid skip (filter rule) | system missing | not administered/not applicable | invalid | no response,,,
PA183Q05JA,PA183,,,您期望您的孩子完成以下哪項學歷？,Which qualification do you expect your child to complete?,專科學校畢業,官方,<ISCED level 5>,是 | 否 | I am not sure | valid skip (filter rule) | system missing | not administered/not applicable | invalid | no response,Yes | No | I am not sure | valid skip (filter rule) | system missing | not administered/not applicable | invalid | no response,,,
PA183Q06JA,PA183,,,您期望您的孩子完成以下哪項學歷？,Which qualification do you expect your child to complete?,學士學位,官方,<ISCED level 6>,是 | 否 | I am not sure | valid skip (filter rule) | system missing | not administered/not applicable | invalid | no response,Yes | No | I am not sure | valid skip (filter rule) | system missing | not administered/not applicable | invalid | no response,,,
PA183Q07JA,PA183,,,您期望您的孩子完成以下哪項學歷？,Which qualification do you expect your child to complete?,碩士學位,官方,<ISCED level 7>,是 | 否 | I am not sure | valid skip (filter rule) | system missing | not administered/not applicable | invalid | no response,Yes | No | I am not sure | valid skip (filter rule) | system missing | not administered/not applicable | invalid | no response,,,
PA183Q08JA,PA183,,,您期望您的孩子完成以下哪項學歷？,Which qualification do you expect your child to complete?,博士學位,官方,<ISCED level 8>,是 | 否 | I am not sure | valid skip (filter rule) | system missing | not administered/not applicable | invalid | no response,Yes | No | I am not sure | valid skip (filter rule) | system missing | not administered/not applicable | invalid | no response,,,
PA190Q01DA,PA190,,,有多少個家長或監護人（包括您自己）照顧您的孩子並提供金錢或其他,"Including yourself, how many parents or guardians take care of your child and provide money or resources?",,,"Including yourself, how many parents or guardians take care of your child and provide money or resources?",一 | 二 | 三個以上 | valid skip (filter rule) | system missing | not administered/not applicable | invalid | no response,One | Two | Three or more | valid skip (filter rule) | system missing | not administered/not applicable | invalid | no response,,,
PA194Q01JA,PA194,,,您家中有多少個有螢幕的數位資源？,How many <digital devices> with screens are there in your home?,沒有任何具有螢幕的數位資源,官方,How many <digital devices> with screens are there in your home?,There are no <digital devices> with screens | 一 | 二 | 三 | 四 | 五 | 6 至 10 | 超過 10,There are no <digital devices> with screens | One | Two | Three | Four | Five | 6 to 10 | More than 10,,,
PA201Q01DA,PA201,,,請想想您的孩子在校外使用數位資源的情況。下列敘述您同意的程度為何？,Think about how your child uses <digital resources> outside of school. How much do you agree or disagree with the following statements.,孩子上床睡覺時會關掉數位裝置上社群網路和應用程式的通知,官方,My child turns off notifications from social networks and apps on his/her <digital devices> when he/she goes to sleep.,非常不同意 | 不同意 | 同意 | 非常同意 | Does not apply,Strongly disagree | Disagree | Agree | Strongly agree | Does not apply,,,
PA201Q02DA,PA201,,,請想想您的孩子在校外使用數位資源的情況。下列敘述您同意的程度為何？,Think about how your child uses <digital resources> outside of school. How much do you agree or disagree with the following statements.,孩子身邊沒有數位裝置時會感到緊張／焦慮,官方,My child feels nervous/anxious when he/she doesn’t have his/her <digital device> nearby.,非常不同意 | 不同意 | 同意 | 非常同意 | Does not apply,Strongly disagree | Disagree | Agree | Strongly agree | Does not apply,,,
PA201Q03DA,PA201,,,請想想您的孩子在校外使用數位資源的情況。下列敘述您同意的程度為何？,Think about how your child uses <digital resources> outside of school. How much do you agree or disagree with the following statements.,孩子使用數位資源來進行在校外的學習活動,官方,My child uses <digital resources> for learning activities outside of school.,非常不同意 | 不同意 | 同意 | 非常同意 | Does not apply,Strongly disagree | Disagree | Agree | Strongly agree | Does not apply,,,
PA201Q05DA,PA201,,,請想想您的孩子在校外使用數位資源的情況。下列敘述您同意的程度為何？,Think about how your child uses <digital resources> outside of school. How much do you agree or disagree with the following statements.,孩子花太多時間玩電玩遊戲,官方,My child spends too much time playing videogames.,非常不同意 | 不同意 | 同意 | 非常同意 | Does not apply,Strongly disagree | Disagree | Agree | Strongly agree | Does not apply,,,
PA201Q06DA,PA201,,,請想想您的孩子在校外使用數位資源的情況。下列敘述您同意的程度為何？,Think about how your child uses <digital resources> outside of school. How much do you agree or disagree with the following statements.,孩子花太多時間在社群媒體上,官方,My child spends too much time on social media.,非常不同意 | 不同意 | 同意 | 非常同意 | Does not apply,Strongly disagree | Disagree | Agree | Strongly agree | Does not apply,,,
PA202Q01DA,PA202,,,下列敘述是否適用於您？,Do the following statements apply to you?,我規定孩子可以花多少時間或在什麼時候使用數位資源,官方,I define rules about how long or when my child is allowed to use <digital resources>.,是 | 否 | valid skip (filter rule) | system missing | not administered/not applicable | invalid | no response,Yes | No | valid skip (filter rule) | system missing | not administered/not applicable | invalid | no response,,,
PA202Q02DA,PA202,,,下列敘述是否適用於您？,Do the following statements apply to you?,我監督孩子在使用數位資源時所做的事情,官方,I monitor what my child does when using <digital resources>.,是 | 否 | valid skip (filter rule) | system missing | not administered/not applicable | invalid | no response,Yes | No | valid skip (filter rule) | system missing | not administered/not applicable | invalid | no response,,,
PA202Q03DA,PA202,,,下列敘述是否適用於您？,Do the following statements apply to you?,我設置過濾器來防止孩子存取網路上不適當的內容,官方,I set up filters to prevent my child from accessing inappropriate content online.,是 | 否 | valid skip (filter rule) | system missing | not administered/not applicable | invalid | no response,Yes | No | valid skip (filter rule) | system missing | not administered/not applicable | invalid | no response,,,
PA202Q04DA,PA202,,,下列敘述是否適用於您？,Do the following statements apply to you?,我的孩子可以無限制地使用數位資源,官方,My child can use <digital resources> without any restriction.,是 | 否 | valid skip (filter rule) | system missing | not administered/not applicable | invalid | no response,Yes | No | valid skip (filter rule) | system missing | not administered/not applicable | invalid | no response,,,
PA202Q05DA,PA202,,,下列敘述是否適用於您？,Do the following statements apply to you?,我與孩子談論他在網路上做的事情,官方,I talk to my child about what he/she does on the internet.,是 | 否 | valid skip (filter rule) | system missing | not administered/not applicable | invalid | no response,Yes | No | valid skip (filter rule) | system missing | not administered/not applicable | invalid | no response,,,
PA202Q06DA,PA202,,,下列敘述是否適用於您？,Do the following statements apply to you?,我鼓勵孩子在網路上探索和學習事物,官方,I encourage my child to explore and learn things on the Internet.,是 | 否 | valid skip (filter rule) | system missing | not administered/not applicable | invalid | no response,Yes | No | valid skip (filter rule) | system missing | not administered/not applicable | invalid | no response,,,
PA203Q01DA,PA203,,,下列敘述您同意的程度為何？,To what extent do you agree or disagree with the following statements?,家長應該使用數位資源來與孩子的老師和學校溝通,官方,Parents should use <digital resources> to communicate with their child's teachers and school.,非常不同意 | 不同意 | 同意 | 非常同意 | valid skip (filter rule) | system missing | not administered/not applicable | invalid | no response,Strongly disagree | Disagree | Agree | Strongly agree | valid skip (filter rule) | system missing | not administered/not applicable | invalid | no response,,,
PA203Q02DA,PA203,,,下列敘述您同意的程度為何？,To what extent do you agree or disagree with the following statements?,學校應該讓家長使用數位資源來追蹤孩子在學校的學習進度,官方,Schools should allow parents to track the progress of their children at school using <digital resources>.,非常不同意 | 不同意 | 同意 | 非常同意 | valid skip (filter rule) | system missing | not administered/not applicable | invalid | no response,Strongly disagree | Disagree | Agree | Strongly agree | valid skip (filter rule) | system missing | not administered/not applicable | invalid | no response,,,
PA203Q03DA,PA203,,,下列敘述您同意的程度為何？,To what extent do you agree or disagree with the following statements?,學校應該非常注重教授程式編寫和電腦科學,官方,Schools should put a strong focus on teaching programming and computer science.,非常不同意 | 不同意 | 同意 | 非常同意 | valid skip (filter rule) | system missing | not administered/not applicable | invalid | no response,Strongly disagree | Disagree | Agree | Strongly agree | valid skip (filter rule) | system missing | not administered/not applicable | invalid | no response,,,
PA203Q04DA,PA203,,,下列敘述您同意的程度為何？,To what extent do you agree or disagree with the following statements?,學校應該非常注重教導學生如何評估網路上資訊的品質,官方,Schools should put a strong focus on teaching students how to assess the quality of information online.,非常不同意 | 不同意 | 同意 | 非常同意 | valid skip (filter rule) | system missing | not administered/not applicable | invalid | no response,Strongly disagree | Disagree | Agree | Strongly agree | valid skip (filter rule) | system missing | not administered/not applicable | invalid | no response,,,
PA203Q05DA,PA203,,,下列敘述您同意的程度為何？,To what extent do you agree or disagree with the following statements?,學校應該非常注重教導學生如何安全和合乎倫理地使用數位資源,官方,Schools should put a strong focus on teaching students how to use <digital resources> safely and ethically.,非常不同意 | 不同意 | 同意 | 非常同意 | valid skip (filter rule) | system missing | not administered/not applicable | invalid | no response,Strongly disagree | Disagree | Agree | Strongly agree | valid skip (filter rule) | system missing | not administered/not applicable | invalid | no response,,,
PA204Q01DA,PA204,,,下列關於您的孩子的敘述，您同意的程度為何？,To what extent do you agree or disagree with the following statements about your child?,孩子對學校科目中的新事物很有求知慾,官方,My child is curious to learn new things on his/her school subjects.,非常不同意 | 不同意 | 同意 | 非常同意 | valid skip (filter rule) | system missing | not administered/not applicable | invalid | no response,Strongly disagree | Disagree | Agree | Strongly agree | valid skip (filter rule) | system missing | not administered/not applicable | invalid | no response,,,
PA204Q02DA,PA204,,,下列關於您的孩子的敘述，您同意的程度為何？,To what extent do you agree or disagree with the following statements about your child?,孩子擅長自己學習新事物,官方,My child is good at learning new things on his/her own.,非常不同意 | 不同意 | 同意 | 非常同意 | valid skip (filter rule) | system missing | not administered/not applicable | invalid | no response,Strongly disagree | Disagree | Agree | Strongly agree | valid skip (filter rule) | system missing | not administered/not applicable | invalid | no response,,,
PA204Q03DA,PA204,,,下列關於您的孩子的敘述，您同意的程度為何？,To what extent do you agree or disagree with the following statements about your child?,孩子每當遇到不明白的事物都會發問,官方,My child asks questions whenever he/she does not understand something.,非常不同意 | 不同意 | 同意 | 非常同意 | valid skip (filter rule) | system missing | not administered/not applicable | invalid | no response,Strongly disagree | Disagree | Agree | Strongly agree | valid skip (filter rule) | system missing | not administered/not applicable | invalid | no response,,,
PA204Q04DA,PA204,,,下列關於您的孩子的敘述，您同意的程度為何？,To what extent do you agree or disagree with the following statements about your child?,孩子擅長管理自己在學習時的情緒（例如沮喪、焦慮、無聊）,官方,"My child is good at managing his/her emotions when learning (e.g., frustration, anxiety, boredom).",非常不同意 | 不同意 | 同意 | 非常同意 | valid skip (filter rule) | system missing | not administered/not applicable | invalid | no response,Strongly disagree | Disagree | Agree | Strongly agree | valid skip (filter rule) | system missing | not administered/not applicable | invalid | no response,,,
PA204Q07DA,PA204,,,下列關於您的孩子的敘述，您同意的程度為何？,To what extent do you agree or disagree with the following statements about your child?,孩子先嘗試自己找學校作業的解答，如果找不到才會尋求幫助,官方,My child tries to find solutions to school assignments on his/her own before asking for help.,非常不同意 | 不同意 | 同意 | 非常同意 | valid skip (filter rule) | system missing | not administered/not applicable | invalid | no response,Strongly disagree | Disagree | Agree | Strongly agree | valid skip (filter rule) | system missing | not administered/not applicable | invalid | no response,,,
PA204Q08DA,PA204,,,下列關於您的孩子的敘述，您同意的程度為何？,To what extent do you agree or disagree with the following statements about your child?,孩子樂於接受我評論他的作業,官方,My child welcomes comments from me on his/her work.,非常不同意 | 不同意 | 同意 | 非常同意 | valid skip (filter rule) | system missing | not administered/not applicable | invalid | no response,Strongly disagree | Disagree | Agree | Strongly agree | valid skip (filter rule) | system missing | not administered/not applicable | invalid | no response,,,
PA204Q09DA,PA204,,,下列關於您的孩子的敘述，您同意的程度為何？,To what extent do you agree or disagree with the following statements about your child?,孩子留意老師給他的回饋,官方,My child is attentive to the feedback he/she receives from teachers.,非常不同意 | 不同意 | 同意 | 非常同意 | valid skip (filter rule) | system missing | not administered/not applicable | invalid | no response,Strongly disagree | Disagree | Agree | Strongly agree | valid skip (filter rule) | system missing | not administered/not applicable | invalid | no response,,,
PA205Q01DA,PA205,運用數位資源完成的學習任務,School tasks involving digital resources,您在多大程度上能夠使用數位資源來做以下任務？,To what extent are you able to do the following tasks using <digital resources>?,網路上搜尋和查找相關資訊,官方,Search for and find relevant information online,I cannot do this | I struggle to do this on my own | I can do with a bit of effort | I can easily do this | I don’t know what this is,I cannot do this | I struggle to do this on my own | I can do with a bit of effort | I can easily do this | I don’t know what this is,從不或幾乎從不=15.83 | 有時=44.05 | 經常=24.03 | 非常經常=16.09,從不或幾乎從不=12.33 | 有時=31.29 | 經常=34.33 | 非常經常=22.04,Table I.B1.4.67
PA205Q02DA,PA205,運用數位資源完成的學習任務,School tasks involving digital resources,您在多大程度上能夠使用數位資源來做以下任務？,To what extent are you able to do the following tasks using <digital resources>?,評估您在網路上找到的資訊的品質,官方,Assess the quality of information you find online,I cannot do this | I struggle to do this on my own | I can do with a bit of effort | I can easily do this | I don’t know what this is,I cannot do this | I struggle to do this on my own | I can do with a bit of effort | I can easily do this | I don’t know what this is,從不或幾乎從不=28.86 | 有時=41.05 | 經常=19.47 | 非常經常=10.62,從不或幾乎從不=21.95 | 有時=38.32 | 經常=27.89 | 非常經常=11.85,Table I.B1.4.67
PA205Q03DA,PA205,運用數位資源完成的學習任務,School tasks involving digital resources,您在多大程度上能夠使用數位資源來做以下任務？,To what extent are you able to do the following tasks using <digital resources>?,撰寫或編輯正式文件，如履歷（例如使用 Google®文件、Microsoft® Word）,官方,"Write or edit text for a formal document such as a CV (e.g. using <Google® Docs™>, <Microsoft® Word>)",I cannot do this | I struggle to do this on my own | I can do with a bit of effort | I can easily do this | I don’t know what this is,I cannot do this | I struggle to do this on my own | I can do with a bit of effort | I can easily do this | I don’t know what this is,,,Table I.B1.4.67
PA205Q04DA,PA205,運用數位資源完成的學習任務,School tasks involving digital resources,您在多大程度上能夠使用數位資源來做以下任務？,To what extent are you able to do the following tasks using <digital resources>?,創作多媒體報告（包含聲音、圖片、影片）,官方,"Create a multi-media presentation (with sound, pictures, or video)",I cannot do this | I struggle to do this on my own | I can do with a bit of effort | I can easily do this | I don’t know what this is,I cannot do this | I struggle to do this on my own | I can do with a bit of effort | I can easily do this | I don’t know what this is,從不或幾乎從不=33.05 | 有時=42.4 | 經常=15.49 | 非常經常=9.06,從不或幾乎從不=26.93 | 有時=36.75 | 經常=24.13 | 非常經常=12.19,Table I.B1.4.67
PA205Q05DA,PA205,運用數位資源完成的學習任務,School tasks involving digital resources,您在多大程度上能夠使用數位資源來做以下任務？,To what extent are you able to do the following tasks using <digital resources>?,製作或編輯影片（例如 iMovie、威力導演、InShot、AdobePremiere Pro/Elements）,官方,"Create or edit videos (e.g. <iMovie, Final Cut Pro, InShot>)",I cannot do this | I struggle to do this on my own | I can do with a bit of effort | I can easily do this | I don’t know what this is,I cannot do this | I struggle to do this on my own | I can do with a bit of effort | I can easily do this | I don’t know what this is,從不或幾乎從不=50.32 | 有時=34.99 | 經常=9.26 | 非常經常=5.43,從不或幾乎從不=49.94 | 有時=29.74 | 經常=14.02 | 非常經常=6.3,Table I.B1.4.67
PA205Q06DA,PA205,運用數位資源完成的學習任務,School tasks involving digital resources,您在多大程度上能夠使用數位資源來做以下任務？,To what extent are you able to do the following tasks using <digital resources>?,製作或編輯音樂（例如Audacity、GarageBand）,官方,"Create or edit music (e.g. <Audacity, GarageBand>)",I cannot do this | I struggle to do this on my own | I can do with a bit of effort | I can easily do this | I don’t know what this is,I cannot do this | I struggle to do this on my own | I can do with a bit of effort | I can easily do this | I don’t know what this is,從不或幾乎從不=59.36 | 有時=29.49 | 經常=7.18 | 非常經常=3.97,從不或幾乎從不=64.67 | 有時=21.56 | 經常=9.53 | 非常經常=4.25,Table I.B1.4.67
PA205Q07DA,PA205,運用數位資源完成的學習任務,School tasks involving digital resources,您在多大程度上能夠使用數位資源來做以下任務？,To what extent are you able to do the following tasks using <digital resources>?,編寫電腦程式（例如使用Scratch、Python、Java、C）,官方,"Create a computer program (e.g., in <Scratch>, <Python>, <Java>)",I cannot do this | I struggle to do this on my own | I can do with a bit of effort | I can easily do this | I don’t know what this is,I cannot do this | I struggle to do this on my own | I can do with a bit of effort | I can easily do this | I don’t know what this is,,,Table I.B1.4.67
PA205Q08DA,PA205,運用數位資源完成的學習任務,School tasks involving digital resources,您在多大程度上能夠使用數位資源來做以下任務？,To what extent are you able to do the following tasks using <digital resources>?,收集和記錄數據（例如使用數據記錄器、Microsoft®Access™、Microsoft®Excel™、Google® 表單、Google 試算表）,官方,"Collect and record data (e.g., using data loggers, <Microsoft® Access™>, <Google® Form>, <Excel>)",I cannot do this | I struggle to do this on my own | I can do with a bit of effort | I can easily do this | I don’t know what this is,I cannot do this | I struggle to do this on my own | I can do with a bit of effort | I can easily do this | I don’t know what this is,從不或幾乎從不=52.48 | 有時=33.62 | 經常=9.01 | 非常經常=4.89,從不或幾乎從不=45.24 | 有時=31.36 | 經常=16.93 | 非常經常=6.46,Table I.B1.4.67
PA205Q09DA,PA205,運用數位資源完成的學習任務,School tasks involving digital resources,您在多大程度上能夠使用數位資源來做以下任務？,To what extent are you able to do the following tasks using <digital resources>?,架設或編輯網頁（例如使用WordPress、Google 協作平台、WiX）,官方,Build or edit a webpage (e.g. using <WordPress>),I cannot do this | I struggle to do this on my own | I can do with a bit of effort | I can easily do this | I don’t know what this is,I cannot do this | I struggle to do this on my own | I can do with a bit of effort | I can easily do this | I don’t know what this is,從不或幾乎從不=66.17 | 有時=24.38 | 經常=6.13 | 非常經常=3.31,從不或幾乎從不=66.25 | 有時=20.03 | 經常=9.76 | 非常經常=3.96,Table I.B1.4.67
PA205Q10DA,PA205,運用數位資源完成的學習任務,School tasks involving digital resources,您在多大程度上能夠使用數位資源來做以下任務？,To what extent are you able to do the following tasks using <digital resources>?,製作與其他人協作的共享文件（例如使用 Google 文件、Dropbox、Microsoft 365）,官方,"Create shared documents for collaboration with others (e.g. using <Google® Docs™, Dropbox>)",I cannot do this | I struggle to do this on my own | I can do with a bit of effort | I can easily do this | I don’t know what this is,I cannot do this | I struggle to do this on my own | I can do with a bit of effort | I can easily do this | I don’t know what this is,從不或幾乎從不=37.05 | 有時=37.7 | 經常=16.57 | 非常經常=8.68,從不或幾乎從不=39.37 | 有時=27.94 | 經常=21.39 | 非常經常=11.29,Table I.B1.4.67
PA205Q11DA,PA205,運用數位資源完成的學習任務,School tasks involving digital resources,您在多大程度上能夠使用數位資源來做以下任務？,To what extent are you able to do the following tasks using <digital resources>?,使用繪圖或圖像軟體和應用程式,官方,Use drawing or graphic software and applications,I cannot do this | I struggle to do this on my own | I can do with a bit of effort | I can easily do this | I don’t know what this is,I cannot do this | I struggle to do this on my own | I can do with a bit of effort | I can easily do this | I don’t know what this is,,,Table I.B1.4.67
PA205Q12DA,PA205,運用數位資源完成的學習任務,School tasks involving digital resources,您在多大程度上能夠使用數位資源來做以下任務？,To what extent are you able to do the following tasks using <digital resources>?,解釋我的個人資料是如何被特定的應用程式或網站收集和共享,官方,Explain how my personal data are being collected and shared by any particular app or website,I cannot do this | I struggle to do this on my own | I can do with a bit of effort | I can easily do this | I don’t know what this is,I cannot do this | I struggle to do this on my own | I can do with a bit of effort | I can easily do this | I don’t know what this is,,,Table I.B1.4.67
PA205Q13DA,PA205,運用數位資源完成的學習任務,School tasks involving digital resources,您在多大程度上能夠使用數位資源來做以下任務？,To what extent are you able to do the following tasks using <digital resources>?,評估人工智慧聊天機器人（例如 ChatGPT、Google Bard）所產生資訊的品質,官方,"Assess the quality of information generated by Artificial Intelligence chatbots (e.g. <ChatGPT>, <Google Bard>)",I cannot do this | I struggle to do this on my own | I can do with a bit of effort | I can easily do this | I don’t know what this is,I cannot do this | I struggle to do this on my own | I can do with a bit of effort | I can easily do this | I don’t know what this is,從不或幾乎從不=34.13 | 有時=33.33 | 經常=18.39 | 非常經常=14.15,從不或幾乎從不=37.39 | 有時=28.52 | 經常=20.6 | 非常經常=13.49,Table I.B1.4.67
PA401Q01DA,PA401,成長心態,Students' beliefs in growth mindset,下列敘述您同意的程度為何？,To what extent do you agree or disagree with the following statements?,當孩子有好表現，我會告訴孩子他很努力,官方,When my child does well I tell them they worked hard.,非常不同意 | 不同意 | 同意 | 非常同意 | valid skip (filter rule) | system missing | not administered/not applicable | invalid | no response,Strongly disagree | Disagree | Agree | Strongly agree | valid skip (filter rule) | system missing | not administered/not applicable | invalid | no response,… strongly disagree or disagree (A)=43.62 | … agree or strongly agree (B)=45.64,… strongly disagree or disagree (A)=66.22 | … agree or strongly agree (B)=70.9,Table I.B1.3.24
PA401Q02DA,PA401,成長心態,Students' beliefs in growth mindset,下列敘述您同意的程度為何？,To what extent do you agree or disagree with the following statements?,如果孩子有好表現，我會告訴孩子他很聰明,官方,"If my child does well, I tell them how smart they are.",非常不同意 | 不同意 | 同意 | 非常同意 | valid skip (filter rule) | system missing | not administered/not applicable | invalid | no response,Strongly disagree | Disagree | Agree | Strongly agree | valid skip (filter rule) | system missing | not administered/not applicable | invalid | no response,… strongly disagree or disagree (A)=42.11 | … agree or strongly agree (B)=46.21,… strongly disagree or disagree (A)=70.85 | … agree or strongly agree (B)=70.46,Table I.B1.3.24
PA401Q03DA,PA401,成長心態,Students' beliefs in growth mindset,下列敘述您同意的程度為何？,To what extent do you agree or disagree with the following statements?,即使孩子在某個科目的表現很差，我仍然會相信並尊重孩子,官方,"Even if my child does poorly in a subject, I would still believe in and respect my child.",非常不同意 | 不同意 | 同意 | 非常同意 | valid skip (filter rule) | system missing | not administered/not applicable | invalid | no response,Strongly disagree | Disagree | Agree | Strongly agree | valid skip (filter rule) | system missing | not administered/not applicable | invalid | no response,,,Table I.B1.3.24
PA401Q04DA,PA401,成長心態,Students' beliefs in growth mindset,下列敘述您同意的程度為何？,To what extent do you agree or disagree with the following statements?,如果孩子有好表現，我會為他的努力感到驕傲,官方,"If my child did well, I would be proud of how hard they tried.",非常不同意 | 不同意 | 同意 | 非常同意 | valid skip (filter rule) | system missing | not administered/not applicable | invalid | no response,Strongly disagree | Disagree | Agree | Strongly agree | valid skip (filter rule) | system missing | not administered/not applicable | invalid | no response,,,Table I.B1.3.24
PA401Q05DA,PA401,成長心態,Students' beliefs in growth mindset,下列敘述您同意的程度為何？,To what extent do you agree or disagree with the following statements?,如果孩子的表現很差，我會幫助他理解如何改變做法來取得成功,官方,"If my child did poorly, I would help them understand what they could do differently to succeed.",非常不同意 | 不同意 | 同意 | 非常同意 | valid skip (filter rule) | system missing | not administered/not applicable | invalid | no response,Strongly disagree | Disagree | Agree | Strongly agree | valid skip (filter rule) | system missing | not administered/not applicable | invalid | no response,… strongly disagree or disagree (A)=45.89 | … agree or strongly agree (B)=45.55,… strongly disagree or disagree (A)=68.11 | … agree or strongly agree (B)=70.79,Table I.B1.3.24
PA401Q06DA,PA401,成長心態,Students' beliefs in growth mindset,下列敘述您同意的程度為何？,To what extent do you agree or disagree with the following statements?,如果孩子的表現很差，我會認為他不夠努力,官方,"If my child does poorly, it means they didn’t try enough.",非常不同意 | 不同意 | 同意 | 非常同意 | valid skip (filter rule) | system missing | not administered/not applicable | invalid | no response,Strongly disagree | Disagree | Agree | Strongly agree | valid skip (filter rule) | system missing | not administered/not applicable | invalid | no response,… agree or strongly agree (A)=46.01 | … strongly disagree or disagree (B)=45.21,… agree or strongly agree (A)=68.49 | … strongly disagree or disagree (B)=72.39,Table I.B1.3.24
