代碼,題組,構念（中）,構念（英）,題幹（中）,題幹（英）,題目（中）,題目（英）,選項（中）,選項（英）,臺灣各選項%,OECD各選項%,Annex B 表
ST016Q01NA,ST016,,,整體來說，你對自己目前的生活有多滿意？,"Overall, how satisfied are you with your life as a whole these days?",整體來說，你對自己目前的生活有多滿意？,"Overall, how satisfied are you with your life as a whole these days?",0 | 1 | 2 | 3 | 4 | 5 | 6 | 7 | 8 | 9 | 10,0 | 1 | 2 | 3 | 4 | 5 | 6 | 7 | 8 | 9 | 10,,,
ST021Q01TA,ST021,,,你來到〈施測國〉時幾歲？,How old were you when you arrived in <country of test>?,你來到〈施測國〉時幾歲？,How old were you when you arrived in <country of test>?,0 至 5 歲 | 6 至 11 歲 | 12 歲以上,0-5 years | 6-11 years | 12 years or more,,,
ST022Q01TA,ST022,,,你在家裡最常說哪一種語言？,What language do you speak at home most of the time?,你在家裡最常說哪一種語言？,What language do you speak at home most of the time?,施測語言 | 其他語言,Language of test | Other Language,,,
ST034Q01TA,ST034,學校歸屬感,Students' sense of belonging,想想你的學校：你同意以下說法到什麼程度？,Thinking about your school: to what extent do you agree with the following statements?,我在學校覺得自己像個局外人（或被排擠在外）。,I feel like an outsider (or left out of things) at school.,非常同意 | 同意 | 不同意 | 非常不同意 | valid skip (filter rule) | system missing | not administered/not applicable | invalid | no response,Strongly Agree | Agree | Disagree | Strongly disagree | valid skip (filter rule) | system missing | not administered/not applicable | invalid | no response,非常同意=2.46 | 同意=7.83 | 不同意=42.62 | 非常不同意=47.09,非常同意=4.62 | 同意=10.76 | 不同意=39.87 | 非常不同意=44.75,Table I.B1.3.62
ST034Q02TA,ST034,學校歸屬感,Students' sense of belonging,想想你的學校：你同意以下說法到什麼程度？,Thinking about your school: to what extent do you agree with the following statements?,我在學校很容易交到朋友。,I make friends easily at school.,非常同意 | 同意 | 不同意 | 非常不同意 | valid skip (filter rule) | system missing | not administered/not applicable | invalid | no response,Strongly Agree | Agree | Disagree | Strongly disagree | valid skip (filter rule) | system missing | not administered/not applicable | invalid | no response,非常同意=24.23 | 同意=54.6 | 不同意=17.54 | 非常不同意=3.63,非常同意=26.08 | 同意=53.93 | 不同意=15.3 | 非常不同意=4.69,Table I.B1.3.62
ST034Q03TA,ST034,學校歸屬感,Students' sense of belonging,想想你的學校：你同意以下說法到什麼程度？,Thinking about your school: to what extent do you agree with the following statements?,我覺得自己屬於這所學校。,I feel like I belong at school.,非常同意 | 同意 | 不同意 | 非常不同意 | valid skip (filter rule) | system missing | not administered/not applicable | invalid | no response,Strongly Agree | Agree | Disagree | Strongly disagree | valid skip (filter rule) | system missing | not administered/not applicable | invalid | no response,非常同意=22.77 | 同意=62.21 | 不同意=11.33 | 非常不同意=3.69,非常同意=22.23 | 同意=53.96 | 不同意=16.9 | 非常不同意=6.92,Table I.B1.3.62
ST034Q04TA,ST034,學校歸屬感,Students' sense of belonging,想想你的學校：你同意以下說法到什麼程度？,Thinking about your school: to what extent do you agree with the following statements?,我在學校裡覺得尷尬、格格不入。,I feel awkward and out of place in my school.,非常同意 | 同意 | 不同意 | 非常不同意 | valid skip (filter rule) | system missing | not administered/not applicable | invalid | no response,Strongly Agree | Agree | Disagree | Strongly disagree | valid skip (filter rule) | system missing | not administered/not applicable | invalid | no response,非常同意=4.51 | 同意=17.45 | 不同意=48.62 | 非常不同意=29.41,非常同意=5.19 | 同意=14.02 | 不同意=42.99 | 非常不同意=37.8,Table I.B1.3.62
ST034Q05TA,ST034,學校歸屬感,Students' sense of belonging,想想你的學校：你同意以下說法到什麼程度？,Thinking about your school: to what extent do you agree with the following statements?,其他同學似乎喜歡我。,Other students seem to like me.,非常同意 | 同意 | 不同意 | 非常不同意 | valid skip (filter rule) | system missing | not administered/not applicable | invalid | no response,Strongly Agree | Agree | Disagree | Strongly disagree | valid skip (filter rule) | system missing | not administered/not applicable | invalid | no response,非常同意=9.03 | 同意=53.54 | 不同意=31.32 | 非常不同意=6.11,非常同意=19.31 | 同意=63.81 | 不同意=12.91 | 非常不同意=3.97,Table I.B1.3.62
ST034Q06TA,ST034,學校歸屬感,Students' sense of belonging,想想你的學校：你同意以下說法到什麼程度？,Thinking about your school: to what extent do you agree with the following statements?,我在學校覺得孤單。,I feel lonely at school.,非常同意 | 同意 | 不同意 | 非常不同意 | valid skip (filter rule) | system missing | not administered/not applicable | invalid | no response,Strongly Agree | Agree | Disagree | Strongly disagree | valid skip (filter rule) | system missing | not administered/not applicable | invalid | no response,非常同意=2.98 | 同意=9.45 | 不同意=47.21 | 非常不同意=40.36,非常同意=4.03 | 同意=9.31 | 不同意=37.45 | 非常不同意=49.21,Table I.B1.3.62
ST038Q04NA,ST038,遭受霸凌,Students' exposure to bullying,過去 12 個月內，你在學校多常遇到以下情況？,"During the past 12 months, how often have you had the following experiences in school?",其他同學取笑我。,Other students made fun of me.,從不或幾乎從不 | 一年幾次 | 一個月幾次 | 一週一次以上 | valid skip (filter rule) | system missing | not administered/not applicable | invalid | no response,Never or almost never | A few times a year | A few times a month | Once a week or more | valid skip (filter rule) | system missing | not administered/not applicable | invalid | no response,從不或幾乎從不=75.05 | 一年幾次=15.2 | 一個月幾次=5.52 | 一週一次以上=4.24,從不或幾乎從不=64.95 | 一年幾次=21.28 | 一個月幾次=7.51 | 一週一次以上=6.25,Table I.B1.4.138
ST038Q05NA,ST038,遭受霸凌,Students' exposure to bullying,過去 12 個月內，你在學校多常遇到以下情況？,"During the past 12 months, how often have you had the following experiences in school?",我被其他同學威脅。,I was threatened by other students.,從不或幾乎從不 | 一年幾次 | 一個月幾次 | 一週一次以上 | valid skip (filter rule) | system missing | not administered/not applicable | invalid | no response,Never or almost never | A few times a year | A few times a month | Once a week or more | valid skip (filter rule) | system missing | not administered/not applicable | invalid | no response,從不或幾乎從不=97.01 | 一年幾次=1.93 | 一個月幾次=0.56 | 一週一次以上=0.5,從不或幾乎從不=88.13 | 一年幾次=7.85 | 一個月幾次=2.05 | 一週一次以上=1.97,Table I.B1.4.138
ST038Q07NA,ST038,遭受霸凌,Students' exposure to bullying,過去 12 個月內，你在學校多常遇到以下情況？,"During the past 12 months, how often have you had the following experiences in school?",我被其他同學打或推擠。,I got hit or pushed around by other students.,從不或幾乎從不 | 一年幾次 | 一個月幾次 | 一週一次以上 | valid skip (filter rule) | system missing | not administered/not applicable | invalid | no response,Never or almost never | A few times a year | A few times a month | Once a week or more | valid skip (filter rule) | system missing | not administered/not applicable | invalid | no response,從不或幾乎從不=97.99 | 一年幾次=1.19 | 一個月幾次=0.3 | 一週一次以上=0.52,從不或幾乎從不=86.42 | 一年幾次=8.64 | 一個月幾次=2.49 | 一週一次以上=2.45,Table I.B1.4.138
ST038Q08NA,ST038,遭受霸凌,Students' exposure to bullying,過去 12 個月內，你在學校多常遇到以下情況？,"During the past 12 months, how often have you had the following experiences in school?",其他同學散布關於我的惡意謠言。,Other students spread nasty rumours about me.,從不或幾乎從不 | 一年幾次 | 一個月幾次 | 一週一次以上 | valid skip (filter rule) | system missing | not administered/not applicable | invalid | no response,Never or almost never | A few times a year | A few times a month | Once a week or more | valid skip (filter rule) | system missing | not administered/not applicable | invalid | no response,從不或幾乎從不=86.59 | 一年幾次=9.29 | 一個月幾次=2.71 | 一週一次以上=1.41,從不或幾乎從不=73.33 | 一年幾次=18.05 | 一個月幾次=5.2 | 一週一次以上=3.42,Table I.B1.4.138
ST038Q12DA,ST038,遭受霸凌,Students' exposure to bullying,過去 12 個月內，你在學校多常遇到以下情況？,"During the past 12 months, how often have you had the following experiences in school?",未經我同意，讓我難受的個人資訊被公開在網路上。,Information about me that was upsetting was published online without my consent.,從不或幾乎從不 | 一年幾次 | 一個月幾次 | 一週一次以上 | valid skip (filter rule) | system missing | not administered/not applicable | invalid | no response,Never or almost never | A few times a year | A few times a month | Once a week or more | valid skip (filter rule) | system missing | not administered/not applicable | invalid | no response,從不或幾乎從不=92.6 | 一年幾次=5.55 | 一個月幾次=1.15 | 一週一次以上=0.69,從不或幾乎從不=90.78 | 一年幾次=6.07 | 一個月幾次=1.5 | 一週一次以上=1.66,Table I.B1.4.138
ST062Q01TA,ST062,,,在最近兩個完整的上學週裡，以下情況發生過幾次？,"In the last two full weeks of school, how often did the following things occur?",我〈蹺掉〉一整天的課,I <skipped> a whole school day,從不 | 一到兩次 | 三到四次 | 五次以上 | valid skip (filter rule) | system missing | not administered/not applicable | invalid | no response,Never | One or two times | Three or four times | Five or more times | valid skip (filter rule) | system missing | not administered/not applicable | invalid | no response,,,
ST062Q02TA,ST062,,,在最近兩個完整的上學週裡，以下情況發生過幾次？,"In the last two full weeks of school, how often did the following things occur?",我〈蹺掉〉部分課堂,I <skipped> some classes,從不 | 一到兩次 | 三到四次 | 五次以上 | valid skip (filter rule) | system missing | not administered/not applicable | invalid | no response,Never | One or two times | Three or four times | Five or more times | valid skip (filter rule) | system missing | not administered/not applicable | invalid | no response,,,
ST062Q03TA,ST062,,,在最近兩個完整的上學週裡，以下情況發生過幾次？,"In the last two full weeks of school, how often did the following things occur?",我上學遲到,I arrived late for school,從不 | 一到兩次 | 三到四次 | 五次以上 | valid skip (filter rule) | system missing | not administered/not applicable | invalid | no response,Never | One or two times | Three or four times | Five or more times | valid skip (filter rule) | system missing | not administered/not applicable | invalid | no response,,,
ST071Q01NA,ST071,,,這學年，除了學校規定的課程之外，你每週大約花多少小時在以下科目的學習上？,"This school year, approximately how many hours per week do you spend learning in addition to your required school schedule in the following subjects?",額外學習時數 —— 科學,Learning in addition (how many hours) - Science,,,,,
ST071Q06DA,ST071,,,這學年，除了學校規定的課程之外，你每週大約花多少小時在以下科目的學習上？,"This school year, approximately how many hours per week do you spend learning in addition to your required school schedule in the following subjects?",額外學習時數 —— 其他科目,Learning in addition (how many hours) - Other subjects,,,,,
ST092Q01TA,ST092,環境議題認識程度,Students' environmental awareness,你對以下環境議題的了解程度如何？,How informed are you about the following environmental issues?,大氣中溫室氣體增加,The increase of greenhouse gases in the atmosphere,我從沒聽過 | 我聽過，但沒辦法說明它到底是什麼 | 我知道一些，能說明大致的問題 | 我很熟悉，能清楚說明 | valid skip (filter rule) | system missing | not administered/not applicable | invalid | no response,I have never heard of this | I have heard about this but I would not be able to explain what it is really about | I know something about this and could explain the general issue | I am familiar with this and I would be able to explain this well | valid skip (filter rule) | system missing | not administered/not applicable | invalid | no response,我從沒聽過=4.58 | 我聽過，但沒辦法說明它到底是什麼=18.39 | 我知道一些，能說明大致的問題=60.89 | 我很熟悉，能清楚說明=16.14,我從沒聽過=14.78 | 我聽過，但沒辦法說明它到底是什麼=28.05 | 我知道一些，能說明大致的問題=35.95 | 我很熟悉，能清楚說明=21.21,Table I.B1.5.6
ST092Q04TA,ST092,環境議題認識程度,Students' environmental awareness,你對以下環境議題的了解程度如何？,How informed are you about the following environmental issues?,核廢料,Nuclear waste,我從沒聽過 | 我聽過，但沒辦法說明它到底是什麼 | 我知道一些，能說明大致的問題 | 我很熟悉，能清楚說明 | valid skip (filter rule) | system missing | not administered/not applicable | invalid | no response,I have never heard of this | I have heard about this but I would not be able to explain what it is really about | I know something about this and could explain the general issue | I am familiar with this and I would be able to explain this well | valid skip (filter rule) | system missing | not administered/not applicable | invalid | no response,我從沒聽過=3.97 | 我聽過，但沒辦法說明它到底是什麼=29.4 | 我知道一些，能說明大致的問題=55.91 | 我很熟悉，能清楚說明=10.72,我從沒聽過=13.92 | 我聽過，但沒辦法說明它到底是什麼=40.61 | 我知道一些，能說明大致的問題=33.25 | 我很熟悉，能清楚說明=12.22,Table I.B1.5.6
ST092Q05TA,ST092,環境議題認識程度,Students' environmental awareness,你對以下環境議題的了解程度如何？,How informed are you about the following environmental issues?,為了其他土地用途而砍伐森林的後果,The consequences of clearing forests for other land use,我從沒聽過 | 我聽過，但沒辦法說明它到底是什麼 | 我知道一些，能說明大致的問題 | 我很熟悉，能清楚說明 | valid skip (filter rule) | system missing | not administered/not applicable | invalid | no response,I have never heard of this | I have heard about this but I would not be able to explain what it is really about | I know something about this and could explain the general issue | I am familiar with this and I would be able to explain this well | valid skip (filter rule) | system missing | not administered/not applicable | invalid | no response,我從沒聽過=3.94 | 我聽過，但沒辦法說明它到底是什麼=17.44 | 我知道一些，能說明大致的問題=60.94 | 我很熟悉，能清楚說明=17.68,我從沒聽過=9.92 | 我聽過，但沒辦法說明它到底是什麼=22.9 | 我知道一些，能說明大致的問題=41.28 | 我很熟悉，能清楚說明=25.89,Table I.B1.5.6
ST092Q08NA,ST092,環境議題認識程度,Students' environmental awareness,你對以下環境議題的了解程度如何？,How informed are you about the following environmental issues?,動植物滅絕,Extinction of plants and animals,我從沒聽過 | 我聽過，但沒辦法說明它到底是什麼 | 我知道一些，能說明大致的問題 | 我很熟悉，能清楚說明 | valid skip (filter rule) | system missing | not administered/not applicable | invalid | no response,I have never heard of this | I have heard about this but I would not be able to explain what it is really about | I know something about this and could explain the general issue | I am familiar with this and I would be able to explain this well | valid skip (filter rule) | system missing | not administered/not applicable | invalid | no response,我從沒聽過=2.99 | 我聽過，但沒辦法說明它到底是什麼=17.5 | 我知道一些，能說明大致的問題=61.8 | 我很熟悉，能清楚說明=17.71,我從沒聽過=5.98 | 我聽過，但沒辦法說明它到底是什麼=18.99 | 我知道一些，能說明大致的問題=45.1 | 我很熟悉，能清楚說明=29.93,Table I.B1.5.6
ST092Q09NA,ST092,環境議題認識程度,Students' environmental awareness,你對以下環境議題的了解程度如何？,How informed are you about the following environmental issues?,水資源短缺,Water shortages,我從沒聽過 | 我聽過，但沒辦法說明它到底是什麼 | 我知道一些，能說明大致的問題 | 我很熟悉，能清楚說明 | valid skip (filter rule) | system missing | not administered/not applicable | invalid | no response,I have never heard of this | I have heard about this but I would not be able to explain what it is really about | I know something about this and could explain the general issue | I am familiar with this and I would be able to explain this well | valid skip (filter rule) | system missing | not administered/not applicable | invalid | no response,我從沒聽過=2.85 | 我聽過，但沒辦法說明它到底是什麼=14.79 | 我知道一些，能說明大致的問題=62.76 | 我很熟悉，能清楚說明=19.6,我從沒聽過=7.7 | 我聽過，但沒辦法說明它到底是什麼=24.26 | 我知道一些，能說明大致的問題=43.13 | 我很熟悉，能清楚說明=24.91,Table I.B1.5.6
ST092Q14DA,ST092,環境議題認識程度,Students' environmental awareness,你對以下環境議題的了解程度如何？,How informed are you about the following environmental issues?,塑膠污染的影響,Effects of plastic pollution,我從沒聽過 | 我聽過，但沒辦法說明它到底是什麼 | 我知道一些，能說明大致的問題 | 我很熟悉，能清楚說明 | valid skip (filter rule) | system missing | not administered/not applicable | invalid | no response,I have never heard of this | I have heard about this but I would not be able to explain what it is really about | I know something about this and could explain the general issue | I am familiar with this and I would be able to explain this well | valid skip (filter rule) | system missing | not administered/not applicable | invalid | no response,我從沒聽過=2.91 | 我聽過，但沒辦法說明它到底是什麼=13.06 | 我知道一些，能說明大致的問題=62.68 | 我很熟悉，能清楚說明=21.35,我從沒聽過=5.81 | 我聽過，但沒辦法說明它到底是什麼=18.09 | 我知道一些，能說明大致的問題=43.53 | 我很熟悉，能清楚說明=32.57,Table I.B1.5.6
ST094Q01NA,ST094,享受科學（樂趣）,Students' enjoyment of science,你對以下關於你自己的描述，有多不同意或多同意？,How much do you disagree or agree with the statements about yourself below?,我在學習〈廣義科學〉主題時，通常覺得很有趣,I generally have fun when I am learning <broad science> topics,非常不同意 | 不同意 | 同意 | 非常同意 | valid skip (filter rule) | system missing | not administered/not applicable | invalid | no response,Strongly disagree | Disagree | Agree | Strongly agree | valid skip (filter rule) | system missing | not administered/not applicable | invalid | no response,非常不同意=9.5 | 不同意=26.28 | 同意=50.55 | 非常同意=13.67,非常不同意=14.61 | 不同意=24.95 | 同意=45.99 | 非常同意=14.45,Table I.B1.3.53
ST094Q03NA,ST094,享受科學（樂趣）,Students' enjoyment of science,你對以下關於你自己的描述，有多不同意或多同意？,How much do you disagree or agree with the statements about yourself below?,我很樂於研究〈廣義科學〉的主題,I am happy working on <broad science> topics,非常不同意 | 不同意 | 同意 | 非常同意 | valid skip (filter rule) | system missing | not administered/not applicable | invalid | no response,Strongly disagree | Disagree | Agree | Strongly agree | valid skip (filter rule) | system missing | not administered/not applicable | invalid | no response,,,Table I.B1.3.53
ST094Q04NA,ST094,享受科學（樂趣）,Students' enjoyment of science,你對以下關於你自己的描述，有多不同意或多同意？,How much do you disagree or agree with the statements about yourself below?,我喜歡獲得〈廣義科學〉的新知識,I enjoy acquiring new knowledge in <broad science>,非常不同意 | 不同意 | 同意 | 非常同意 | valid skip (filter rule) | system missing | not administered/not applicable | invalid | no response,Strongly disagree | Disagree | Agree | Strongly agree | valid skip (filter rule) | system missing | not administered/not applicable | invalid | no response,,,Table I.B1.3.53
ST094Q05NA,ST094,享受科學（樂趣）,Students' enjoyment of science,你對以下關於你自己的描述，有多不同意或多同意？,How much do you disagree or agree with the statements about yourself below?,我對學習〈廣義科學〉有興趣,I am interested in learning about <broad science>,非常不同意 | 不同意 | 同意 | 非常同意 | valid skip (filter rule) | system missing | not administered/not applicable | invalid | no response,Strongly disagree | Disagree | Agree | Strongly agree | valid skip (filter rule) | system missing | not administered/not applicable | invalid | no response,,,Table I.B1.3.53
ST097Q01TA,ST097,科學課的秩序與紀律,Disciplinary climate in school science lessons,在你的〈學校科學課〉上，以下情況多常發生？,How often do these things happen in your <school science> lessons?,學生不聽老師說的話,Students do not listen to what the teacher said,每一堂課 | 大多數課堂 | 部分課堂 | 從不或幾乎從不 | valid skip (filter rule) | system missing | not administered/not applicable | invalid | no response,Every lesson | Most lessons | Some lessons | Never or almost never | valid skip (filter rule) | system missing | not administered/not applicable | invalid | no response,每一堂課=2.62 | 大多數課堂=8.42 | 部分課堂=43.14 | 從不或幾乎從不=45.82,每一堂課=9.5 | 大多數課堂=19.38 | 部分課堂=47.94 | 從不或幾乎從不=23.17,Table I.B1.4.132
ST097Q02TA,ST097,科學課的秩序與紀律,Disciplinary climate in school science lessons,在你的〈學校科學課〉上，以下情況多常發生？,How often do these things happen in your <school science> lessons?,吵鬧、秩序混亂,There is noise and disorder,每一堂課 | 大多數課堂 | 部分課堂 | 從不或幾乎從不 | valid skip (filter rule) | system missing | not administered/not applicable | invalid | no response,Every lesson | Most lessons | Some lessons | Never or almost never | valid skip (filter rule) | system missing | not administered/not applicable | invalid | no response,每一堂課=3.31 | 大多數課堂=12.24 | 部分課堂=50.16 | 從不或幾乎從不=34.3,每一堂課=10.08 | 大多數課堂=20.93 | 部分課堂=45.15 | 從不或幾乎從不=23.83,Table I.B1.4.132
ST097Q03TA,ST097,科學課的秩序與紀律,Disciplinary climate in school science lessons,在你的〈學校科學課〉上，以下情況多常發生？,How often do these things happen in your <school science> lessons?,老師要等很久學生才安靜下來,The teacher has to wait a long time for students to quiet down,每一堂課 | 大多數課堂 | 部分課堂 | 從不或幾乎從不 | valid skip (filter rule) | system missing | not administered/not applicable | invalid | no response,Every lesson | Most lessons | Some lessons | Never or almost never | valid skip (filter rule) | system missing | not administered/not applicable | invalid | no response,每一堂課=2.98 | 大多數課堂=9.69 | 部分課堂=39.46 | 從不或幾乎從不=47.87,每一堂課=7.97 | 大多數課堂=16.4 | 部分課堂=40.46 | 從不或幾乎從不=35.17,Table I.B1.4.132
ST097Q04TA,ST097,科學課的秩序與紀律,Disciplinary climate in school science lessons,在你的〈學校科學課〉上，以下情況多常發生？,How often do these things happen in your <school science> lessons?,學生無法好好做事,Students cannot work well,每一堂課 | 大多數課堂 | 部分課堂 | 從不或幾乎從不 | valid skip (filter rule) | system missing | not administered/not applicable | invalid | no response,Every lesson | Most lessons | Some lessons | Never or almost never | valid skip (filter rule) | system missing | not administered/not applicable | invalid | no response,每一堂課=3.3 | 大多數課堂=9.76 | 部分課堂=41.51 | 從不或幾乎從不=45.43,每一堂課=6.05 | 大多數課堂=13.37 | 部分課堂=41.05 | 從不或幾乎從不=39.53,Table I.B1.4.132
ST097Q05TA,ST097,科學課的秩序與紀律,Disciplinary climate in school science lessons,在你的〈學校科學課〉上，以下情況多常發生？,How often do these things happen in your <school science> lessons?,上課開始後很久，學生還沒開始做事,Students do not start working for a long time after the lesson begins,每一堂課 | 大多數課堂 | 部分課堂 | 從不或幾乎從不 | valid skip (filter rule) | system missing | not administered/not applicable | invalid | no response,Every lesson | Most lessons | Some lessons | Never or almost never | valid skip (filter rule) | system missing | not administered/not applicable | invalid | no response,每一堂課=3.8 | 大多數課堂=11.83 | 部分課堂=41.62 | 從不或幾乎從不=42.75,每一堂課=7.41 | 大多數課堂=16.18 | 部分課堂=38.46 | 從不或幾乎從不=37.95,Table I.B1.4.132
ST097Q06DA,ST097,科學課的秩序與紀律,Disciplinary climate in school science lessons,在你的〈學校科學課〉上，以下情況多常發生？,How often do these things happen in your <school science> lessons?,學生因為使用〈數位資源〉（例如智慧型手機、網站、應用程式）而分心,"Students get distracted by using <digital resources> (e.g. smartphones, websites, apps)",每一堂課 | 大多數課堂 | 部分課堂 | 從不或幾乎從不 | valid skip (filter rule) | system missing | not administered/not applicable | invalid | no response,Every lesson | Most lessons | Some lessons | Never or almost never | valid skip (filter rule) | system missing | not administered/not applicable | invalid | no response,,,Table I.B1.4.132
ST100Q01TA,ST100,科學課的教師支持,Teacher support in science lessons,在你的〈學校科學課〉上，以下情況多常發生？,How often do these things happen in your <school science> lessons?,老師對每一位學生的學習都展現關心,The teacher shows an interest in every student’s learning,每一堂課 | 大多數課堂 | 部分課堂 | 從不或幾乎從不 | valid skip (filter rule) | system missing | not administered/not applicable | invalid | no response,Every lesson | Most lessons | Some lessons | Never or hardly ever | valid skip (filter rule) | system missing | not administered/not applicable | invalid | no response,每一堂課=40.81 | 大多數課堂=38.12 | 部分課堂=17.77 | 從不或幾乎從不=3.3,每一堂課=35.85 | 大多數課堂=33.0 | 部分課堂=21.63 | 從不或幾乎從不=9.52,Table I.B1.4.113
ST100Q02TA,ST100,科學課的教師支持,Teacher support in science lessons,在你的〈學校科學課〉上，以下情況多常發生？,How often do these things happen in your <school science> lessons?,學生需要時，老師會額外給予協助,The teacher gives extra help when students need it,每一堂課 | 大多數課堂 | 部分課堂 | 從不或幾乎從不 | valid skip (filter rule) | system missing | not administered/not applicable | invalid | no response,Every lesson | Most lessons | Some lessons | Never or hardly ever | valid skip (filter rule) | system missing | not administered/not applicable | invalid | no response,每一堂課=51.45 | 大多數課堂=33.02 | 部分課堂=12.51 | 從不或幾乎從不=3.02,每一堂課=41.22 | 大多數課堂=31.54 | 部分課堂=19.46 | 從不或幾乎從不=7.79,Table I.B1.4.113
ST100Q03TA,ST100,科學課的教師支持,Teacher support in science lessons,在你的〈學校科學課〉上，以下情況多常發生？,How often do these things happen in your <school science> lessons?,老師協助學生學習,The teacher helps students with their learning,每一堂課 | 大多數課堂 | 部分課堂 | 從不或幾乎從不 | valid skip (filter rule) | system missing | not administered/not applicable | invalid | no response,Every lesson | Most lessons | Some lessons | Never or hardly ever | valid skip (filter rule) | system missing | not administered/not applicable | invalid | no response,每一堂課=53.86 | 大多數課堂=32.44 | 部分課堂=11.09 | 從不或幾乎從不=2.62,每一堂課=44.15 | 大多數課堂=30.96 | 部分課堂=17.74 | 從不或幾乎從不=7.15,Table I.B1.4.113
ST100Q04TA,ST100,科學課的教師支持,Teacher support in science lessons,在你的〈學校科學課〉上，以下情況多常發生？,How often do these things happen in your <school science> lessons?,老師會持續教到學生聽懂為止,The teacher continues teaching until the students understand,每一堂課 | 大多數課堂 | 部分課堂 | 從不或幾乎從不 | valid skip (filter rule) | system missing | not administered/not applicable | invalid | no response,Every lesson | Most lessons | Some lessons | Never or hardly ever | valid skip (filter rule) | system missing | not administered/not applicable | invalid | no response,每一堂課=40.47 | 大多數課堂=32.02 | 部分課堂=23.03 | 從不或幾乎從不=4.48,每一堂課=36.59 | 大多數課堂=29.75 | 部分課堂=23.09 | 從不或幾乎從不=10.57,Table I.B1.4.113
ST100Q05TA,ST100,科學課的教師支持,Teacher support in science lessons,在你的〈學校科學課〉上，以下情況多常發生？,How often do these things happen in your <school science> lessons?,老師給學生表達意見的機會,The teacher gives students an opportunity to express opinions,每一堂課 | 大多數課堂 | 部分課堂 | 從不或幾乎從不 | valid skip (filter rule) | system missing | not administered/not applicable | invalid | no response,Every lesson | Most lessons | Some lessons | Never or hardly ever | valid skip (filter rule) | system missing | not administered/not applicable | invalid | no response,每一堂課=48.75 | 大多數課堂=32.93 | 部分課堂=15.28 | 從不或幾乎從不=3.05,每一堂課=40.09 | 大多數課堂=30.27 | 部分課堂=20.1 | 從不或幾乎從不=9.55,Table I.B1.4.113
ST104Q03NA,ST104,,,在你這門〈學校科學課〉的課堂上，以下情況多常發生？,How often do these things happen in your lessons for this <school science> course?,老師告訴我還有哪些地方可以進步,The teacher tells me in which areas I can still improve,從不或幾乎從不 | 部分課堂 | Many lessons | Every lesson or almost every lesson | valid skip (filter rule) | system missing | not administered/not applicable | invalid | no response,Never or almost never | Some lessons | Many lessons | Every lesson or almost every lesson | valid skip (filter rule) | system missing | not administered/not applicable | invalid | no response,,,
ST104Q04NA,ST104,,,在你這門〈學校科學課〉的課堂上，以下情況多常發生？,How often do these things happen in your lessons for this <school science> course?,老師告訴我可以如何提升表現,The teacher tells me how I can improve my performance,從不或幾乎從不 | 部分課堂 | Many lessons | Every lesson or almost every lesson | valid skip (filter rule) | system missing | not administered/not applicable | invalid | no response,Never or almost never | Some lessons | Many lessons | Every lesson or almost every lesson | valid skip (filter rule) | system missing | not administered/not applicable | invalid | no response,,,
ST125Q01NA,ST125,,,你開始就讀〈學前教育〉時幾歲？,How old were you when you started <ISCED 0>?,你開始就讀〈學前教育〉時幾歲？,How old were you when you started <ISCED 0>?,1 year or younger | 2 years | 3 years | 4 years | 5 years | 6 years or older | I did not attend <ISCED 0> | I attended <ISCED 0> but do not remember when I started | I do not know if I attended <ISCED 0>,1 year or younger | 2 years | 3 years | 4 years | 5 years | 6 years or older | I did not attend <ISCED 0> | I attended <ISCED 0> but do not remember when I started | I do not know if I attended <ISCED 0>,,,
ST127Q01TA,ST127,,,你曾經留級過嗎？,Have you ever repeated a <grade>?,在〈國小階段〉留級,Repeated at <ISCED 1>,否，從未 | 是，一次 | 是，兩次以上 | valid skip (filter rule) | system missing | not administered/not applicable | invalid | no response,"No, never | Yes, once | Yes, twice or more | valid skip (filter rule) | system missing | not administered/not applicable | invalid | no response",,,
ST127Q02TA,ST127,,,你曾經留級過嗎？,Have you ever repeated a <grade>?,在〈國中階段〉留級,Repeated at <ISCED 2>,否，從未 | 是，一次 | 是，兩次以上 | valid skip (filter rule) | system missing | not administered/not applicable | invalid | no response,"No, never | Yes, once | Yes, twice or more | valid skip (filter rule) | system missing | not administered/not applicable | invalid | no response",,,
ST127Q03TA,ST127,,,你曾經留級過嗎？,Have you ever repeated a <grade>?,在〈高中階段〉留級,Repeated at <ISCED 3>,否，從未 | 是，一次 | 是，兩次以上 | valid skip (filter rule) | system missing | not administered/not applicable | invalid | no response,"No, never | Yes, once | Yes, twice or more | valid skip (filter rule) | system missing | not administered/not applicable | invalid | no response",,,
ST129Q03TA,ST129,,,你認為自己獨力完成下列任務的難易程度如何？,How easy do you think it would be for you to perform the following tasks on your own?,說明抗生素在疾病治療中的作用,Describe the role of antibiotics in the treatment of disease,我可以輕鬆做到 | 我稍微努力就能做到 | 我自己做會很吃力 | I couldn’t do this | valid skip (filter rule) | system missing | not administered/not applicable | invalid | no response,I could do this easily | I could do this with a bit of effort | I would struggle to do this on my own | I couldn’t do this | valid skip (filter rule) | system missing | not administered/not applicable | invalid | no response,,,
ST129Q05TA,ST129,,,你認為自己獨力完成下列任務的難易程度如何？,How easy do you think it would be for you to perform the following tasks on your own?,預測環境變化會如何影響特定物種的存活,Predict how changes to an environment will affect the survival of certain species,我可以輕鬆做到 | 我稍微努力就能做到 | 我自己做會很吃力 | I couldn’t do this | valid skip (filter rule) | system missing | not administered/not applicable | invalid | no response,I could do this easily | I could do this with a bit of effort | I would struggle to do this on my own | I couldn’t do this | valid skip (filter rule) | system missing | not administered/not applicable | invalid | no response,,,
ST129Q08DA,ST129,,,你認為自己獨力完成下列任務的難易程度如何？,How easy do you think it would be for you to perform the following tasks on your own?,在兩個關於氣候變遷成因的解釋中，判斷哪一個比較好,Identify the better of two explanations for the causes of climate change,我可以輕鬆做到 | 我稍微努力就能做到 | 我自己做會很吃力 | I couldn’t do this | valid skip (filter rule) | system missing | not administered/not applicable | invalid | no response,I could do this easily | I could do this with a bit of effort | I would struggle to do this on my own | I couldn’t do this | valid skip (filter rule) | system missing | not administered/not applicable | invalid | no response,,,
ST129Q11DA,ST129,,,你認為自己獨力完成下列任務的難易程度如何？,How easy do you think it would be for you to perform the following tasks on your own?,判斷科學資訊的可信度,Identify the reliability of scientific information,我可以輕鬆做到 | 我稍微努力就能做到 | 我自己做會很吃力 | I couldn’t do this | valid skip (filter rule) | system missing | not administered/not applicable | invalid | no response,I could do this easily | I could do this with a bit of effort | I would struggle to do this on my own | I couldn’t do this | valid skip (filter rule) | system missing | not administered/not applicable | invalid | no response,,,
ST129Q12DA,ST129,,,你認為自己獨力完成下列任務的難易程度如何？,How easy do you think it would be for you to perform the following tasks on your own?,調查某項做法或產品的永續性,Investigate the sustainability of a practice or product,我可以輕鬆做到 | 我稍微努力就能做到 | 我自己做會很吃力 | I couldn’t do this | valid skip (filter rule) | system missing | not administered/not applicable | invalid | no response,I could do this easily | I could do this with a bit of effort | I would struggle to do this on my own | I couldn’t do this | valid skip (filter rule) | system missing | not administered/not applicable | invalid | no response,,,
ST129Q14DA,ST129,,,你認為自己獨力完成下列任務的難易程度如何？,How easy do you think it would be for you to perform the following tasks on your own?,說明二氧化碳排放如何影響全球氣候變遷,Explain how carbon-dioxide emissions affect global climate change,我可以輕鬆做到 | 我稍微努力就能做到 | 我自己做會很吃力 | I couldn’t do this | valid skip (filter rule) | system missing | not administered/not applicable | invalid | no response,I could do this easily | I could do this with a bit of effort | I would struggle to do this on my own | I couldn’t do this | valid skip (filter rule) | system missing | not administered/not applicable | invalid | no response,,,
ST131Q04NA,ST131,對科學本質的信念,Students' beliefs about the nature of science,你對以下說法有多不同意或多同意？,How much do you disagree or agree with the statements below?,好的答案要建立在許多不同實驗所得到的證據上,Good answers are based on evidence from many different experiments,非常不同意 | 不同意 | 同意 | 非常同意 | valid skip (filter rule) | system missing | not administered/not applicable | invalid | no response,Strongly disagree | Disagree | Agree | Strongly agree | valid skip (filter rule) | system missing | not administered/not applicable | invalid | no response,非常不同意=3.6 | 不同意=3.23 | 同意=53.57 | 非常同意=39.6,非常不同意=7.83 | 不同意=10.01 | 同意=57.17 | 非常同意=25.0,Table I.B1.3.30
ST131Q05DA,ST131,對科學本質的信念,Students' beliefs about the nature of science,你對以下說法有多不同意或多同意？,How much do you disagree or agree with the statements below?,有些問題是科學家無法回答的,There are some questions that scientists cannot answer,非常不同意 | 不同意 | 同意 | 非常同意 | valid skip (filter rule) | system missing | not administered/not applicable | invalid | no response,Strongly disagree | Disagree | Agree | Strongly agree | valid skip (filter rule) | system missing | not administered/not applicable | invalid | no response,非常不同意=3.61 | 不同意=4.17 | 同意=49.14 | 非常同意=43.07,非常不同意=6.07 | 不同意=12.46 | 同意=48.98 | 非常同意=32.49,Table I.B1.3.30
ST131Q10DA,ST131,對科學本質的信念,Students' beliefs about the nature of science,你對以下說法有多不同意或多同意？,How much do you disagree or agree with the statements below?,〈廣義科學〉很重要的一部分，是透過做實驗來提出關於事物運作方式的想法,One important part of <broad science> is doing experiments to come up with ideas about how things work,非常不同意 | 不同意 | 同意 | 非常同意 | valid skip (filter rule) | system missing | not administered/not applicable | invalid | no response,Strongly disagree | Disagree | Agree | Strongly agree | valid skip (filter rule) | system missing | not administered/not applicable | invalid | no response,非常不同意=3.36 | 不同意=3.21 | 同意=56.14 | 非常同意=37.28,非常不同意=5.69 | 不同意=10.84 | 同意=55.41 | 非常同意=28.06,Table I.B1.3.30
ST131Q12DA,ST131,對科學本質的信念,Students' beliefs about the nature of science,你對以下說法有多不同意或多同意？,How much do you disagree or agree with the statements below?,來自單一來源的資訊，應該先用其他多個可靠來源查證後才能被接受,Information from one source should be checked from a range of other reliable sources before it is accepted,非常不同意 | 不同意 | 同意 | 非常同意 | valid skip (filter rule) | system missing | not administered/not applicable | invalid | no response,Strongly disagree | Disagree | Agree | Strongly agree | valid skip (filter rule) | system missing | not administered/not applicable | invalid | no response,非常不同意=3.42 | 不同意=3.63 | 同意=55.4 | 非常同意=37.56,非常不同意=5.73 | 不同意=10.78 | 同意=50.84 | 非常同意=32.66,Table I.B1.3.30
ST131Q13DA,ST131,對科學本質的信念,Students' beliefs about the nature of science,你對以下說法有多不同意或多同意？,How much do you disagree or agree with the statements below?,新的發現可以改變科學家原本認為正確的事,New discoveries can change what scientists think is true,非常不同意 | 不同意 | 同意 | 非常同意 | valid skip (filter rule) | system missing | not administered/not applicable | invalid | no response,Strongly disagree | Disagree | Agree | Strongly agree | valid skip (filter rule) | system missing | not administered/not applicable | invalid | no response,非常不同意=3.42 | 不同意=4.62 | 同意=52.53 | 非常同意=39.42,非常不同意=5.7 | 不同意=10.35 | 同意=51.55 | 非常同意=32.4,Table I.B1.3.30
ST131Q17DA,ST131,對科學本質的信念,Students' beliefs about the nature of science,你對以下說法有多不同意或多同意？,How much do you disagree or agree with the statements below?,我們應該多依賴常識、少依賴科學研究,We should rely more on common sense and less on scientific studies,非常不同意 | 不同意 | 同意 | 非常同意 | valid skip (filter rule) | system missing | not administered/not applicable | invalid | no response,Strongly disagree | Disagree | Agree | Strongly agree | valid skip (filter rule) | system missing | not administered/not applicable | invalid | no response,非常不同意=19.15 | 不同意=43.52 | 同意=28.43 | 非常同意=8.9,非常不同意=14.76 | 不同意=42.51 | 同意=33.97 | 非常同意=8.75,Table I.B1.3.30
ST216Q01HA,ST216,認知彈性（應變信心）,Students' cognitive adaptability,以下每個描述有多符合你？,How well does each of the following statements below describe you?,我能應付不尋常的狀況。,I can handle unusual situations.,非常像我 | 大致像我 | 有點像我 | 不太像我 | 完全不像我,Very much like me | Mostly like me | Somewhat like me | Not much like me | Not at all like me,非常像我=10.09 | 大致像我=24.71 | 有點像我=46.58 | 不太像我=15.89 | 完全不像我=2.74,非常像我=17.38 | 大致像我=32.65 | 有點像我=36.24 | 不太像我=10.29 | 完全不像我=3.44,Table I.B1.3.40
ST216Q03HA,ST216,認知彈性（應變信心）,Students' cognitive adaptability,以下每個描述有多符合你？,How well does each of the following statements below describe you?,即使處於壓力之下，我也能適應不同的情況。,I can adapt to different situations even when under stress or pressure.,非常像我 | 大致像我 | 有點像我 | 不太像我 | 完全不像我,Very much like me | Mostly like me | Somewhat like me | Not much like me | Not at all like me,非常像我=12.12 | 大致像我=27.25 | 有點像我=37.11 | 不太像我=18.56 | 完全不像我=4.96,非常像我=18.84 | 大致像我=35.64 | 有點像我=28.54 | 不太像我=12.48 | 完全不像我=4.5,Table I.B1.3.40
ST216Q04HA,ST216,認知彈性（應變信心）,Students' cognitive adaptability,以下每個描述有多符合你？,How well does each of the following statements below describe you?,我可以輕易適應新的文化。,I can adapt easily to a new culture.,非常像我 | 大致像我 | 有點像我 | 不太像我 | 完全不像我,Very much like me | Mostly like me | Somewhat like me | Not much like me | Not at all like me,非常像我=15.18 | 大致像我=26.47 | 有點像我=34.96 | 不太像我=19.13 | 完全不像我=4.26,非常像我=16.95 | 大致像我=31.34 | 有點像我=32.72 | 不太像我=14.44 | 完全不像我=4.55,Table I.B1.3.40
ST216Q05HA,ST216,認知彈性（應變信心）,Students' cognitive adaptability,以下每個描述有多符合你？,How well does each of the following statements below describe you?,與他人遇到困難狀況時，我能找到解決的方法。,"When encountering difficult situations with other people, I can find a way to resolve the situation.",非常像我 | 大致像我 | 有點像我 | 不太像我 | 完全不像我,Very much like me | Mostly like me | Somewhat like me | Not much like me | Not at all like me,非常像我=14.86 | 大致像我=28.23 | 有點像我=38.51 | 不太像我=14.18 | 完全不像我=4.22,非常像我=19.73 | 大致像我=35.52 | 有點像我=30.13 | 不太像我=10.73 | 完全不像我=3.89,Table I.B1.3.40
ST226Q01JA,ST226,,,你在這所學校就讀多久了？,How long have you been enrolled at this school?,你在這所學校就讀多久了？,How long have you been enrolled at this school?,"Three or more school years, not including this school year | Two school years, not including this school year | One school year, not including this school year | I came to this school at the start of this school year | I came to this school after the start of this school year","Three or more school years, not including this school year | Two school years, not including this school year | One school year, not including this school year | I came to this school at the start of this school year | I came to this school after the start of this school year",,,
ST250Q01JA,ST250,,,你〈家中〉有下列哪些東西？,Which of the following are in your <home>?,自己的房間,A room of your own,是 | 否 | valid skip (filter rule) | system missing | not administered/not applicable | invalid | no response,Yes | No | valid skip (filter rule) | system missing | not administered/not applicable | invalid | no response,,,
ST250Q02JA,ST250,,,你〈家中〉有下列哪些東西？,Which of the following are in your <home>?,可以用來做功課的電腦（筆電、桌機或平板）,"A computer (laptop, desktop, or tablet) that you can use for school work",是 | 否 | valid skip (filter rule) | system missing | not administered/not applicable | invalid | no response,Yes | No | valid skip (filter rule) | system missing | not administered/not applicable | invalid | no response,,,
ST250Q03JA,ST250,,,你〈家中〉有下列哪些東西？,Which of the following are in your <home>?,教育軟體或應用程式,Educational Software or Apps,是 | 否 | valid skip (filter rule) | system missing | not administered/not applicable | invalid | no response,Yes | No | valid skip (filter rule) | system missing | not administered/not applicable | invalid | no response,,,
ST250Q04JA,ST250,,,你〈家中〉有下列哪些東西？,Which of the following are in your <home>?,你自己的、可上網的〈手機〉（例如智慧型手機）,Your own <cell phone> with Internet access (e.g. smartphone),是 | 否 | valid skip (filter rule) | system missing | not administered/not applicable | invalid | no response,Yes | No | valid skip (filter rule) | system missing | not administered/not applicable | invalid | no response,,,
ST250Q05JA,ST250,,,你〈家中〉有下列哪些東西？,Which of the following are in your <home>?,網路連線（例如 Wi-Fi，不含手機網路）,Internet access (e.g. Wi-fi) (excluding through smartphones),是 | 否 | valid skip (filter rule) | system missing | not administered/not applicable | invalid | no response,Yes | No | valid skip (filter rule) | system missing | not administered/not applicable | invalid | no response,,,
ST250Q08DA,ST250,,,你〈家中〉有下列哪些東西？,Which of the following are in your <home>?,電燈照明,Electric lighting,是 | 否 | valid skip (filter rule) | system missing | not administered/not applicable | invalid | no response,Yes | No | valid skip (filter rule) | system missing | not administered/not applicable | invalid | no response,,,
ST250Q09DA,ST250,,,你〈家中〉有下列哪些東西？,Which of the following are in your <home>?,〈自來水〉可供飲用,< Plumbed water > for consumption,是 | 否 | valid skip (filter rule) | system missing | not administered/not applicable | invalid | no response,Yes | No | valid skip (filter rule) | system missing | not administered/not applicable | invalid | no response,,,
ST250Q10DA,ST250,,,你〈家中〉有下列哪些東西？,Which of the following are in your <home>?,非路邊的停車位（例如車庫、私人車位）,"Off-street parking (e.g. garage, private parking spot)",是 | 否 | valid skip (filter rule) | system missing | not administered/not applicable | invalid | no response,Yes | No | valid skip (filter rule) | system missing | not administered/not applicable | invalid | no response,,,
ST250Q11DA,ST250,,,你〈家中〉有下列哪些東西？,Which of the following are in your <home>?,垃圾清運服務,A garbage-collection service,是 | 否 | valid skip (filter rule) | system missing | not administered/not applicable | invalid | no response,Yes | No | valid skip (filter rule) | system missing | not administered/not applicable | invalid | no response,,,
ST250Q12DA,ST250,,,你〈家中〉有下列哪些東西？,Which of the following are in your <home>?,炊煮用的爐具,A stove or burner for cooking,是 | 否 | valid skip (filter rule) | system missing | not administered/not applicable | invalid | no response,Yes | No | valid skip (filter rule) | system missing | not administered/not applicable | invalid | no response,,,
ST250Q13DA,ST250,,,你〈家中〉有下列哪些東西？,Which of the following are in your <home>?,吃飯用的餐桌,A table to have meals,是 | 否 | valid skip (filter rule) | system missing | not administered/not applicable | invalid | no response,Yes | No | valid skip (filter rule) | system missing | not administered/not applicable | invalid | no response,,,
ST250Q14DA,ST250,,,你〈家中〉有下列哪些東西？,Which of the following are in your <home>?,吸塵器,A vacuum cleaner,是 | 否 | valid skip (filter rule) | system missing | not administered/not applicable | invalid | no response,Yes | No | valid skip (filter rule) | system missing | not administered/not applicable | invalid | no response,,,
ST250Q15DA,ST250,,,你〈家中〉有下列哪些東西？,Which of the following are in your <home>?,冰箱或冷凍櫃,A refrigerator or freezer,是 | 否 | valid skip (filter rule) | system missing | not administered/not applicable | invalid | no response,Yes | No | valid skip (filter rule) | system missing | not administered/not applicable | invalid | no response,,,
ST250Q16DA,ST250,,,你〈家中〉有下列哪些東西？,Which of the following are in your <home>?,污水下水道,A sewer connection,是 | 否 | valid skip (filter rule) | system missing | not administered/not applicable | invalid | no response,Yes | No | valid skip (filter rule) | system missing | not administered/not applicable | invalid | no response,,,
ST250Q18DA,ST250,,,你〈家中〉有下列哪些東西？,Which of the following are in your <home>?,冷氣和／或暖氣設備,Air conditioner and/or heating devices,是 | 否 | valid skip (filter rule) | system missing | not administered/not applicable | invalid | no response,Yes | No | valid skip (filter rule) | system missing | not administered/not applicable | invalid | no response,,,
ST250Q19DA,ST250,,,你〈家中〉有下列哪些東西？,Which of the following are in your <home>?,客房,A guest room,是 | 否 | valid skip (filter rule) | system missing | not administered/not applicable | invalid | no response,Yes | No | valid skip (filter rule) | system missing | not administered/not applicable | invalid | no response,,,
ST250Q20DA,ST250,,,你〈家中〉有下列哪些東西？,Which of the following are in your <home>?,安靜的讀書空間／房間,A quiet place/room to study,是 | 否 | valid skip (filter rule) | system missing | not administered/not applicable | invalid | no response,Yes | No | valid skip (filter rule) | system missing | not administered/not applicable | invalid | no response,,,
ST250Q21DA,ST250,,,你〈家中〉有下列哪些東西？,Which of the following are in your <home>?,游泳池或戶外 SPA／浴池／按摩浴缸,A swimming pool or outdoor spa/bath/jacuzzi,是 | 否 | valid skip (filter rule) | system missing | not administered/not applicable | invalid | no response,Yes | No | valid skip (filter rule) | system missing | not administered/not applicable | invalid | no response,,,
ST250Q22DA,ST250,,,你〈家中〉有下列哪些東西？,Which of the following are in your <home>?,住家保全系統（例如〈警報系統、監視器〉）,"A house security system (e.g. <alarm system, surveillance cameras>)",是 | 否 | valid skip (filter rule) | system missing | not administered/not applicable | invalid | no response,Yes | No | valid skip (filter rule) | system missing | not administered/not applicable | invalid | no response,,,
ST250Q23DA,ST250,,,你〈家中〉有下列哪些東西？,Which of the following are in your <home>?,智慧電視,A smart TV,是 | 否 | valid skip (filter rule) | system missing | not administered/not applicable | invalid | no response,Yes | No | valid skip (filter rule) | system missing | not administered/not applicable | invalid | no response,,,
ST250Q24DA,ST250,,,你〈家中〉有下列哪些東西？,Which of the following are in your <home>?,洗碗機,A dishwasher,是 | 否 | valid skip (filter rule) | system missing | not administered/not applicable | invalid | no response,Yes | No | valid skip (filter rule) | system missing | not administered/not applicable | invalid | no response,,,
ST250Q25DA,ST250,,,你〈家中〉有下列哪些東西？,Which of the following are in your <home>?,你自己的平板,Your own tablet,是 | 否 | valid skip (filter rule) | system missing | not administered/not applicable | invalid | no response,Yes | No | valid skip (filter rule) | system missing | not administered/not applicable | invalid | no response,,,
ST250Q26DA,ST250,,,你〈家中〉有下列哪些東西？,Which of the following are in your <home>?,電視或串流服務訂閱（例如〈第四台、衛星電視、Netflix、Disney+〉）,"A subscription to TV or streaming services (e.g. <Cable TV, Satellite TV, Netflix, Disney+, national examples>)",是 | 否 | valid skip (filter rule) | system missing | not administered/not applicable | invalid | no response,Yes | No | valid skip (filter rule) | system missing | not administered/not applicable | invalid | no response,,,
ST250Q27DA,ST250,,,你〈家中〉有下列哪些東西？,Which of the following are in your <home>?,家務幫傭（例如〈幫傭、園丁、司機〉）,"Domestic workers (e.g. <maid, gardener, drivers, national examples>)",是 | 否 | valid skip (filter rule) | system missing | not administered/not applicable | invalid | no response,Yes | No | valid skip (filter rule) | system missing | not administered/not applicable | invalid | no response,,,
ST250Q28DA,ST250,,,你〈家中〉有下列哪些東西？,Which of the following are in your <home>?,訂閱報紙,A subscription to a newspaper,是 | 否 | valid skip (filter rule) | system missing | not administered/not applicable | invalid | no response,Yes | No | valid skip (filter rule) | system missing | not administered/not applicable | invalid | no response,,,
ST251Q01JA,ST251,,,你〈家中〉有幾個下列物品？,How many of these items are there at your <home>?,汽車、廂型車或貨車,"Cars, vans, or trucks",沒有 | 一 | 二 | 三個以上 | valid skip (filter rule) | system missing | not administered/not applicable | invalid | no response,None | One | Two | Three or more | valid skip (filter rule) | system missing | not administered/not applicable | invalid | no response,,,
ST251Q03JA,ST251,,,你〈家中〉有幾個下列物品？,How many of these items are there at your <home>?,有浴缸或淋浴的房間,Rooms with a bath or shower,沒有 | 一 | 二 | 三個以上 | valid skip (filter rule) | system missing | not administered/not applicable | invalid | no response,None | One | Two | Three or more | valid skip (filter rule) | system missing | not administered/not applicable | invalid | no response,,,
ST251Q04JA,ST251,,,你〈家中〉有幾個下列物品？,How many of these items are there at your <home>?,有〈抽水馬桶〉的房間,Rooms with a <flush toilet>,沒有 | 一 | 二 | 三個以上 | valid skip (filter rule) | system missing | not administered/not applicable | invalid | no response,None | One | Two | Three or more | valid skip (filter rule) | system missing | not administered/not applicable | invalid | no response,,,
ST251Q06JA,ST251,,,你〈家中〉有幾個下列物品？,How many of these items are there at your <home>?,樂器（例如吉他、鋼琴）,"Musical instruments (e.g. guitar, piano, <country-specific example>)",沒有 | 一 | 二 | 三個以上 | valid skip (filter rule) | system missing | not administered/not applicable | invalid | no response,None | One | Two | Three or more | valid skip (filter rule) | system missing | not administered/not applicable | invalid | no response,,,
ST251Q07JA,ST251,,,你〈家中〉有幾個下列物品？,How many of these items are there at your <home>?,藝術品（例如畫作、雕塑）,"Works of art (e.g. paintings, sculptures, <country-specific example>)",沒有 | 一 | 二 | 三個以上 | valid skip (filter rule) | system missing | not administered/not applicable | invalid | no response,None | One | Two | Three or more | valid skip (filter rule) | system missing | not administered/not applicable | invalid | no response,,,
ST253Q01JA,ST253,,,你〈家中〉有幾台有螢幕的〈數位裝置〉？,How many <digital devices> with screens are there in your <home>?,你〈家中〉有幾台有螢幕的〈數位裝置〉？,How many <digital devices> with screens are there in your <home>?,There are no <digital devices> with screens | 一 | 二 | 三 | 四 | 五 | 6 至 10 | 超過 10,There are no <digital devices> with screens | One | Two | Three | Four | Five | 6 to 10 | More than 10,,,
ST254Q01JA,ST254,,,你〈家中〉有幾台下列〈數位裝置〉？,How many of the following <digital devices> are in your <home>?,電視,Televisions,沒有 | 1 至 2 | 3 至 5 | 超過 5 | 不知道,None | 1 or 2 | 3-5 | More than 5 | I don't know.,,,
ST254Q02JA,ST254,,,你〈家中〉有幾台下列〈數位裝置〉？,How many of the following <digital devices> are in your <home>?,桌上型電腦,Desktop computers,沒有 | 1 至 2 | 3 至 5 | 超過 5 | 不知道,None | 1 or 2 | 3-5 | More than 5 | I don't know.,,,
ST254Q03JA,ST254,,,你〈家中〉有幾台下列〈數位裝置〉？,How many of the following <digital devices> are in your <home>?,筆記型電腦,Laptop computers or notebooks,沒有 | 1 至 2 | 3 至 5 | 超過 5 | 不知道,None | 1 or 2 | 3-5 | More than 5 | I don't know.,,,
ST254Q04JA,ST254,,,你〈家中〉有幾台下列〈數位裝置〉？,How many of the following <digital devices> are in your <home>?,平板（例如〈iPad〉）,"Tablets (e.g. <iPad®>, <BlackBerry® PlayBook™>",沒有 | 1 至 2 | 3 至 5 | 超過 5 | 不知道,None | 1 or 2 | 3-5 | More than 5 | I don't know.,,,
ST254Q05JA,ST254,,,你〈家中〉有幾台下列〈數位裝置〉？,How many of the following <digital devices> are in your <home>?,電子書閱讀器（例如〈Kindle〉、〈Kobo〉）,"E-book readers (e.g. <Kindle™>, <Kobo>, <Bookeen>)",沒有 | 1 至 2 | 3 至 5 | 超過 5 | 不知道,None | 1 or 2 | 3-5 | More than 5 | I don't know.,,,
ST255Q01JA,ST255,,,你〈家中〉有多少本書？,How many books are there in your <home>?,你〈家中〉有多少本書？,How many books are there in your <home>?,There are no books | 1-10 books | 11-25 books | 26-100 books | 101-200 books | 201-500 books | More than 500 books,There are no books | 1-10 books | 11-25 books | 26-100 books | 101-200 books | 201-500 books | More than 500 books,,,
ST265Q01JA,ST265,在學校感到安全,Feeling safe at school,你同意或不同意以下說法到什麼程度？,To what extent do you agree or disagree with the following statements?,我在上學途中感到安全,I feel safe on my way to school,非常同意 | 同意 | 不同意 | 非常不同意 | valid skip (filter rule) | system missing | not administered/not applicable | invalid | no response,Strongly Agree | Agree | Disagree | Strongly disagree | valid skip (filter rule) | system missing | not administered/not applicable | invalid | no response,非常同意=59.69 | 同意=36.14 | 不同意=3.1 | 非常不同意=1.07,非常同意=57.17 | 同意=36.42 | 不同意=4.54 | 非常不同意=1.87,Table I.B1.4.149
ST265Q02JA,ST265,在學校感到安全,Feeling safe at school,你同意或不同意以下說法到什麼程度？,To what extent do you agree or disagree with the following statements?,我在放學回家途中感到安全,I feel safe on my way home from school,非常同意 | 同意 | 不同意 | 非常不同意 | valid skip (filter rule) | system missing | not administered/not applicable | invalid | no response,Strongly Agree | Agree | Disagree | Strongly disagree | valid skip (filter rule) | system missing | not administered/not applicable | invalid | no response,非常同意=58.71 | 同意=36.87 | 不同意=3.48 | 非常不同意=0.95,非常同意=57.6 | 同意=36.02 | 不同意=4.74 | 非常不同意=1.64,Table I.B1.4.149
ST265Q03JA,ST265,在學校感到安全,Feeling safe at school,你同意或不同意以下說法到什麼程度？,To what extent do you agree or disagree with the following statements?,我在學校教室裡感到安全,I feel safe in my classrooms at school,非常同意 | 同意 | 不同意 | 非常不同意 | valid skip (filter rule) | system missing | not administered/not applicable | invalid | no response,Strongly Agree | Agree | Disagree | Strongly disagree | valid skip (filter rule) | system missing | not administered/not applicable | invalid | no response,非常同意=58.06 | 同意=37.22 | 不同意=3.49 | 非常不同意=1.23,非常同意=53.52 | 同意=39.83 | 不同意=4.84 | 非常不同意=1.81,Table I.B1.4.149
ST265Q04JA,ST265,在學校感到安全,Feeling safe at school,你同意或不同意以下說法到什麼程度？,To what extent do you agree or disagree with the following statements?,我在學校其他地方（例如走廊、餐廳、廁所）感到安全,"I feel safe at other places at school (e.g. hallway, cafeteria, restroom)",非常同意 | 同意 | 不同意 | 非常不同意 | valid skip (filter rule) | system missing | not administered/not applicable | invalid | no response,Strongly Agree | Agree | Disagree | Strongly disagree | valid skip (filter rule) | system missing | not administered/not applicable | invalid | no response,非常同意=53.87 | 同意=40.77 | 不同意=4.03 | 非常不同意=1.33,非常同意=49.63 | 同意=41.4 | 不同意=6.6 | 非常不同意=2.37,Table I.B1.4.149
ST294Q04JA,ST294,,,在典型的上學週裡，你上學前會做以下事情的天數有幾天？,"During a typical school week, on how many days do you do each of the following before going to school?",有酬工作,Work for pay,0 天 | 1 天 | 2 天 | 3 天 | 4 天 | 5 天以上,0 days | 1 days | 2 days | 3 days | 4 days | 5 or more days,,,
ST294Q05JA,ST294,,,在典型的上學週裡，你上學前會做以下事情的天數有幾天？,"During a typical school week, on how many days do you do each of the following before going to school?",運動或練習某項運動（例如跑步、騎車、有氧、足球、溜冰）,"Exercise or practise a sport (e.g. running, cycling, aerobics, soccer, skating, <country-specific>)",0 天 | 1 天 | 2 天 | 3 天 | 4 天 | 5 天以上,0 days | 1 days | 2 days | 3 days | 4 days | 5 or more days,,,
ST295Q04JA,ST295,,,在典型的上學週裡，你放學後會做以下事情的天數有幾天？,"During a typical school week, on how many days do you do each of the following after leaving school?",有酬工作,Work for pay,0 天 | 1 天 | 2 天 | 3 天 | 4 天 | 5 天以上,0 days | 1 days | 2 days | 3 days | 4 days | 5 or more days,,,
ST295Q05JA,ST295,,,在典型的上學週裡，你放學後會做以下事情的天數有幾天？,"During a typical school week, on how many days do you do each of the following after leaving school?",運動或練習某項運動（例如跑步、騎車、有氧、足球、溜冰）,"Exercise or practise a sport (e.g. running, cycling, aerobics, soccer, skating, <country-specific>)",0 天 | 1 天 | 2 天 | 3 天 | 4 天 | 5 天以上,0 days | 1 days | 2 days | 3 days | 4 days | 5 or more days,,,
ST296Q03JA,ST296,,,在典型的上學週裡，你大約花多少時間在以下科目的回家功課上？,"In a typical school week, approximately how much time do you spend on homework in the following subjects?",〈學校科學〉的回家功課,<School science> homework,每天 30 分鐘以內 | 每天超過 30 分鐘、1 小時以內 | 每天超過 1 小時、2 小時以內 | More than 2 hour and up to 3 hours a day | More than 3 hour and up to 4 hours a day | 每天超過 4 小時,Up to 30 minutes a day | More than 30 minutes and up to 1 hour a day | More than 1 hour and up to 2 hours a day | More than 2 hour and up to 3 hours a day | More than 3 hour and up to 4 hours a day | More than 4 hours a day,,,
ST296Q04JA,ST296,,,在典型的上學週裡，你大約花多少時間在以下科目的回家功課上？,"In a typical school week, approximately how much time do you spend on homework in the following subjects?",所有科目回家功課的總時間（含未列出的科目）,"Total time for all homework in all subjects, including subjects not listed above",每天 30 分鐘以內 | 每天超過 30 分鐘、1 小時以內 | 每天超過 1 小時、2 小時以內 | More than 2 hour and up to 3 hours a day | More than 3 hour and up to 4 hours a day | 每天超過 4 小時,Up to 30 minutes a day | More than 30 minutes and up to 1 hour a day | More than 1 hour and up to 2 hours a day | More than 2 hour and up to 3 hours a day | More than 3 hour and up to 4 hours a day | More than 4 hours a day,,,
ST300Q01JA,ST300,家庭支持,Family support,你的父母或家人多常和你做以下這些事？,How often do your parents or someone in your family do the following things with you?,和你討論你在學校的表現如何,Discuss how well you are doing at school,從不或幾乎從不 | 大約一年一到兩次 | 大約一個月一到兩次 | 大約一週一到兩次 | 每天或幾乎每天,Never or almost never | About once or twice a year | About once or twice a month | About once or twice a week | Every day or almost every day,從不或幾乎從不=11.31 | 大約一年一到兩次=11.08 | 大約一個月一到兩次=23.2 | 大約一週一到兩次=30.58 | 每天或幾乎每天=23.83,從不或幾乎從不=9.71 | 大約一年一到兩次=9.33 | 大約一個月一到兩次=20.62 | 大約一週一到兩次=29.01 | 每天或幾乎每天=31.32,Table I.B1.4.120
ST300Q05JA,ST300,家庭支持,Family support,你的父母或家人多常和你做以下這些事？,How often do your parents or someone in your family do the following things with you?,和你談你在學校可能遇到的問題,Talk to you about any problems you might have at school,從不或幾乎從不 | 大約一年一到兩次 | 大約一個月一到兩次 | 大約一週一到兩次 | 每天或幾乎每天,Never or almost never | About once or twice a year | About once or twice a month | About once or twice a week | Every day or almost every day,從不或幾乎從不=13.31 | 大約一年一到兩次=11.13 | 大約一個月一到兩次=22.23 | 大約一週一到兩次=29.11 | 每天或幾乎每天=24.22,從不或幾乎從不=16.49 | 大約一年一到兩次=13.88 | 大約一個月一到兩次=23.15 | 大約一週一到兩次=24.46 | 每天或幾乎每天=22.02,Table I.B1.4.120
ST300Q08JA,ST300,家庭支持,Family support,你的父母或家人多常和你做以下這些事？,How often do your parents or someone in your family do the following things with you?,關心你在學校學了什麼,Take an interest in what you are learning at school,從不或幾乎從不 | 大約一年一到兩次 | 大約一個月一到兩次 | 大約一週一到兩次 | 每天或幾乎每天,Never or almost never | About once or twice a year | About once or twice a month | About once or twice a week | Every day or almost every day,從不或幾乎從不=9.39 | 大約一年一到兩次=9.35 | 大約一個月一到兩次=24.06 | 大約一週一到兩次=30.3 | 每天或幾乎每天=26.9,從不或幾乎從不=11.2 | 大約一年一到兩次=10.25 | 大約一個月一到兩次=20.6 | 大約一週一到兩次=27.37 | 每天或幾乎每天=30.58,Table I.B1.4.120
ST300Q09JA,ST300,家庭支持,Family support,你的父母或家人多常和你做以下這些事？,How often do your parents or someone in your family do the following things with you?,和你談你未來的升學,Talk to you about your future education,從不或幾乎從不 | 大約一年一到兩次 | 大約一個月一到兩次 | 大約一週一到兩次 | 每天或幾乎每天,Never or almost never | About once or twice a year | About once or twice a month | About once or twice a week | Every day or almost every day,從不或幾乎從不=10.66 | 大約一年一到兩次=14.96 | 大約一個月一到兩次=30.71 | 大約一週一到兩次=26.28 | 每天或幾乎每天=17.39,從不或幾乎從不=7.79 | 大約一年一到兩次=12.33 | 大約一個月一到兩次=27.76 | 大約一週一到兩次=28.03 | 每天或幾乎每天=24.09,Table I.B1.4.120
ST300Q10JA,ST300,家庭支持,Family support,你的父母或家人多常和你做以下這些事？,How often do your parents or someone in your family do the following things with you?,問你今天在學校做了什麼,Ask you what you did in school that day,從不或幾乎從不 | 大約一年一到兩次 | 大約一個月一到兩次 | 大約一週一到兩次 | 每天或幾乎每天,Never or almost never | About once or twice a year | About once or twice a month | About once or twice a week | Every day or almost every day,從不或幾乎從不=14.44 | 大約一年一到兩次=9.02 | 大約一個月一到兩次=17.27 | 大約一週一到兩次=27.04 | 每天或幾乎每天=32.23,從不或幾乎從不=9.86 | 大約一年一到兩次=6.84 | 大約一個月一到兩次=12.07 | 大約一週一到兩次=20.49 | 每天或幾乎每天=50.73,Table I.B1.4.120
ST301Q01JA,ST301,好奇心,Students' curiosity,你同意或不同意以下說法到什麼程度？,To what extent do you agree or disagree with the following statements?,我對很多不同的事情都感到好奇,I am curious about many different things,非常不同意 | 不同意 | 普通（不同意也不反對） | 同意 | 非常同意,Strongly disagree | Disagree | Neither agree or disagree | Agree | Strongly agree,非常不同意=2.79 | 不同意=4.56 | 普通（不同意也不反對）=19.45 | 同意=52.22 | 非常同意=20.98,非常不同意=4.66 | 不同意=5.59 | 普通（不同意也不反對）=16.26 | 同意=46.63 | 非常同意=26.86,Table I.B1.3.1
ST301Q04JA,ST301,好奇心,Students' curiosity,你同意或不同意以下說法到什麼程度？,To what extent do you agree or disagree with the following statements?,我喜歡知道事物是如何運作的,I like to know how things work,非常不同意 | 不同意 | 普通（不同意也不反對） | 同意 | 非常同意,Strongly disagree | Disagree | Neither agree or disagree | Agree | Strongly agree,非常不同意=1.67 | 不同意=5.22 | 普通（不同意也不反對）=28.04 | 同意=46.66 | 非常同意=18.4,非常不同意=2.9 | 不同意=6.16 | 普通（不同意也不反對）=16.99 | 同意=48.15 | 非常同意=25.81,Table I.B1.3.1
ST301Q06JA,ST301,好奇心,Students' curiosity,你同意或不同意以下說法到什麼程度？,To what extent do you agree or disagree with the following statements?,我比我認識的大多數人更好奇,I am more curious than most people I know,非常不同意 | 不同意 | 普通（不同意也不反對） | 同意 | 非常同意,Strongly disagree | Disagree | Neither agree or disagree | Agree | Strongly agree,非常不同意=2.0 | 不同意=7.8 | 普通（不同意也不反對）=38.85 | 同意=35.48 | 非常同意=15.87,非常不同意=3.64 | 不同意=10.6 | 普通（不同意也不反對）=32.24 | 同意=34.43 | 非常同意=19.09,Table I.B1.3.1
ST301Q08JA,ST301,好奇心,Students' curiosity,你同意或不同意以下說法到什麼程度？,To what extent do you agree or disagree with the following statements?,我覺得學新東西很無聊,I find learning new things to be boring,非常不同意 | 不同意 | 普通（不同意也不反對） | 同意 | 非常同意,Strongly disagree | Disagree | Neither agree or disagree | Agree | Strongly agree,非常不同意=12.77 | 不同意=37.15 | 普通（不同意也不反對）=33.03 | 同意=12.6 | 非常同意=4.45,非常不同意=18.88 | 不同意=38.39 | 普通（不同意也不反對）=26.57 | 同意=12.01 | 非常同意=4.15,Table I.B1.3.1
ST301Q10JA,ST301,好奇心,Students' curiosity,你同意或不同意以下說法到什麼程度？,To what extent do you agree or disagree with the following statements?,我喜歡學新東西,I like learning new things,非常不同意 | 不同意 | 普通（不同意也不反對） | 同意 | 非常同意,Strongly disagree | Disagree | Neither agree or disagree | Agree | Strongly agree,非常不同意=1.88 | 不同意=4.14 | 普通（不同意也不反對）=35.35 | 同意=43.31 | 非常同意=15.32,非常不同意=3.27 | 不同意=4.83 | 普通（不同意也不反對）=23.11 | 同意=45.92 | 非常同意=22.87,Table I.B1.3.1
ST307Q01JA,ST307,毅力,Students' perseverance,你同意或不同意以下說法到什麼程度？,To what extent do you agree or disagree with the following statements?,我會持續做一項任務直到完成,I keep working on a task until it is finished,非常不同意 | 不同意 | 普通（不同意也不反對） | 同意 | 非常同意,Strongly disagree | Disagree | Neither agree or disagree | Agree | Strongly agree,非常不同意=2.1 | 不同意=5.85 | 普通（不同意也不反對）=34.2 | 同意=42.92 | 非常同意=14.93,非常不同意=5.48 | 不同意=9.8 | 普通（不同意也不反對）=24.21 | 同意=43.08 | 非常同意=17.43,Table I.B1.3.9
ST307Q02JA,ST307,毅力,Students' perseverance,你同意或不同意以下說法到什麼程度？,To what extent do you agree or disagree with the following statements?,工作變得有挑戰時，我會更加努力,I apply additional effort when work becomes challenging,非常不同意 | 不同意 | 普通（不同意也不反對） | 同意 | 非常同意,Strongly disagree | Disagree | Neither agree or disagree | Agree | Strongly agree,非常不同意=1.89 | 不同意=5.75 | 普通（不同意也不反對）=23.66 | 同意=50.33 | 非常同意=18.37,非常不同意=4.08 | 不同意=11.59 | 普通（不同意也不反對）=24.8 | 同意=43.11 | 非常同意=16.42,Table I.B1.3.9
ST307Q03JA,ST307,毅力,Students' perseverance,你同意或不同意以下說法到什麼程度？,To what extent do you agree or disagree with the following statements?,即使開始覺得無聊，我還是會把開始的事做完,I finish tasks that I started even when they become boring,非常不同意 | 不同意 | 普通（不同意也不反對） | 同意 | 非常同意,Strongly disagree | Disagree | Neither agree or disagree | Agree | Strongly agree,非常不同意=3.44 | 不同意=13.27 | 普通（不同意也不反對）=34.27 | 同意=39.2 | 非常同意=9.81,非常不同意=5.12 | 不同意=14.69 | 普通（不同意也不反對）=28.5 | 同意=38.18 | 非常同意=13.51,Table I.B1.3.9
ST307Q07JA,ST307,毅力,Students' perseverance,你同意或不同意以下說法到什麼程度？,To what extent do you agree or disagree with the following statements?,如果功課太長，我就會放棄,I quit doing homework if it is too long,非常不同意 | 不同意 | 普通（不同意也不反對） | 同意 | 非常同意,Strongly disagree | Disagree | Neither agree or disagree | Agree | Strongly agree,非常不同意=10.36 | 不同意=29.7 | 普通（不同意也不反對）=31.82 | 同意=20.28 | 非常同意=7.84,非常不同意=12.29 | 不同意=28.48 | 普通（不同意也不反對）=27.7 | 同意=23.63 | 非常同意=7.9,Table I.B1.3.9
ST307Q09JA,ST307,毅力,Students' perseverance,你同意或不同意以下說法到什麼程度？,To what extent do you agree or disagree with the following statements?,我會完成我開始的事,I finish what I start,非常不同意 | 不同意 | 普通（不同意也不反對） | 同意 | 非常同意,Strongly disagree | Disagree | Neither agree or disagree | Agree | Strongly agree,非常不同意=2.51 | 不同意=10.64 | 普通（不同意也不反對）=36.9 | 同意=35.91 | 非常同意=14.03,非常不同意=3.99 | 不同意=9.04 | 普通（不同意也不反對）=25.8 | 同意=41.75 | 非常同意=19.42,Table I.B1.3.9
ST307Q10JA,ST307,毅力,Students' perseverance,你同意或不同意以下說法到什麼程度？,To what extent do you agree or disagree with the following statements?,我很容易放棄,I give up easily,非常不同意 | 不同意 | 普通（不同意也不反對） | 同意 | 非常同意,Strongly disagree | Disagree | Neither agree or disagree | Agree | Strongly agree,非常不同意=11.79 | 不同意=24.25 | 普通（不同意也不反對）=32.83 | 同意=21.76 | 非常同意=9.38,非常不同意=22.08 | 不同意=30.37 | 普通（不同意也不反對）=25.21 | 同意=15.42 | 非常同意=6.93,Table I.B1.3.9
ST322Q01JA,ST322,,,想想你使用〈數位裝置〉的情形，你多常有以下感受或行為？,Think about your use of <digital devices>. How often do you feel or act the following ways?,上課時我會關閉〈數位裝置〉上社群網站和應用程式的通知,I turn off notifications from social networks and apps on my <digital devices> during class,從不或幾乎從不 | 不到一半的時間 | 約一半的時間 | 超過一半的時間 | 全部或幾乎全部時間 | Not applicable,Never or almost never | Less than half of the time | About half of the time | More than half of the time | All or almost all of the time | Not applicable,,,
ST322Q02JA,ST322,,,想想你使用〈數位裝置〉的情形，你多常有以下感受或行為？,Think about your use of <digital devices>. How often do you feel or act the following ways?,睡覺時我會關閉〈數位裝置〉上社群網站和應用程式的通知,I turn off notifications from social networks and apps on my <digital devices> when I go to sleep,從不或幾乎從不 | 不到一半的時間 | 約一半的時間 | 超過一半的時間 | 全部或幾乎全部時間 | Not applicable,Never or almost never | Less than half of the time | About half of the time | More than half of the time | All or almost all of the time | Not applicable,,,
ST322Q06JA,ST322,,,想想你使用〈數位裝置〉的情形，你多常有以下感受或行為？,Think about your use of <digital devices>. How often do you feel or act the following ways?,上課時我覺得有壓力要上線並回覆訊息,I feel pressured to be online and answer messages when I am in class,從不或幾乎從不 | 不到一半的時間 | 約一半的時間 | 超過一半的時間 | 全部或幾乎全部時間 | Not applicable,Never or almost never | Less than half of the time | About half of the time | More than half of the time | All or almost all of the time | Not applicable,,,
ST322Q07JA,ST322,,,想想你使用〈數位裝置〉的情形，你多常有以下感受或行為？,Think about your use of <digital devices>. How often do you feel or act the following ways?,〈數位裝置〉不在身邊時，我會覺得緊張／焦慮,I feel nervous/anxious when I don’t have my <digital device> near me,從不或幾乎從不 | 不到一半的時間 | 約一半的時間 | 超過一半的時間 | 全部或幾乎全部時間 | Not applicable,Never or almost never | Less than half of the time | About half of the time | More than half of the time | All or almost all of the time | Not applicable,,,
ST324Q10JA,ST324,對學校的態度,Students' attitudes towards school,你同意或不同意以下說法到什麼程度？,To what extent do you agree or disagree with the following statements?,學校幾乎沒有讓我為離校後的成年生活做好準備,School has done little to prepare me for adult life when I leave school,非常不同意 | 不同意 | 同意 | 非常同意 | valid skip (filter rule) | system missing | not administered/not applicable | invalid | no response,Strongly disagree | Disagree | Agree | Strongly agree | valid skip (filter rule) | system missing | not administered/not applicable | invalid | no response,非常不同意=18.92 | 不同意=50.74 | 同意=23.07 | 非常同意=7.27,非常不同意=15.66 | 不同意=35.75 | 同意=33.29 | 非常同意=15.3,Table I.B1.3.70
ST324Q11JA,ST324,對學校的態度,Students' attitudes towards school,你同意或不同意以下說法到什麼程度？,To what extent do you agree or disagree with the following statements?,上學是浪費時間,School has been a waste of time,非常不同意 | 不同意 | 同意 | 非常同意 | valid skip (filter rule) | system missing | not administered/not applicable | invalid | no response,Strongly disagree | Disagree | Agree | Strongly agree | valid skip (filter rule) | system missing | not administered/not applicable | invalid | no response,非常不同意=25.13 | 不同意=53.62 | 同意=15.17 | 非常同意=6.08,非常不同意=26.17 | 不同意=49.96 | 同意=17.14 | 非常同意=6.73,Table I.B1.3.70
ST324Q13JA,ST324,對學校的態度,Students' attitudes towards school,你同意或不同意以下說法到什麼程度？,To what extent do you agree or disagree with the following statements?,學校教了我一些在工作上可能有用的東西,School has taught me things which could be useful in a job,非常不同意 | 不同意 | 同意 | 非常同意 | valid skip (filter rule) | system missing | not administered/not applicable | invalid | no response,Strongly disagree | Disagree | Agree | Strongly agree | valid skip (filter rule) | system missing | not administered/not applicable | invalid | no response,非常不同意=11.36 | 不同意=24.46 | 同意=51.47 | 非常同意=12.71,非常不同意=10.74 | 不同意=22.65 | 同意=49.98 | 非常同意=16.63,Table I.B1.3.70
ST326Q01JA,ST326,每天使用數位裝置的時間,Time spent per day on digital devices,這學年，你平均每天大約花多少小時在下列情境使用〈數位資源〉？,"This school year, about how many hours a day do you usually use <digital resources> in the following situations?",在學校進行學習活動,For learning activities at school,沒有 | 1 小時以內 | 超過 1 小時、2 小時以內 | 超過 2 小時、3 小時以內 | More than 3 hour and up to 4 hours | More than 4 hour and up to 5 hours | More than 5 hour and up to 6 hours | More than 6 hour and up to 7 hours | More than 7 hours,None | Up to 1 hour | More than 1 hour and up to 2 hours | More than 2 hour and up to 3 hours | More than 3 hour and up to 4 hours | More than 4 hour and up to 5 hours | More than 5 hour and up to 6 hours | More than 6 hour and up to 7 hours | More than 7 hours,沒有=19.53 | 1 小時以內=38.03 | 超過 1 小時、2 小時以內=18.3 | More than 2 hours and up to 3 hours=5.53 | More than 3 hours and up to 5 hours=4.89 | More than 5 hours and up to 7 hours=4.92 | More than 7 hours=8.79,沒有=16.61 | 1 小時以內=33.37 | 超過 1 小時、2 小時以內=19.94 | More than 2 hours and up to 3 hours=10.06 | More than 3 hours and up to 5 hours=11.15 | More than 5 hours and up to 7 hours=5.76 | More than 7 hours=3.1,Table I.B1.4.21
ST326Q02JA,ST326,每天使用數位裝置的時間,Time spent per day on digital devices,這學年，你平均每天大約花多少小時在下列情境使用〈數位資源〉？,"This school year, about how many hours a day do you usually use <digital resources> in the following situations?",上學前和放學後進行學習活動,For learning activities before and after school,沒有 | 1 小時以內 | 超過 1 小時、2 小時以內 | 超過 2 小時、3 小時以內 | More than 3 hour and up to 4 hours | More than 4 hour and up to 5 hours | More than 5 hour and up to 6 hours | More than 6 hour and up to 7 hours | More than 7 hours,None | Up to 1 hour | More than 1 hour and up to 2 hours | More than 2 hour and up to 3 hours | More than 3 hour and up to 4 hours | More than 4 hour and up to 5 hours | More than 5 hour and up to 6 hours | More than 6 hour and up to 7 hours | More than 7 hours,沒有=27.34 | 1 小時以內=27.74 | 超過 1 小時、2 小時以內=21.84 | More than 2 hours and up to 3 hours=12.04 | More than 3 hours and up to 5 hours=7.53 | More than 5 hours and up to 7 hours=1.44 | More than 7 hours=2.07,沒有=23.23 | 1 小時以內=34.7 | 超過 1 小時、2 小時以內=21.49 | More than 2 hours and up to 3 hours=10.26 | More than 3 hours and up to 5 hours=6.87 | More than 5 hours and up to 7 hours=1.84 | More than 7 hours=1.61,Table I.B1.4.21
ST326Q03JA,ST326,每天使用數位裝置的時間,Time spent per day on digital devices,這學年，你平均每天大約花多少小時在下列情境使用〈數位資源〉？,"This school year, about how many hours a day do you usually use <digital resources> in the following situations?",週末進行學習活動,For learning activities on weekends,沒有 | 1 小時以內 | 超過 1 小時、2 小時以內 | 超過 2 小時、3 小時以內 | More than 3 hour and up to 4 hours | More than 4 hour and up to 5 hours | More than 5 hour and up to 6 hours | More than 6 hour and up to 7 hours | More than 7 hours,None | Up to 1 hour | More than 1 hour and up to 2 hours | More than 2 hour and up to 3 hours | More than 3 hour and up to 4 hours | More than 4 hour and up to 5 hours | More than 5 hour and up to 6 hours | More than 6 hour and up to 7 hours | More than 7 hours,沒有=28.22 | 1 小時以內=19.32 | 超過 1 小時、2 小時以內=17.73 | More than 2 hours and up to 3 hours=13.2 | More than 3 hours and up to 5 hours=12.22 | More than 5 hours and up to 7 hours=4.45 | More than 7 hours=4.85,沒有=27.18 | 1 小時以內=27.22 | 超過 1 小時、2 小時以內=18.59 | More than 2 hours and up to 3 hours=11.8 | More than 3 hours and up to 5 hours=10.09 | More than 5 hours and up to 7 hours=3.38 | More than 7 hours=1.75,Table I.B1.4.21
ST326Q04JA,ST326,每天使用數位裝置的時間,Time spent per day on digital devices,這學年，你平均每天大約花多少小時在下列情境使用〈數位資源〉？,"This school year, about how many hours a day do you usually use <digital resources> in the following situations?",在學校進行休閒活動,For leisure at school,沒有 | 1 小時以內 | 超過 1 小時、2 小時以內 | 超過 2 小時、3 小時以內 | More than 3 hour and up to 4 hours | More than 4 hour and up to 5 hours | More than 5 hour and up to 6 hours | More than 6 hour and up to 7 hours | More than 7 hours,None | Up to 1 hour | More than 1 hour and up to 2 hours | More than 2 hour and up to 3 hours | More than 3 hour and up to 4 hours | More than 4 hour and up to 5 hours | More than 5 hour and up to 6 hours | More than 6 hour and up to 7 hours | More than 7 hours,沒有=27.63 | 1 小時以內=32.26 | 超過 1 小時、2 小時以內=22.89 | More than 2 hours and up to 3 hours=8.74 | More than 3 hours and up to 5 hours=5.23 | More than 5 hours and up to 7 hours=1.11 | More than 7 hours=2.13,沒有=36.14 | 1 小時以內=33.2 | 超過 1 小時、2 小時以內=14.02 | More than 2 hours and up to 3 hours=6.54 | More than 3 hours and up to 5 hours=5.4 | More than 5 hours and up to 7 hours=2.48 | More than 7 hours=2.22,Table I.B1.4.21
ST326Q05JA,ST326,每天使用數位裝置的時間,Time spent per day on digital devices,這學年，你平均每天大約花多少小時在下列情境使用〈數位資源〉？,"This school year, about how many hours a day do you usually use <digital resources> in the following situations?",上學前和放學後進行休閒活動,For leisure before and after school,沒有 | 1 小時以內 | 超過 1 小時、2 小時以內 | 超過 2 小時、3 小時以內 | More than 3 hour and up to 4 hours | More than 4 hour and up to 5 hours | More than 5 hour and up to 6 hours | More than 6 hour and up to 7 hours | More than 7 hours,None | Up to 1 hour | More than 1 hour and up to 2 hours | More than 2 hour and up to 3 hours | More than 3 hour and up to 4 hours | More than 4 hour and up to 5 hours | More than 5 hour and up to 6 hours | More than 6 hour and up to 7 hours | More than 7 hours,沒有=14.75 | 1 小時以內=17.89 | 超過 1 小時、2 小時以內=21.56 | More than 2 hours and up to 3 hours=18.11 | More than 3 hours and up to 5 hours=17.67 | More than 5 hours and up to 7 hours=4.61 | More than 7 hours=5.4,沒有=18.54 | 1 小時以內=18.85 | 超過 1 小時、2 小時以內=15.34 | More than 2 hours and up to 3 hours=14.79 | More than 3 hours and up to 5 hours=19.19 | More than 5 hours and up to 7 hours=7.88 | More than 7 hours=5.41,Table I.B1.4.21
ST326Q06JA,ST326,每天使用數位裝置的時間,Time spent per day on digital devices,這學年，你平均每天大約花多少小時在下列情境使用〈數位資源〉？,"This school year, about how many hours a day do you usually use <digital resources> in the following situations?",週末進行休閒活動,For leisure on weekends,沒有 | 1 小時以內 | 超過 1 小時、2 小時以內 | 超過 2 小時、3 小時以內 | More than 3 hour and up to 4 hours | More than 4 hour and up to 5 hours | More than 5 hour and up to 6 hours | More than 6 hour and up to 7 hours | More than 7 hours,None | Up to 1 hour | More than 1 hour and up to 2 hours | More than 2 hour and up to 3 hours | More than 3 hour and up to 4 hours | More than 4 hour and up to 5 hours | More than 5 hour and up to 6 hours | More than 6 hour and up to 7 hours | More than 7 hours,沒有=8.55 | 1 小時以內=5.69 | 超過 1 小時、2 小時以內=8.7 | More than 2 hours and up to 3 hours=12.39 | More than 3 hours and up to 5 hours=25.22 | More than 5 hours and up to 7 hours=15.97 | More than 7 hours=23.47,沒有=15.77 | 1 小時以內=10.36 | 超過 1 小時、2 小時以內=8.95 | More than 2 hours and up to 3 hours=11.22 | More than 3 hours and up to 5 hours=22.8 | More than 5 hours and up to 7 hours=15.28 | More than 7 hours=15.61,Table I.B1.4.21
ST327Q01JA,ST327,,,你預期自己會完成下列哪些學歷？,Which of the following qualifications do you expect to complete?,〈ISCED 第 2 級（國中）〉,<ISCED level 2>,是 | 否 | 不知道 | valid skip (filter rule) | system missing | not administered/not applicable | invalid | no response,Yes | No | I don't know | valid skip (filter rule) | system missing | not administered/not applicable | invalid | no response,,,
ST327Q02JA,ST327,,,你預期自己會完成下列哪些學歷？,Which of the following qualifications do you expect to complete?,〈ISCED 第 3.3 級（高中職，普通／技職）〉,<ISCED level 3.3>,是 | 否 | 不知道 | valid skip (filter rule) | system missing | not administered/not applicable | invalid | no response,Yes | No | I don't know | valid skip (filter rule) | system missing | not administered/not applicable | invalid | no response,,,
ST327Q03JA,ST327,,,你預期自己會完成下列哪些學歷？,Which of the following qualifications do you expect to complete?,〈ISCED 第 3.4 級（高中職，另一類）〉,<ISCED level 3.4>,是 | 否 | 不知道 | valid skip (filter rule) | system missing | not administered/not applicable | invalid | no response,Yes | No | I don't know | valid skip (filter rule) | system missing | not administered/not applicable | invalid | no response,,,
ST327Q04JA,ST327,,,你預期自己會完成下列哪些學歷？,Which of the following qualifications do you expect to complete?,〈ISCED 第 4 級（中學後非高等教育）〉,<ISCED level 4>,是 | 否 | 不知道 | valid skip (filter rule) | system missing | not administered/not applicable | invalid | no response,Yes | No | I don't know | valid skip (filter rule) | system missing | not administered/not applicable | invalid | no response,,,
ST327Q05JA,ST327,,,你預期自己會完成下列哪些學歷？,Which of the following qualifications do you expect to complete?,〈ISCED 第 5 級（短期高等教育，如專科）〉,<ISCED level 5>,是 | 否 | 不知道 | valid skip (filter rule) | system missing | not administered/not applicable | invalid | no response,Yes | No | I don't know | valid skip (filter rule) | system missing | not administered/not applicable | invalid | no response,,,
ST327Q06JA,ST327,,,你預期自己會完成下列哪些學歷？,Which of the following qualifications do you expect to complete?,〈ISCED 第 6 級（學士）〉,<ISCED level 6>,是 | 否 | 不知道 | valid skip (filter rule) | system missing | not administered/not applicable | invalid | no response,Yes | No | I don't know | valid skip (filter rule) | system missing | not administered/not applicable | invalid | no response,,,
ST327Q07JA,ST327,,,你預期自己會完成下列哪些學歷？,Which of the following qualifications do you expect to complete?,〈ISCED 第 7 級（碩士）〉,<ISCED level 7>,是 | 否 | 不知道 | valid skip (filter rule) | system missing | not administered/not applicable | invalid | no response,Yes | No | I don't know | valid skip (filter rule) | system missing | not administered/not applicable | invalid | no response,,,
ST327Q08JA,ST327,,,你預期自己會完成下列哪些學歷？,Which of the following qualifications do you expect to complete?,〈ISCED 第 8 級（博士）〉,<ISCED level 8>,是 | 否 | 不知道 | valid skip (filter rule) | system missing | not administered/not applicable | invalid | no response,Yes | No | I don't know | valid skip (filter rule) | system missing | not administered/not applicable | invalid | no response,,,
ST331Q01JA,ST331,,,想想你在這次 PISA 測驗與問卷上投入的努力。,Now think about the effort you put into completing the PISA test and questionnaire.,你在 PISA 測驗上投入了多少努力想考好？,How much effort did you put into doing well on the PISA test?,1 | 2 | 3 | 4 | 5 | 6 | 7 | 8 | 9 | 10,1 | 2 | 3 | 4 | 5 | 6 | 7 | 8 | 9 | 10,,,
ST331Q02JA,ST331,,,想想你在這次 PISA 測驗與問卷上投入的努力。,Now think about the effort you put into completing the PISA test and questionnaire.,如果 PISA 測驗結果會列入你的〈在校成績〉，你會投入多少努力？,How much effort would you have invested if your results from the PISA test were going to be counted in your <school marks>?,1 | 2 | 3 | 4 | 5 | 6 | 7 | 8 | 9 | 10,1 | 2 | 3 | 4 | 5 | 6 | 7 | 8 | 9 | 10,,,
ST331Q03JA,ST331,,,想想你在這次 PISA 測驗與問卷上投入的努力。,Now think about the effort you put into completing the PISA test and questionnaire.,想想你剛才作答的 PISA 問卷，你投入了多少努力去給出準確的答案？,Now think about the PISA questionnaire you just answered. How much effort did you put into giving accurate answers?,1 | 2 | 3 | 4 | 5 | 6 | 7 | 8 | 9 | 10,1 | 2 | 3 | 4 | 5 | 6 | 7 | 8 | 9 | 10,,,
ST333Q01DA,ST333,,,你在家裡總共會和家人說幾種語言？,How many languages in total do you speak with people at home?,你在家裡總共會和家人說幾種語言？,How many languages in total do you speak with people at home?,一 | 二 | 三 | 四個以上 | valid skip (filter rule) | system missing | not administered/not applicable | invalid | no response,One | Two | Three | Four or more | valid skip (filter rule) | system missing | not administered/not applicable | invalid | no response,,,
ST401Q03DA,ST401,,,你是否經常做以下這些〈事情〉？,Do you do the following <things> regularly?,在特殊節日舉行慶祝活動,Hold celebrations on special occasions,是 | 沒有，負擔不起 | 沒有，其他原因 | valid skip (filter rule) | system missing | not administered/not applicable | invalid | no response,"Yes | No, cannot afford it | No, other reason | valid skip (filter rule) | system missing | not administered/not applicable | invalid | no response",,,
ST401Q04DA,ST401,,,你是否經常做以下這些〈事情〉？,Do you do the following <things> regularly?,參加需要花錢的休閒活動，例如體育賽事、電影或演唱會等,"Attend leisure activities that cost money, such as sport events, cinema, or concert, etc.",是 | 沒有，負擔不起 | 沒有，其他原因 | valid skip (filter rule) | system missing | not administered/not applicable | invalid | no response,"Yes | No, cannot afford it | No, other reason | valid skip (filter rule) | system missing | not administered/not applicable | invalid | no response",,,
ST401Q05DA,ST401,,,你是否經常做以下這些〈事情〉？,Do you do the following <things> regularly?,不時邀請朋友來家裡玩和吃飯,Invite friends to play and eat from time to time,是 | 沒有，負擔不起 | 沒有，其他原因 | valid skip (filter rule) | system missing | not administered/not applicable | invalid | no response,"Yes | No, cannot afford it | No, other reason | valid skip (filter rule) | system missing | not administered/not applicable | invalid | no response",,,
ST401Q06DA,ST401,,,你是否經常做以下這些〈事情〉？,Do you do the following <things> regularly?,參加需要花錢的校外教學和學校活動,Participate in school trips and school events that cost money,是 | 沒有，負擔不起 | 沒有，其他原因 | valid skip (filter rule) | system missing | not administered/not applicable | invalid | no response,"Yes | No, cannot afford it | No, other reason | valid skip (filter rule) | system missing | not administered/not applicable | invalid | no response",,,
ST401Q07DA,ST401,,,你是否經常做以下這些〈事情〉？,Do you do the following <things> regularly?,每年至少有一週在外度假,Spend at least one-week away from home on holiday every year,是 | 沒有，負擔不起 | 沒有，其他原因 | valid skip (filter rule) | system missing | not administered/not applicable | invalid | no response,"Yes | No, cannot afford it | No, other reason | valid skip (filter rule) | system missing | not administered/not applicable | invalid | no response",,,
ST403Q01DA,ST403,,,依照這個定義，你有幾位父母和／或監護人？,"Based on this definition, how many parents and/or guardians do you have?",依照這個定義，你有幾位父母和／或監護人？,"Based on this definition, how many parents and/or guardians do you have?",沒有 | 一 | 二 | 三 | 四個以上,None | One | Two | Three | Four or more,,,
ST405Q01DA,ST405,,,你的父母或監護人具有下列哪些學歷？,Which of the following qualifications does your parent or guardian have?,家長 —— 〈ISCED 第 2 級（國中）〉,Parent - <ISCED level 2>,是 | 否 | valid skip (filter rule) | system missing | not administered/not applicable | invalid | no response,Yes | No | valid skip (filter rule) | system missing | not administered/not applicable | invalid | no response,,,
ST405Q02DA,ST405,,,你的父母或監護人具有下列哪些學歷？,Which of the following qualifications does your parent or guardian have?,家長 —— 〈ISCED 第 3.3 級（高中職，普通／技職）〉,Parent - <ISCED level 3.3>,是 | 否 | valid skip (filter rule) | system missing | not administered/not applicable | invalid | no response,Yes | No | valid skip (filter rule) | system missing | not administered/not applicable | invalid | no response,,,
ST405Q03DA,ST405,,,你的父母或監護人具有下列哪些學歷？,Which of the following qualifications does your parent or guardian have?,家長 —— 〈ISCED 第 3.4 級（高中職，另一類）〉,Parent - <ISCED level 3.4>,是 | 否 | valid skip (filter rule) | system missing | not administered/not applicable | invalid | no response,Yes | No | valid skip (filter rule) | system missing | not administered/not applicable | invalid | no response,,,
ST405Q04DA,ST405,,,你的父母或監護人具有下列哪些學歷？,Which of the following qualifications does your parent or guardian have?,家長 —— 〈ISCED 第 4 級（中學後非高等教育）〉,Parent - <ISCED level 4>,是 | 否 | valid skip (filter rule) | system missing | not administered/not applicable | invalid | no response,Yes | No | valid skip (filter rule) | system missing | not administered/not applicable | invalid | no response,,,
ST405Q05DA,ST405,,,你的父母或監護人具有下列哪些學歷？,Which of the following qualifications does your parent or guardian have?,家長 —— 〈ISCED 第 5 級（短期高等教育，如專科）〉,Parent - <ISCED level 5>,是 | 否 | valid skip (filter rule) | system missing | not administered/not applicable | invalid | no response,Yes | No | valid skip (filter rule) | system missing | not administered/not applicable | invalid | no response,,,
ST405Q06DA,ST405,,,你的父母或監護人具有下列哪些學歷？,Which of the following qualifications does your parent or guardian have?,家長 —— 〈ISCED 第 6 級（學士）〉,Parent - <ISCED level 6>,是 | 否 | valid skip (filter rule) | system missing | not administered/not applicable | invalid | no response,Yes | No | valid skip (filter rule) | system missing | not administered/not applicable | invalid | no response,,,
ST405Q07DA,ST405,,,你的父母或監護人具有下列哪些學歷？,Which of the following qualifications does your parent or guardian have?,家長 —— 〈ISCED 第 7 級（碩士）〉,Parent - <ISCED level 7>,是 | 否 | valid skip (filter rule) | system missing | not administered/not applicable | invalid | no response,Yes | No | valid skip (filter rule) | system missing | not administered/not applicable | invalid | no response,,,
ST405Q08DA,ST405,,,你的父母或監護人具有下列哪些學歷？,Which of the following qualifications does your parent or guardian have?,家長 —— 〈ISCED 第 8 級（博士）〉,Parent - <ISCED level 8>,是 | 否 | valid skip (filter rule) | system missing | not administered/not applicable | invalid | no response,Yes | No | valid skip (filter rule) | system missing | not administered/not applicable | invalid | no response,,,
ST405Q09DA,ST405,,,你的父母或監護人具有下列哪些學歷？,Which of the following qualifications does your parent or guardian have?,我的父母或監護人沒有上述任何一項學歷。,My parent or guardian does not have any of these qualifications.,是 | 否 | valid skip (filter rule) | system missing | not administered/not applicable | invalid | no response,Yes | No | valid skip (filter rule) | system missing | not administered/not applicable | invalid | no response,,,
ST410Q01DA_A,ST410,,,你的父母或監護人具有下列哪些學歷？,Which of the following qualifications do your parents or guardians have?,家長 1 —— 〈ISCED 第 2 級（國中）〉,Parent #1 - <ISCED level 2>,是 | 否 | valid skip (filter rule) | system missing | not administered/not applicable | invalid | no response,Yes | No | valid skip (filter rule) | system missing | not administered/not applicable | invalid | no response,,,
ST410Q01DA_B,ST410,,,你的父母或監護人具有下列哪些學歷？,Which of the following qualifications do your parents or guardians have?,家長 2 —— 〈ISCED 第 2 級（國中）〉,Parent #2 - <ISCED level 2>,是 | 否 | valid skip (filter rule) | system missing | not administered/not applicable | invalid | no response,Yes | No | valid skip (filter rule) | system missing | not administered/not applicable | invalid | no response,,,
ST410Q02DA_A,ST410,,,你的父母或監護人具有下列哪些學歷？,Which of the following qualifications do your parents or guardians have?,家長 1 —— 〈ISCED 第 3.3 級（高中職，普通／技職）〉,Parent #1 - <ISCED level 3.3>,是 | 否 | valid skip (filter rule) | system missing | not administered/not applicable | invalid | no response,Yes | No | valid skip (filter rule) | system missing | not administered/not applicable | invalid | no response,,,
ST410Q02DA_B,ST410,,,你的父母或監護人具有下列哪些學歷？,Which of the following qualifications do your parents or guardians have?,家長 2 —— 〈ISCED 第 3.3 級（高中職，普通／技職）〉,Parent #2 - <ISCED level 3.3>,是 | 否 | valid skip (filter rule) | system missing | not administered/not applicable | invalid | no response,Yes | No | valid skip (filter rule) | system missing | not administered/not applicable | invalid | no response,,,
ST410Q03DA_A,ST410,,,你的父母或監護人具有下列哪些學歷？,Which of the following qualifications do your parents or guardians have?,家長 1 —— 〈ISCED 第 3.4 級（高中職，另一類）〉,Parent #1 - <ISCED level 3.4>,是 | 否 | valid skip (filter rule) | system missing | not administered/not applicable | invalid | no response,Yes | No | valid skip (filter rule) | system missing | not administered/not applicable | invalid | no response,,,
ST410Q03DA_B,ST410,,,你的父母或監護人具有下列哪些學歷？,Which of the following qualifications do your parents or guardians have?,家長 2 —— 〈ISCED 第 3.4 級（高中職，另一類）〉,Parent #2 - <ISCED level 3.4>,是 | 否 | valid skip (filter rule) | system missing | not administered/not applicable | invalid | no response,Yes | No | valid skip (filter rule) | system missing | not administered/not applicable | invalid | no response,,,
ST410Q04DA_A,ST410,,,你的父母或監護人具有下列哪些學歷？,Which of the following qualifications do your parents or guardians have?,家長 1 —— 〈ISCED 第 4 級（中學後非高等教育）〉,Parent #1 - <ISCED level 4>,是 | 否 | valid skip (filter rule) | system missing | not administered/not applicable | invalid | no response,Yes | No | valid skip (filter rule) | system missing | not administered/not applicable | invalid | no response,,,
ST410Q04DA_B,ST410,,,你的父母或監護人具有下列哪些學歷？,Which of the following qualifications do your parents or guardians have?,家長 2 —— 〈ISCED 第 4 級（中學後非高等教育）〉,Parent #2 - <ISCED level 4>,是 | 否 | valid skip (filter rule) | system missing | not administered/not applicable | invalid | no response,Yes | No | valid skip (filter rule) | system missing | not administered/not applicable | invalid | no response,,,
ST410Q05DA_A,ST410,,,你的父母或監護人具有下列哪些學歷？,Which of the following qualifications do your parents or guardians have?,家長 1 —— 〈ISCED 第 5 級（短期高等教育，如專科）〉,Parent #1 - <ISCED level 5>,是 | 否 | valid skip (filter rule) | system missing | not administered/not applicable | invalid | no response,Yes | No | valid skip (filter rule) | system missing | not administered/not applicable | invalid | no response,,,
ST410Q05DA_B,ST410,,,你的父母或監護人具有下列哪些學歷？,Which of the following qualifications do your parents or guardians have?,家長 2 —— 〈ISCED 第 5 級（短期高等教育，如專科）〉,Parent #2 - <ISCED level 5>,是 | 否 | valid skip (filter rule) | system missing | not administered/not applicable | invalid | no response,Yes | No | valid skip (filter rule) | system missing | not administered/not applicable | invalid | no response,,,
ST410Q06DA_A,ST410,,,你的父母或監護人具有下列哪些學歷？,Which of the following qualifications do your parents or guardians have?,家長 1 —— 〈ISCED 第 6 級（學士）〉,Parent #1 - <ISCED level 6>,是 | 否 | valid skip (filter rule) | system missing | not administered/not applicable | invalid | no response,Yes | No | valid skip (filter rule) | system missing | not administered/not applicable | invalid | no response,,,
ST410Q06DA_B,ST410,,,你的父母或監護人具有下列哪些學歷？,Which of the following qualifications do your parents or guardians have?,家長 2 —— 〈ISCED 第 6 級（學士）〉,Parent #2 - <ISCED level 6>,是 | 否 | valid skip (filter rule) | system missing | not administered/not applicable | invalid | no response,Yes | No | valid skip (filter rule) | system missing | not administered/not applicable | invalid | no response,,,
ST410Q07DA_A,ST410,,,你的父母或監護人具有下列哪些學歷？,Which of the following qualifications do your parents or guardians have?,家長 1 —— 〈ISCED 第 7 級（碩士）〉,Parent #1 - <ISCED level 7>,是 | 否 | valid skip (filter rule) | system missing | not administered/not applicable | invalid | no response,Yes | No | valid skip (filter rule) | system missing | not administered/not applicable | invalid | no response,,,
ST410Q07DA_B,ST410,,,你的父母或監護人具有下列哪些學歷？,Which of the following qualifications do your parents or guardians have?,家長 2 —— 〈ISCED 第 7 級（碩士）〉,Parent #2 - <ISCED level 7>,是 | 否 | valid skip (filter rule) | system missing | not administered/not applicable | invalid | no response,Yes | No | valid skip (filter rule) | system missing | not administered/not applicable | invalid | no response,,,
ST410Q08DA_A,ST410,,,你的父母或監護人具有下列哪些學歷？,Which of the following qualifications do your parents or guardians have?,家長 1 —— 〈ISCED 第 8 級（博士）〉,Parent #1 - <ISCED level 8>,是 | 否 | valid skip (filter rule) | system missing | not administered/not applicable | invalid | no response,Yes | No | valid skip (filter rule) | system missing | not administered/not applicable | invalid | no response,,,
ST410Q08DA_B,ST410,,,你的父母或監護人具有下列哪些學歷？,Which of the following qualifications do your parents or guardians have?,家長 2 —— 〈ISCED 第 8 級（博士）〉,Parent #2 - <ISCED level 8>,是 | 否 | valid skip (filter rule) | system missing | not administered/not applicable | invalid | no response,Yes | No | valid skip (filter rule) | system missing | not administered/not applicable | invalid | no response,,,
ST410Q09DA_A,ST410,,,你的父母或監護人具有下列哪些學歷？,Which of the following qualifications do your parents or guardians have?,家長 1 —— 這位父母或監護人沒有上述任何一項學歷。,Parent #1 - This parent or guardian does not have any of these qualifications.,是 | 否 | valid skip (filter rule) | system missing | not administered/not applicable | invalid | no response,Yes | No | valid skip (filter rule) | system missing | not administered/not applicable | invalid | no response,,,
ST410Q09DA_B,ST410,,,你的父母或監護人具有下列哪些學歷？,Which of the following qualifications do your parents or guardians have?,家長 2 —— 這位父母或監護人沒有上述任何一項學歷。,Parent #2 - This parent or guardian does not have any of these qualifications.,是 | 否 | valid skip (filter rule) | system missing | not administered/not applicable | invalid | no response,Yes | No | valid skip (filter rule) | system missing | not administered/not applicable | invalid | no response,,,
ST420Q01DA,ST420,對社會流動的信念與成長心態,Students' beliefs in social mobility and growth mindset,你同意或不同意以下說法到什麼程度？,To what extent do you agree or disagree with the following statements?,你的智力是固定的，你其實沒辦法真的改變它,"You have a certain amount of intelligence, and you really can’t do much to change it",非常不同意 | 不同意 | 同意 | 非常同意 | valid skip (filter rule) | system missing | not administered/not applicable | invalid | no response,Strongly disagree | Disagree | Agree | Strongly agree | valid skip (filter rule) | system missing | not administered/not applicable | invalid | no response,"Bottom, second and third quarters=45.58 | Top quarter=43.01","Bottom, second and third quarters=63.48 | Top quarter=76.99",Table I.B1.1.6
ST420Q02DA,ST420,成長心態,Students' beliefs in growth mindset,你同意或不同意以下說法到什麼程度？,To what extent do you agree or disagree with the following statements?,你的科學能力是固定的，你其實沒辦法真的改變它,"You have a certain amount of science ability, and you really can’t do much to change it",非常不同意 | 不同意 | 同意 | 非常同意 | valid skip (filter rule) | system missing | not administered/not applicable | invalid | no response,Strongly disagree | Disagree | Agree | Strongly agree | valid skip (filter rule) | system missing | not administered/not applicable | invalid | no response,非常不同意=11.83 | 不同意=41.88 | 同意=40.19 | 非常同意=6.1,非常不同意=21.58 | 不同意=47.18 | 同意=26.38 | 非常同意=4.86,Table I.B1.3.16
ST432Q02DA,ST432,目標設定,Students' goal setting,對於以下每一種學習方式，請指出你使用它的頻率。,"For each way of learning, please indicate how often you use it.",我會規劃自己的讀書方法。,I plan my approach to studying.,從不或幾乎從不 | 有時 | 經常 | 非常經常 | valid skip (filter rule) | system missing | not administered/not applicable | invalid | no response,Never or almost never | Sometimes | Often | Very often | valid skip (filter rule) | system missing | not administered/not applicable | invalid | no response,從不或幾乎從不=15.3 | 有時=54.78 | 經常=20.62 | 非常經常=9.29,從不或幾乎從不=21.27 | 有時=41.48 | 經常=25.87 | 非常經常=11.38,Table I.B1.3.49
ST432Q03DA,ST432,目標設定,Students' goal setting,對於以下每一種學習方式，請指出你使用它的頻率。,"For each way of learning, please indicate how often you use it.",為了找出自己知識上的不足，我會在不看資料的情況下整理出最重要的重點。,"In order to identify gaps in my knowledge, I make a summary of the most important points without using my documents.",從不或幾乎從不 | 有時 | 經常 | 非常經常 | valid skip (filter rule) | system missing | not administered/not applicable | invalid | no response,Never or almost never | Sometimes | Often | Very often | valid skip (filter rule) | system missing | not administered/not applicable | invalid | no response,從不或幾乎從不=17.57 | 有時=51.62 | 經常=22.6 | 非常經常=8.21,從不或幾乎從不=23.64 | 有時=41.7 | 經常=26.11 | 非常經常=8.55,Table I.B1.3.49
ST432Q04DA,ST432,目標設定,Students' goal setting,對於以下每一種學習方式，請指出你使用它的頻率。,"For each way of learning, please indicate how often you use it.",我會就內容自問自答，檢查自己是不是都懂了。,I ask myself questions about the content to check if I have understood everything.,從不或幾乎從不 | 有時 | 經常 | 非常經常 | valid skip (filter rule) | system missing | not administered/not applicable | invalid | no response,Never or almost never | Sometimes | Often | Very often | valid skip (filter rule) | system missing | not administered/not applicable | invalid | no response,從不或幾乎從不=16.77 | 有時=50.49 | 經常=23.86 | 非常經常=8.87,從不或幾乎從不=15.23 | 有時=35.69 | 經常=34.38 | 非常經常=14.71,Table I.B1.3.49
ST432Q06DA,ST432,目標設定,Students' goal setting,對於以下每一種學習方式，請指出你使用它的頻率。,"For each way of learning, please indicate how often you use it.",如果發現自己的學習方法沒有效果，我會改變它。,"If I notice that my approach to learning is not successful, I change it.",從不或幾乎從不 | 有時 | 經常 | 非常經常 | valid skip (filter rule) | system missing | not administered/not applicable | invalid | no response,Never or almost never | Sometimes | Often | Very often | valid skip (filter rule) | system missing | not administered/not applicable | invalid | no response,從不或幾乎從不=13.47 | 有時=51.31 | 經常=25.01 | 非常經常=10.22,從不或幾乎從不=15.57 | 有時=40.14 | 經常=31.51 | 非常經常=12.78,Table I.B1.3.49
ST433Q01DA,ST433,主動求助,Students' help seeking,我們想多了解你怎麼學習。你同意或不同意以下關於你自己的說法到什麼程度？,We would like to learn more about how you learn. To what extent do you agree or disagree with the following statements about you?,當我沒有完全理解某件事時，我會問同學。,"When I do not fully understand something, I ask my classmates.",非常同意 | 同意 | 不同意 | 非常不同意 | valid skip (filter rule) | system missing | not administered/not applicable | invalid | no response,Strongly agree | Agree | Disagree | Strongly disagree | valid skip (filter rule) | system missing | not administered/not applicable | invalid | no response,非常同意=25.77 | 同意=64.15 | 不同意=7.14 | 非常不同意=2.93,非常同意=24.54 | 同意=57.53 | 不同意=11.97 | 非常不同意=5.96,Table I.B1.3.44
ST433Q02DA,ST433,主動求助,Students' help seeking,我們想多了解你怎麼學習。你同意或不同意以下關於你自己的說法到什麼程度？,We would like to learn more about how you learn. To what extent do you agree or disagree with the following statements about you?,需要時我會向老師求助。,I ask my teachers for help when I need it.,非常同意 | 同意 | 不同意 | 非常不同意 | valid skip (filter rule) | system missing | not administered/not applicable | invalid | no response,Strongly agree | Agree | Disagree | Strongly disagree | valid skip (filter rule) | system missing | not administered/not applicable | invalid | no response,非常同意=21.66 | 同意=61.75 | 不同意=13.39 | 非常不同意=3.2,非常同意=20.73 | 同意=55.86 | 不同意=17.78 | 非常不同意=5.63,Table I.B1.3.44
ST433Q04DA,ST433,主動求助,Students' help seeking,我們想多了解你怎麼學習。你同意或不同意以下關於你自己的說法到什麼程度？,We would like to learn more about how you learn. To what extent do you agree or disagree with the following statements about you?,學習上遇到困難時，我會尋求協助。,"When I have trouble learning, I ask for help.",非常同意 | 同意 | 不同意 | 非常不同意 | valid skip (filter rule) | system missing | not administered/not applicable | invalid | no response,Strongly agree | Agree | Disagree | Strongly disagree | valid skip (filter rule) | system missing | not administered/not applicable | invalid | no response,非常同意=26.6 | 同意=64.89 | 不同意=6.4 | 非常不同意=2.11,非常同意=20.59 | 同意=56.17 | 不同意=18.0 | 非常不同意=5.24,Table I.B1.3.44
ST433Q06DA,ST433,主動求助,Students' help seeking,我們想多了解你怎麼學習。你同意或不同意以下關於你自己的說法到什麼程度？,We would like to learn more about how you learn. To what extent do you agree or disagree with the following statements about you?,我只有在自己努力找過答案之後才會求助。,I only ask for help after trying hard to find the solution on my own.,非常同意 | 同意 | 不同意 | 非常不同意 | valid skip (filter rule) | system missing | not administered/not applicable | invalid | no response,Strongly agree | Agree | Disagree | Strongly disagree | valid skip (filter rule) | system missing | not administered/not applicable | invalid | no response,非常同意=21.56 | 同意=57.4 | 不同意=18.18 | 非常不同意=2.86,非常同意=25.16 | 同意=53.19 | 不同意=16.33 | 非常不同意=5.32,Table I.B1.3.44
ST434Q02DA,ST434,,,你同意或不同意以下說法到什麼程度？,To what extent do you agree or disagree with the following statements?,每次讀完教材後，我會評估自己學到了什麼。,I evaluate what I've learned each time I finish studying material.,非常不同意 | 不同意 | 同意 | 非常同意 | valid skip (filter rule) | system missing | not administered/not applicable | invalid | no response,Strongly disagree | Disagree | Agree | Strongly Agree | valid skip (filter rule) | system missing | not administered/not applicable | invalid | no response,,,
ST434Q03DA,ST434,,,你同意或不同意以下說法到什麼程度？,To what extent do you agree or disagree with the following statements?,我會向比我更有能力的人（例如我的老師）尋求對我作品的回饋。,"I ask for feedback on my work from someone who is more capable than me (e.g., my teacher).",非常不同意 | 不同意 | 同意 | 非常同意 | valid skip (filter rule) | system missing | not administered/not applicable | invalid | no response,Strongly disagree | Disagree | Agree | Strongly Agree | valid skip (filter rule) | system missing | not administered/not applicable | invalid | no response,,,
ST435Q01DA,ST435,,,你同意或不同意以下說法到什麼程度？,To what extent do you agree or disagree with the following statements?,我喜歡為問題找出解決方法。,I enjoy finding solutions to problems.,非常不同意 | 不同意 | 同意 | 非常同意 | valid skip (filter rule) | system missing | not administered/not applicable | invalid | no response,Strongly disagree | Disagree | Agree | Strongly Agree | valid skip (filter rule) | system missing | not administered/not applicable | invalid | no response,,,
ST435Q03DA,ST435,,,你同意或不同意以下說法到什麼程度？,To what extent do you agree or disagree with the following statements?,我喜歡需要動腦深思的情境。,I like situations where I have to think hard about something.,非常不同意 | 不同意 | 同意 | 非常同意 | valid skip (filter rule) | system missing | not administered/not applicable | invalid | no response,Strongly disagree | Disagree | Agree | Strongly Agree | valid skip (filter rule) | system missing | not administered/not applicable | invalid | no response,,,
ST435Q04DA,ST435,,,你同意或不同意以下說法到什麼程度？,To what extent do you agree or disagree with the following statements?,比起簡單的問題，我更喜歡複雜的問題。,I like complicated problems more than simple problems.,非常不同意 | 不同意 | 同意 | 非常同意 | valid skip (filter rule) | system missing | not administered/not applicable | invalid | no response,Strongly disagree | Disagree | Agree | Strongly Agree | valid skip (filter rule) | system missing | not administered/not applicable | invalid | no response,,,
ST435Q05DA,ST435,,,你同意或不同意以下說法到什麼程度？,To what extent do you agree or disagree with the following statements?,即使可能解不出來，我還是會持續思考一個問題。,I keep working on a problem even if I might not be able to solve it.,非常不同意 | 不同意 | 同意 | 非常同意 | valid skip (filter rule) | system missing | not administered/not applicable | invalid | no response,Strongly disagree | Disagree | Agree | Strongly Agree | valid skip (filter rule) | system missing | not administered/not applicable | invalid | no response,,,
ST436Q01DA,ST436,運用數位資源完成的學習任務,School tasks involving digital resources,這學年，你在學校課堂上使用〈數位資源〉做下列事情的頻率如何？,"This school year, how often did you do the following tasks using <digital resources> in your school lessons?",在網路上搜尋並找到相關資訊,Search for and find relevant information online,從不或幾乎從不 | 有時 | 經常 | 非常經常 | valid skip (filter rule) | system missing | not administered/not applicable | invalid | no response,Never or almost never | Sometimes | Often | Very often | valid skip (filter rule) | system missing | not administered/not applicable | invalid | no response,從不或幾乎從不=15.83 | 有時=44.05 | 經常=24.03 | 非常經常=16.09,從不或幾乎從不=12.33 | 有時=31.29 | 經常=34.33 | 非常經常=22.04,Table I.B1.4.67
ST436Q02DA,ST436,運用數位資源完成的學習任務,School tasks involving digital resources,這學年，你在學校課堂上使用〈數位資源〉做下列事情的頻率如何？,"This school year, how often did you do the following tasks using <digital resources> in your school lessons?",評估你在網路上找到的資訊品質,Assess the quality of information you found online,從不或幾乎從不 | 有時 | 經常 | 非常經常 | valid skip (filter rule) | system missing | not administered/not applicable | invalid | no response,Never or almost never | Sometimes | Often | Very often | valid skip (filter rule) | system missing | not administered/not applicable | invalid | no response,從不或幾乎從不=28.86 | 有時=41.05 | 經常=19.47 | 非常經常=10.62,從不或幾乎從不=21.95 | 有時=38.32 | 經常=27.89 | 非常經常=11.85,Table I.B1.4.67
ST436Q03DA,ST436,運用數位資源完成的學習任務,School tasks involving digital resources,這學年，你在學校課堂上使用〈數位資源〉做下列事情的頻率如何？,"This school year, how often did you do the following tasks using <digital resources> in your school lessons?",為作業撰寫或編輯文字（例如用〈Google 文件〉、〈Word〉）,"Write or edit text for a school assignment (e.g. using <Google® Docs™>, <Microsoft® Word>)",從不或幾乎從不 | 有時 | 經常 | 非常經常 | valid skip (filter rule) | system missing | not administered/not applicable | invalid | no response,Never or almost never | Sometimes | Often | Very often | valid skip (filter rule) | system missing | not administered/not applicable | invalid | no response,從不或幾乎從不=19.67 | 有時=41.92 | 經常=23.01 | 非常經常=15.39,從不或幾乎從不=17.93 | 有時=30.67 | 經常=30.27 | 非常經常=21.13,Table I.B1.4.67
ST436Q04DA,ST436,運用數位資源完成的學習任務,School tasks involving digital resources,這學年，你在學校課堂上使用〈數位資源〉做下列事情的頻率如何？,"This school year, how often did you do the following tasks using <digital resources> in your school lessons?",製作多媒體簡報（含聲音、圖片或影片）,"Create a multi-media presentation (with sound, pictures, or video)",從不或幾乎從不 | 有時 | 經常 | 非常經常 | valid skip (filter rule) | system missing | not administered/not applicable | invalid | no response,Never or almost never | Sometimes | Often | Very often | valid skip (filter rule) | system missing | not administered/not applicable | invalid | no response,從不或幾乎從不=33.05 | 有時=42.4 | 經常=15.49 | 非常經常=9.06,從不或幾乎從不=26.93 | 有時=36.75 | 經常=24.13 | 非常經常=12.19,Table I.B1.4.67
ST436Q05DA,ST436,運用數位資源完成的學習任務,School tasks involving digital resources,這學年，你在學校課堂上使用〈數位資源〉做下列事情的頻率如何？,"This school year, how often did you do the following tasks using <digital resources> in your school lessons?",製作與剪輯影片（例如〈iMovie、Final Cut Pro、InShot〉）,"Create and edit videos (e.g., <iMovie, Final Cut Pro, InShot>)",從不或幾乎從不 | 有時 | 經常 | 非常經常 | valid skip (filter rule) | system missing | not administered/not applicable | invalid | no response,Never or almost never | Sometimes | Often | Very often | valid skip (filter rule) | system missing | not administered/not applicable | invalid | no response,從不或幾乎從不=50.32 | 有時=34.99 | 經常=9.26 | 非常經常=5.43,從不或幾乎從不=49.94 | 有時=29.74 | 經常=14.02 | 非常經常=6.3,Table I.B1.4.67
ST436Q06DA,ST436,運用數位資源完成的學習任務,School tasks involving digital resources,這學年，你在學校課堂上使用〈數位資源〉做下列事情的頻率如何？,"This school year, how often did you do the following tasks using <digital resources> in your school lessons?",創作與編輯音樂（例如〈Audacity、GarageBand〉）,"Create and edit music (e.g. <Audacity, GarageBand>)",從不或幾乎從不 | 有時 | 經常 | 非常經常 | valid skip (filter rule) | system missing | not administered/not applicable | invalid | no response,Never or almost never | Sometimes | Often | Very often | valid skip (filter rule) | system missing | not administered/not applicable | invalid | no response,從不或幾乎從不=59.36 | 有時=29.49 | 經常=7.18 | 非常經常=3.97,從不或幾乎從不=64.67 | 有時=21.56 | 經常=9.53 | 非常經常=4.25,Table I.B1.4.67
ST436Q07DA,ST436,運用數位資源完成的學習任務,School tasks involving digital resources,這學年，你在學校課堂上使用〈數位資源〉做下列事情的頻率如何？,"This school year, how often did you do the following tasks using <digital resources> in your school lessons?",撰寫電腦程式、巨集或應用程式，例如用〈Scratch〉、〈Logo〉、〈VBA〉、〈Java〉,"Create a computer program, macro or app e.g. in <Scratch>, <Logo>, <VBA>,<Java>",從不或幾乎從不 | 有時 | 經常 | 非常經常 | valid skip (filter rule) | system missing | not administered/not applicable | invalid | no response,Never or almost never | Sometimes | Often | Very often | valid skip (filter rule) | system missing | not administered/not applicable | invalid | no response,,,Table I.B1.4.67
ST436Q08DA,ST436,運用數位資源完成的學習任務,School tasks involving digital resources,這學年，你在學校課堂上使用〈數位資源〉做下列事情的頻率如何？,"This school year, how often did you do the following tasks using <digital resources> in your school lessons?",蒐集與記錄資料（例如用資料記錄器、〈Access〉、〈Google 表單〉、〈Excel〉）,"Collect and record data (e.g., using data loggers, <Microsoft® Access™>, <Google® Form>, <Excel>)",從不或幾乎從不 | 有時 | 經常 | 非常經常 | valid skip (filter rule) | system missing | not administered/not applicable | invalid | no response,Never or almost never | Sometimes | Often | Very often | valid skip (filter rule) | system missing | not administered/not applicable | invalid | no response,從不或幾乎從不=52.48 | 有時=33.62 | 經常=9.01 | 非常經常=4.89,從不或幾乎從不=45.24 | 有時=31.36 | 經常=16.93 | 非常經常=6.46,Table I.B1.4.67
ST436Q09DA,ST436,運用數位資源完成的學習任務,School tasks involving digital resources,這學年，你在學校課堂上使用〈數位資源〉做下列事情的頻率如何？,"This school year, how often did you do the following tasks using <digital resources> in your school lessons?",建立或編輯網頁（例如用〈WordPress〉）,Build or edit a webpage (e.g. using <WordPress>),從不或幾乎從不 | 有時 | 經常 | 非常經常 | valid skip (filter rule) | system missing | not administered/not applicable | invalid | no response,Never or almost never | Sometimes | Often | Very often | valid skip (filter rule) | system missing | not administered/not applicable | invalid | no response,從不或幾乎從不=66.17 | 有時=24.38 | 經常=6.13 | 非常經常=3.31,從不或幾乎從不=66.25 | 有時=20.03 | 經常=9.76 | 非常經常=3.96,Table I.B1.4.67
ST436Q10DA,ST436,運用數位資源完成的學習任務,School tasks involving digital resources,這學年，你在學校課堂上使用〈數位資源〉做下列事情的頻率如何？,"This school year, how often did you do the following tasks using <digital resources> in your school lessons?",玩數位學習遊戲（例如〈Atlantis Remixed〉、〈Duolingo〉）,"Play digital learning games (e.g. <Atlantis Remixed>, <Duolingo®>)",從不或幾乎從不 | 有時 | 經常 | 非常經常 | valid skip (filter rule) | system missing | not administered/not applicable | invalid | no response,Never or almost never | Sometimes | Often | Very often | valid skip (filter rule) | system missing | not administered/not applicable | invalid | no response,從不或幾乎從不=45.16 | 有時=36.68 | 經常=11.61 | 非常經常=6.55,從不或幾乎從不=42.94 | 有時=32.62 | 經常=16.78 | 非常經常=7.66,Table I.B1.4.67
ST436Q11DA,ST436,運用數位資源完成的學習任務,School tasks involving digital resources,這學年，你在學校課堂上使用〈數位資源〉做下列事情的頻率如何？,"This school year, how often did you do the following tasks using <digital resources> in your school lessons?",建立線上共用文件與他人協作（例如用〈Google 文件、Dropbox〉）,"Create shared documents online for collaborative work with others (e.g. using <Google Docs, Dropbox>)",從不或幾乎從不 | 有時 | 經常 | 非常經常 | valid skip (filter rule) | system missing | not administered/not applicable | invalid | no response,Never or almost never | Sometimes | Often | Very often | valid skip (filter rule) | system missing | not administered/not applicable | invalid | no response,從不或幾乎從不=37.05 | 有時=37.7 | 經常=16.57 | 非常經常=8.68,從不或幾乎從不=39.37 | 有時=27.94 | 經常=21.39 | 非常經常=11.29,Table I.B1.4.67
ST436Q12DA,ST436,運用數位資源完成的學習任務,School tasks involving digital resources,這學年，你在學校課堂上使用〈數位資源〉做下列事情的頻率如何？,"This school year, how often did you do the following tasks using <digital resources> in your school lessons?",線上做〈科學〉練習,Do <science> exercises online,從不或幾乎從不 | 有時 | 經常 | 非常經常 | valid skip (filter rule) | system missing | not administered/not applicable | invalid | no response,Never or almost never | Sometimes | Often | Very often | valid skip (filter rule) | system missing | not administered/not applicable | invalid | no response,,,Table I.B1.4.67
ST436Q13DA,ST436,運用數位資源完成的學習任務,School tasks involving digital resources,這學年，你在學校課堂上使用〈數位資源〉做下列事情的頻率如何？,"This school year, how often did you do the following tasks using <digital resources> in your school lessons?",為機器人寫程式,Program robots,從不或幾乎從不 | 有時 | 經常 | 非常經常 | valid skip (filter rule) | system missing | not administered/not applicable | invalid | no response,Never or almost never | Sometimes | Often | Very often | valid skip (filter rule) | system missing | not administered/not applicable | invalid | no response,從不或幾乎從不=68.74 | 有時=22.24 | 經常=6.17 | 非常經常=2.85,從不或幾乎從不=74.05 | 有時=15.97 | 經常=6.99 | 非常經常=3.0,Table I.B1.4.67
ST436Q14DA,ST436,運用數位資源完成的學習任務,School tasks involving digital resources,這學年，你在學校課堂上使用〈數位資源〉做下列事情的頻率如何？,"This school year, how often did you do the following tasks using <digital resources> in your school lessons?",使用虛擬實境或擴增實境,Use virtual or augmented reality,從不或幾乎從不 | 有時 | 經常 | 非常經常 | valid skip (filter rule) | system missing | not administered/not applicable | invalid | no response,Never or almost never | Sometimes | Often | Very often | valid skip (filter rule) | system missing | not administered/not applicable | invalid | no response,從不或幾乎從不=73.07 | 有時=19.88 | 經常=4.57 | 非常經常=2.48,從不或幾乎從不=72.23 | 有時=16.83 | 經常=7.75 | 非常經常=3.18,Table I.B1.4.67
ST436Q16DA,ST436,運用數位資源完成的學習任務,School tasks involving digital resources,這學年，你在學校課堂上使用〈數位資源〉做下列事情的頻率如何？,"This school year, how often did you do the following tasks using <digital resources> in your school lessons?",評估 AI 聊天機器人（例如〈ChatGPT〉、〈Google Bard〉）產生的資訊品質,"Assess the quality of information generated by Artificial Intelligence chatbots (e.g. <ChatGPT>, <Google Bard>)",從不或幾乎從不 | 有時 | 經常 | 非常經常 | valid skip (filter rule) | system missing | not administered/not applicable | invalid | no response,Never or almost never | Sometimes | Often | Very often | valid skip (filter rule) | system missing | not administered/not applicable | invalid | no response,從不或幾乎從不=34.13 | 有時=33.33 | 經常=18.39 | 非常經常=14.15,從不或幾乎從不=37.39 | 有時=28.52 | 經常=20.6 | 非常經常=13.49,Table I.B1.4.67
ST437Q01DA,ST437,,,想想你用〈數位資源〉做作業的情形。你有多不同意或多同意以下說法？,Think about the use of <digital resources> for your schoolwork. How much do you agree or disagree with the following statements?,〈數位資源〉幫助我學習複雜的內容,<Digital resources> help me learn complex things,非常不同意 | 不同意 | 同意 | 非常同意 | valid skip (filter rule) | system missing | not administered/not applicable | invalid | no response,Strongly disagree | Disagree | Agree | Strongly Agree | valid skip (filter rule) | system missing | not administered/not applicable | invalid | no response,,,
ST437Q02DA,ST437,,,想想你用〈數位資源〉做作業的情形。你有多不同意或多同意以下說法？,Think about the use of <digital resources> for your schoolwork. How much do you agree or disagree with the following statements?,〈數位資源〉讓我學的內容更有趣,<Digital resources> make the content that I am learning more interesting,非常不同意 | 不同意 | 同意 | 非常同意 | valid skip (filter rule) | system missing | not administered/not applicable | invalid | no response,Strongly disagree | Disagree | Agree | Strongly Agree | valid skip (filter rule) | system missing | not administered/not applicable | invalid | no response,,,
ST438Q01DA,ST438,用 AI 做功課,Students' use of artificial intelligence for schoolwork,你多常使用 AI 聊天機器人（例如〈ChatGPT〉）做功課，進行下列活動？,How often do you use Artificial Intelligence chatbots (e.g. <ChatGPT>) for your school work to do the following activities?,摘要我必須閱讀的文本,To summarize a text I had to read,從不或幾乎從不 | 大約一年一到兩次 | 大約一個月一到兩次 | 大約一週一到兩次 | 每天或幾乎每天,Never or almost never | About once or twice a year | About once or twice a month | About once or twice a week | Every day or almost every day,從不或幾乎從不=38.18 | 大約一年一到兩次=18.92 | 大約一個月一到兩次=22.43 | 大約一週一到兩次=14.93 | 每天或幾乎每天=5.53,從不或幾乎從不=32.42 | 大約一年一到兩次=16.57 | 大約一個月一到兩次=21.3 | 大約一週一到兩次=19.04 | 每天或幾乎每天=10.67,Table I.B1.4.53
ST438Q02DA,ST438,用 AI 做功課,Students' use of artificial intelligence for schoolwork,你多常使用 AI 聊天機器人（例如〈ChatGPT〉）做功課，進行下列活動？,How often do you use Artificial Intelligence chatbots (e.g. <ChatGPT>) for your school work to do the following activities?,針對新主題做初步查資料,To conduct preliminary research on a new topic,從不或幾乎從不 | 大約一年一到兩次 | 大約一個月一到兩次 | 大約一週一到兩次 | 每天或幾乎每天,Never or almost never | About once or twice a year | About once or twice a month | About once or twice a week | Every day or almost every day,從不或幾乎從不=35.56 | 大約一年一到兩次=18.9 | 大約一個月一到兩次=23.28 | 大約一週一到兩次=16.21 | 每天或幾乎每天=6.04,從不或幾乎從不=28.86 | 大約一年一到兩次=16.81 | 大約一個月一到兩次=23.14 | 大約一週一到兩次=20.11 | 每天或幾乎每天=11.08,Table I.B1.4.53
ST438Q03DA,ST438,用 AI 做功課,Students' use of artificial intelligence for schoolwork,你多常使用 AI 聊天機器人（例如〈ChatGPT〉）做功課，進行下列活動？,How often do you use Artificial Intelligence chatbots (e.g. <ChatGPT>) for your school work to do the following activities?,為寫作作業起草文字,To draft texts for writing assignments,從不或幾乎從不 | 大約一年一到兩次 | 大約一個月一到兩次 | 大約一週一到兩次 | 每天或幾乎每天,Never or almost never | About once or twice a year | About once or twice a month | About once or twice a week | Every day or almost every day,從不或幾乎從不=35.3 | 大約一年一到兩次=19.51 | 大約一個月一到兩次=24.28 | 大約一週一到兩次=15.35 | 每天或幾乎每天=5.56,從不或幾乎從不=32.28 | 大約一年一到兩次=16.76 | 大約一個月一到兩次=22.1 | 大約一週一到兩次=18.02 | 每天或幾乎每天=10.83,Table I.B1.4.53
ST438Q04DA,ST438,用 AI 做功課,Students' use of artificial intelligence for schoolwork,你多常使用 AI 聊天機器人（例如〈ChatGPT〉）做功課，進行下列活動？,How often do you use Artificial Intelligence chatbots (e.g. <ChatGPT>) for your school work to do the following activities?,幫助我學習,To help me learn,從不或幾乎從不 | 大約一年一到兩次 | 大約一個月一到兩次 | 大約一週一到兩次 | 每天或幾乎每天,Never or almost never | About once or twice a year | About once or twice a month | About once or twice a week | Every day or almost every day,從不或幾乎從不=21.6 | 大約一年一到兩次=15.57 | 大約一個月一到兩次=22.35 | 大約一週一到兩次=26.77 | 每天或幾乎每天=13.71,從不或幾乎從不=20.7 | 大約一年一到兩次=13.17 | 大約一個月一到兩次=20.6 | 大約一週一到兩次=26.39 | 每天或幾乎每天=19.14,Table I.B1.4.53
ST468Q08DA,ST468,科學課的認知啟動,Students' cognitive activation in science classes,這學年，你的老師在〈學校科學課〉上多常做以下這些事？,"This school year, how often did your teacher do the following things in your <school science> lessons?",老師要我們彼此討論學到了什麼,The teacher asked us to discuss with each other what we learned,從不或幾乎從不 | 不到一半的課堂 | 約一半的課堂 | 超過一半的課堂 | Every lesson or almost every lesson,Never or almost never | Less than half of the lessons | About half of the lessons | More than half of the lessons | Every lesson or almost every lesson,,,Table I.B1.3.57
ST468Q09DA,ST468,科學課的認知啟動,Students' cognitive activation in science classes,這學年，你的老師在〈學校科學課〉上多常做以下這些事？,"This school year, how often did your teacher do the following things in your <school science> lessons?",老師要我們和班上其他同學辯論科學主題,The teacher asked us to debate scientific topics with other members of the class,從不或幾乎從不 | 不到一半的課堂 | 約一半的課堂 | 超過一半的課堂 | Every lesson or almost every lesson,Never or almost never | Less than half of the lessons | About half of the lessons | More than half of the lessons | Every lesson or almost every lesson,,,Table I.B1.3.57
ST468Q10DA,ST468,科學課的認知啟動,Students' cognitive activation in science classes,這學年，你的老師在〈學校科學課〉上多常做以下這些事？,"This school year, how often did your teacher do the following things in your <school science> lessons?",老師要我們向全班說明一個科學原理,The teacher asked us to explain a scientific principle to the class,從不或幾乎從不 | 不到一半的課堂 | 約一半的課堂 | 超過一半的課堂 | Every lesson or almost every lesson,Never or almost never | Less than half of the lessons | About half of the lessons | More than half of the lessons | Every lesson or almost every lesson,從不或幾乎從不=23.78 | 不到一半的課堂=25.73 | 約一半的課堂=24.77 | 超過一半的課堂=12.92 | Every lesson or almost every lesson=12.8,從不或幾乎從不=18.43 | 不到一半的課堂=21.53 | 約一半的課堂=26.06 | 超過一半的課堂=21.54 | Every lesson or almost every lesson=12.43,Table I.B1.3.57
ST468Q11DA,ST468,科學課的認知啟動,Students' cognitive activation in science classes,這學年，你的老師在〈學校科學課〉上多常做以下這些事？,"This school year, how often did your teacher do the following things in your <school science> lessons?",老師要我們以小組方式進行課堂專題,The teacher asked us to work on a class project in small groups,從不或幾乎從不 | 不到一半的課堂 | 約一半的課堂 | 超過一半的課堂 | Every lesson or almost every lesson,Never or almost never | Less than half of the lessons | About half of the lessons | More than half of the lessons | Every lesson or almost every lesson,,,Table I.B1.3.57
ST469Q06DA,ST469,科學課的認知啟動,Students' cognitive activation in science classes,這學年，你的老師在〈學校科學課〉上多常做以下這些事？,"This school year, how often did your teacher do the following things in your <school science> lessons?",老師要我們思考新舊科學主題之間有什麼關聯,The teacher asked us to think about how new and old scientific topics were related,從不或幾乎從不 | 不到一半的課堂 | 約一半的課堂 | 超過一半的課堂 | Every lesson or almost every lesson,Never or almost never | Less than half of the lessons | About half of the lessons | More than half of the lessons | Every lesson or almost every lesson,從不或幾乎從不=27.51 | 不到一半的課堂=25.98 | 約一半的課堂=25.13 | 超過一半的課堂=10.86 | Every lesson or almost every lesson=10.51,從不或幾乎從不=29.94 | 不到一半的課堂=25.86 | 約一半的課堂=23.65 | 超過一半的課堂=13.06 | Every lesson or almost every lesson=7.49,Table I.B1.3.57
ST469Q08DA,ST469,科學課的認知啟動,Students' cognitive activation in science classes,這學年，你的老師在〈學校科學課〉上多常做以下這些事？,"This school year, how often did your teacher do the following things in your <school science> lessons?",遇到科學任務的困難時，老師要我們持續嘗試,The teacher told us to keep trying even when we face difficulties with a science task,從不或幾乎從不 | 不到一半的課堂 | 約一半的課堂 | 超過一半的課堂 | Every lesson or almost every lesson,Never or almost never | Less than half of the lessons | About half of the lessons | More than half of the lessons | Every lesson or almost every lesson,從不或幾乎從不=19.42 | 不到一半的課堂=20.95 | 約一半的課堂=27.3 | 超過一半的課堂=16.23 | Every lesson or almost every lesson=16.09,從不或幾乎從不=16.22 | 不到一半的課堂=20.09 | 約一半的課堂=25.31 | 超過一半的課堂=23.84 | Every lesson or almost every lesson=14.54,Table I.B1.3.57
ST469Q09DA,ST469,科學課的認知啟動,Students' cognitive activation in science classes,這學年，你的老師在〈學校科學課〉上多常做以下這些事？,"This school year, how often did your teacher do the following things in your <school science> lessons?",老師教我們背誦科學事實,The teacher taught us to memorize scientific facts,從不或幾乎從不 | 不到一半的課堂 | 約一半的課堂 | 超過一半的課堂 | Every lesson or almost every lesson,Never or almost never | Less than half of the lessons | About half of the lessons | More than half of the lessons | Every lesson or almost every lesson,從不或幾乎從不=16.08 | 不到一半的課堂=20.29 | 約一半的課堂=28.58 | 超過一半的課堂=18.65 | Every lesson or almost every lesson=16.41,從不或幾乎從不=17.34 | 不到一半的課堂=20.42 | 約一半的課堂=26.08 | 超過一半的課堂=22.13 | Every lesson or almost every lesson=14.03,Table I.B1.3.57
ST469Q10DA,ST469,科學課的認知啟動,Students' cognitive activation in science classes,這學年，你的老師在〈學校科學課〉上多常做以下這些事？,"This school year, how often did your teacher do the following things in your <school science> lessons?",老師要我們說明一個科學原理,The teacher asked us to explain a scientific principle,從不或幾乎從不 | 不到一半的課堂 | 約一半的課堂 | 超過一半的課堂 | Every lesson or almost every lesson,Never or almost never | Less than half of the lessons | About half of the lessons | More than half of the lessons | Every lesson or almost every lesson,從不或幾乎從不=23.78 | 不到一半的課堂=25.73 | 約一半的課堂=24.77 | 超過一半的課堂=12.92 | Every lesson or almost every lesson=12.8,從不或幾乎從不=18.43 | 不到一半的課堂=21.53 | 約一半的課堂=26.06 | 超過一半的課堂=21.54 | Every lesson or almost every lesson=12.43,Table I.B1.3.57
ST469Q11DA,ST469,科學課的認知啟動,Students' cognitive activation in science classes,這學年，你的老師在〈學校科學課〉上多常做以下這些事？,"This school year, how often did your teacher do the following things in your <school science> lessons?",老師要我們說明自己會如何設計一個實驗來處理某個科學問題,The teacher asked us to explain how we would design an experiment to address a scientific problem,從不或幾乎從不 | 不到一半的課堂 | 約一半的課堂 | 超過一半的課堂 | Every lesson or almost every lesson,Never or almost never | Less than half of the lessons | About half of the lessons | More than half of the lessons | Every lesson or almost every lesson,從不或幾乎從不=27.63 | 不到一半的課堂=26.15 | 約一半的課堂=23.2 | 超過一半的課堂=11.29 | Every lesson or almost every lesson=11.73,從不或幾乎從不=23.85 | 不到一半的課堂=23.58 | 約一半的課堂=24.65 | 超過一半的課堂=17.71 | Every lesson or almost every lesson=10.22,Table I.B1.3.57
ST488Q01DA,ST488,,,你自己擁有下列物品供個人使用嗎？,Do you possess the following items for your own personal use?,兩雙合腳的鞋子〈含一雙全天候鞋〉,"Two pairs of properly fitting shoes, <including a pair of all-weather shoes>",是 | 沒有，負擔不起 | 沒有，其他原因 | valid skip (filter rule) | system missing | not administered/not applicable | invalid | no response,"Yes | No, cannot afford it | No, other reason | valid skip (filter rule) | system missing | not administered/not applicable | invalid | no response",,,
ST488Q02DA,ST488,,,你自己擁有下列物品供個人使用嗎？,Do you possess the following items for your own personal use?,一些全新（非二手）的衣服,Some new (not second-hand) clothes,是 | 沒有，負擔不起 | 沒有，其他原因 | valid skip (filter rule) | system missing | not administered/not applicable | invalid | no response,"Yes | No, cannot afford it | No, other reason | valid skip (filter rule) | system missing | not administered/not applicable | invalid | no response",,,
ST488Q08DA,ST488,,,你自己擁有下列物品供個人使用嗎？,Do you possess the following items for your own personal use?,戶外休閒器材（例如〈腳踏車、直排輪、球拍〉）,"Outdoor leisure equipment (e.g. <bicycle, roller skates, racket>)",是 | 沒有，負擔不起 | 沒有，其他原因 | valid skip (filter rule) | system missing | not administered/not applicable | invalid | no response,"Yes | No, cannot afford it | No, other reason | valid skip (filter rule) | system missing | not administered/not applicable | invalid | no response",,,
ST488Q09DA,ST488,,,你自己擁有下列物品供個人使用嗎？,Do you possess the following items for your own personal use?,室內遊戲（例如〈桌遊、電玩主機〉）,"Indoor games (e.g. <board games, videogame console>)",是 | 沒有，負擔不起 | 沒有，其他原因 | valid skip (filter rule) | system missing | not administered/not applicable | invalid | no response,"Yes | No, cannot afford it | No, other reason | valid skip (filter rule) | system missing | not administered/not applicable | invalid | no response",,,
ST493Q01DA,ST493,對社會流動的信念與成長心態,Students' beliefs in social mobility and growth mindset,你同意或不同意以下說法到什麼程度？,To what extent do you agree or disagree with the following statements?,你在社會上的地位是你其實很難改變的,Your status in society is something that you can’t really change very much,非常不同意 | 不同意 | 同意 | 非常同意 | valid skip (filter rule) | system missing | not administered/not applicable | invalid | no response,Strongly disagree | Disagree | Agree | Strongly agree | valid skip (filter rule) | system missing | not administered/not applicable | invalid | no response,"Bottom, second and third quarters=47.77 | Top quarter=46.45","Bottom, second and third quarters=58.95 | Top quarter=72.97",Table I.B1.1.6
ST495Q03DA,ST495,參與環境相關活動,Students' participation in environment-related activities,過去 12 個月內，你參與下列活動的頻率如何？,How often have you been involved with the following activities in the last 12 months?,參加與環境議題有關的和平遊行或集會,Joining a peaceful march or rally related to an environmental issue,從不 | 一次 | 幾次 | 很多次 | valid skip (filter rule) | system missing | not administered/not applicable | invalid | no response,Never | Once | A few times | Many times | valid skip (filter rule) | system missing | not administered/not applicable | invalid | no response,從不=77.94 | 一次=13.98 | 幾次=6.1 | 很多次=1.98,從不=77.87 | 一次=12.15 | 幾次=7.84 | 很多次=2.13,Table I.B1.5.24
ST495Q05DA,ST495,參與環境相關活動,Students' participation in environment-related activities,過去 12 個月內，你參與下列活動的頻率如何？,How often have you been involved with the following activities in the last 12 months?,在社群媒體上發文表達對環境議題的關切,Posting concerns about an environmental issue on social media,從不 | 一次 | 幾次 | 很多次 | valid skip (filter rule) | system missing | not administered/not applicable | invalid | no response,Never | Once | A few times | Many times | valid skip (filter rule) | system missing | not administered/not applicable | invalid | no response,從不=69.73 | 一次=14.62 | 幾次=12.44 | 很多次=3.2,從不=76.97 | 一次=11.68 | 幾次=9.14 | 很多次=2.21,Table I.B1.5.24
ST495Q09DA,ST495,參與環境相關活動,Students' participation in environment-related activities,過去 12 個月內，你參與下列活動的頻率如何？,How often have you been involved with the following activities in the last 12 months?,依產品的永續程度來決定購買,Making purchases based on how sustainable the products are,從不 | 一次 | 幾次 | 很多次 | valid skip (filter rule) | system missing | not administered/not applicable | invalid | no response,Never | Once | A few times | Many times | valid skip (filter rule) | system missing | not administered/not applicable | invalid | no response,從不=46.65 | 一次=18.42 | 幾次=26.92 | 很多次=8.01,從不=45.68 | 一次=16.94 | 幾次=27.66 | 很多次=9.71,Table I.B1.5.24
ST495Q13DA,ST495,參與環境相關活動,Students' participation in environment-related activities,過去 12 個月內，你參與下列活動的頻率如何？,How often have you been involved with the following activities in the last 12 months?,為了減少對環境的某些衝擊而不再吃某些食物,Stop eating certain foods to minimize some impacts on the environment,從不 | 一次 | 幾次 | 很多次 | valid skip (filter rule) | system missing | not administered/not applicable | invalid | no response,Never | Once | A few times | Many times | valid skip (filter rule) | system missing | not administered/not applicable | invalid | no response,從不=56.41 | 一次=16.92 | 幾次=20.89 | 很多次=5.78,從不=60.27 | 一次=15.1 | 幾次=18.24 | 很多次=6.39,Table I.B1.5.24
ST495Q15DA,ST495,參與環境相關活動,Students' participation in environment-related activities,過去 12 個月內，你參與下列活動的頻率如何？,How often have you been involved with the following activities in the last 12 months?,和朋友、家人討論如何對環境產生正面影響,Discuss with friends and family how to have a positive impact on the environment,從不 | 一次 | 幾次 | 很多次 | valid skip (filter rule) | system missing | not administered/not applicable | invalid | no response,Never | Once | A few times | Many times | valid skip (filter rule) | system missing | not administered/not applicable | invalid | no response,從不=47.35 | 一次=21.22 | 幾次=23.99 | 很多次=7.44,從不=44.45 | 一次=20.67 | 幾次=25.15 | 很多次=9.73,Table I.B1.5.24
ST496Q03DA,ST496,未參與環境相關活動的原因,Reasons not to participate in environment-related activities,以下是你去年可能沒有參與環保相關活動的原因。你有多不同意或多同意這些原因？,Below are possible reasons why you would not have participated to activities that positively impact the environment last year. How much do you agree or disagree with these reasons?,我不知道該怎麼做,I did not know how,非常不同意 | 不同意 | 同意 | 非常同意 | valid skip (filter rule) | system missing | not administered/not applicable | invalid | no response,Strongly disagree | Disagree | Agree | Strongly agree | valid skip (filter rule) | system missing | not administered/not applicable | invalid | no response,非常不同意=17.6 | 不同意=28.91 | 同意=41.81 | 非常同意=11.68,非常不同意=33.78 | 不同意=26.2 | 同意=28.07 | 非常同意=11.94,Table I.B1.5.35
ST496Q05DA,ST496,未參與環境相關活動的原因,Reasons not to participate in environment-related activities,以下是你去年可能沒有參與環保相關活動的原因。你有多不同意或多同意這些原因？,Below are possible reasons why you would not have participated to activities that positively impact the environment last year. How much do you agree or disagree with these reasons?,我認識的人裡沒有人在參與對環境有益的活動,No one I knew was participating in activities to benefit the environment,非常不同意 | 不同意 | 同意 | 非常同意 | valid skip (filter rule) | system missing | not administered/not applicable | invalid | no response,Strongly disagree | Disagree | Agree | Strongly agree | valid skip (filter rule) | system missing | not administered/not applicable | invalid | no response,非常不同意=12.51 | 不同意=17.84 | 同意=47.26 | 非常同意=22.4,非常不同意=25.03 | 不同意=18.82 | 同意=33.34 | 非常同意=22.81,Table I.B1.5.35
ST496Q07DA,ST496,未參與環境相關活動的原因,Reasons not to participate in environment-related activities,以下是你去年可能沒有參與環保相關活動的原因。你有多不同意或多同意這些原因？,Below are possible reasons why you would not have participated to activities that positively impact the environment last year. How much do you agree or disagree with these reasons?,我不相信我的行動會帶來改變,I did not believe my actions will make a difference,非常不同意 | 不同意 | 同意 | 非常同意 | valid skip (filter rule) | system missing | not administered/not applicable | invalid | no response,Strongly disagree | Disagree | Agree | Strongly agree | valid skip (filter rule) | system missing | not administered/not applicable | invalid | no response,非常不同意=17.03 | 不同意=38.6 | 同意=30.44 | 非常同意=13.92,非常不同意=26.44 | 不同意=27.0 | 同意=30.03 | 非常同意=16.53,Table I.B1.5.35
ST496Q08DA,ST496,未參與環境相關活動的原因,Reasons not to participate in environment-related activities,以下是你去年可能沒有參與環保相關活動的原因。你有多不同意或多同意這些原因？,Below are possible reasons why you would not have participated to activities that positively impact the environment last year. How much do you agree or disagree with these reasons?,會有其他人處理這個問題,Someone else will take care of the problem,非常不同意 | 不同意 | 同意 | 非常同意 | valid skip (filter rule) | system missing | not administered/not applicable | invalid | no response,Strongly disagree | Disagree | Agree | Strongly agree | valid skip (filter rule) | system missing | not administered/not applicable | invalid | no response,非常不同意=17.7 | 不同意=31.71 | 同意=36.28 | 非常同意=14.31,非常不同意=25.06 | 不同意=25.74 | 同意=28.99 | 非常同意=20.21,Table I.B1.5.35
ST498Q01DA,ST498,,,過去 12 個月內，你做過下列活動幾次？,In the past 12 months how often have you done the following activities?,觀看科學相關紀錄片（例如關於動物、健康）,"Watch science-related documentaries (e.g. about animals, health)",從不 | 一次 | 兩次 | 三次 | 四次 | 五次以上,Never | Once | Twice | Three times | Four times | Five or more times,,,
ST498Q09DA,ST498,,,過去 12 個月內，你做過下列活動幾次？,In the past 12 months how often have you done the following activities?,參加科學社團,Attend a science club,從不 | 一次 | 兩次 | 三次 | 四次 | 五次以上,Never | Once | Twice | Three times | Four times | Five or more times,,,
ST498Q11DA,ST498,,,過去 12 個月內，你做過下列活動幾次？,In the past 12 months how often have you done the following activities?,參加科學競賽,Enter a science competition,從不 | 一次 | 兩次 | 三次 | 四次 | 五次以上,Never | Once | Twice | Three times | Four times | Five or more times,,,
ST498Q13DA,ST498,,,過去 12 個月內，你做過下列活動幾次？,In the past 12 months how often have you done the following activities?,在家做科學實驗,Conduct a science experiment at home,從不 | 一次 | 兩次 | 三次 | 四次 | 五次以上,Never | Once | Twice | Three times | Four times | Five or more times,,,
ST499Q02DA,ST499,相信集體行動能改變環境,Student beliefs in collective environmental efficacy,你有多同意以下說法？,How strongly do you agree with the following statements?,我相信我的學校和在地社區能為全球環境議題（例如氣候變遷、棲地復育）帶來正面影響,"I believe that my school and local community can contribute to positively impacting global environmental issues (e.g. climate change, habitat restoration)",非常不同意 | 不同意 | 同意 | 非常同意 | valid skip (filter rule) | system missing | not administered/not applicable | invalid | no response,Strongly disagree | Disagree | Agree | Strongly agree | valid skip (filter rule) | system missing | not administered/not applicable | invalid | no response,非常不同意=6.09 | 不同意=13.63 | 同意=64.4 | 非常同意=15.88,非常不同意=11.72 | 不同意=19.09 | 同意=55.96 | 非常同意=13.23,Table I.B1.5.18
ST499Q04DA,ST499,相信集體行動能改變環境,Student beliefs in collective environmental efficacy,你有多同意以下說法？,How strongly do you agree with the following statements?,我相信和在地社區合作，我們能在正面影響環境上扮演重要角色,I believe that by working with my local community we can play an important role in positively impacting the environment,非常不同意 | 不同意 | 同意 | 非常同意 | valid skip (filter rule) | system missing | not administered/not applicable | invalid | no response,Strongly disagree | Disagree | Agree | Strongly agree | valid skip (filter rule) | system missing | not administered/not applicable | invalid | no response,非常不同意=4.81 | 不同意=9.67 | 同意=68.11 | 非常同意=17.41,非常不同意=8.63 | 不同意=18.54 | 同意=59.07 | 非常同意=13.76,Table I.B1.5.18
ST499Q05DA,ST499,相信集體行動能改變環境,Student beliefs in collective environmental efficacy,你有多同意以下說法？,How strongly do you agree with the following statements?,我相信和在地社區合作，我們能減少化石燃料的使用,I believe that by working with my local community we can reduce the use of fossil fuels,非常不同意 | 不同意 | 同意 | 非常同意 | valid skip (filter rule) | system missing | not administered/not applicable | invalid | no response,Strongly disagree | Disagree | Agree | Strongly agree | valid skip (filter rule) | system missing | not administered/not applicable | invalid | no response,非常不同意=5.67 | 不同意=15.68 | 同意=62.82 | 非常同意=15.83,非常不同意=11.06 | 不同意=26.28 | 同意=51.24 | 非常同意=11.42,Table I.B1.5.18
ST499Q06DA,ST499,相信集體行動能改變環境,Student beliefs in collective environmental efficacy,你有多同意以下說法？,How strongly do you agree with the following statements?,我相信和我的學校合作，我們能減少學校的能源消耗,I believe that by working with my school we can reduce their energy consumption,非常不同意 | 不同意 | 同意 | 非常同意 | valid skip (filter rule) | system missing | not administered/not applicable | invalid | no response,Strongly disagree | Disagree | Agree | Strongly agree | valid skip (filter rule) | system missing | not administered/not applicable | invalid | no response,非常不同意=5.28 | 不同意=10.35 | 同意=66.29 | 非常同意=18.08,非常不同意=10.49 | 不同意=21.59 | 同意=53.89 | 非常同意=14.04,Table I.B1.5.18
ST500Q03DA,ST500,相信自己能帶來環境改變,Students' beliefs in their capacity to generate environmental change,關於環境議題，你有多同意以下說法？,How much do you agree with the following statements about environmental issues?,我知道如何與他人合作來對環境產生正面影響,I know how to work with others to positively impact the environment,非常不同意 | 不同意 | 同意 | 非常同意 | valid skip (filter rule) | system missing | not administered/not applicable | invalid | no response,Strongly disagree | Disagree | Agree | Strongly agree | valid skip (filter rule) | system missing | not administered/not applicable | invalid | no response,非常不同意=3.25 | 不同意=10.63 | 同意=69.53 | 非常同意=16.59,非常不同意=10.01 | 不同意=22.42 | 同意=56.38 | 非常同意=11.19,Table I.B1.5.11
ST500Q05DA,ST500,相信自己能帶來環境改變,Students' beliefs in their capacity to generate environmental change,關於環境議題，你有多同意以下說法？,How much do you agree with the following statements about environmental issues?,我知道有些事情是我可以做、能對環境產生正面影響的,I know that there are things that I can do to positively impact the environment,非常不同意 | 不同意 | 同意 | 非常同意 | valid skip (filter rule) | system missing | not administered/not applicable | invalid | no response,Strongly disagree | Disagree | Agree | Strongly agree | valid skip (filter rule) | system missing | not administered/not applicable | invalid | no response,非常不同意=2.45 | 不同意=5.2 | 同意=70.66 | 非常同意=21.69,非常不同意=6.21 | 不同意=12.45 | 同意=61.86 | 非常同意=19.48,Table I.B1.5.11
ST500Q06DA,ST500,相信自己能帶來環境改變,Students' beliefs in their capacity to generate environmental change,關於環境議題，你有多同意以下說法？,How much do you agree with the following statements about environmental issues?,只要大家一起努力，我們可以解決環境問題,"If people work together, we can resolve environmental issues",非常不同意 | 不同意 | 同意 | 非常同意 | valid skip (filter rule) | system missing | not administered/not applicable | invalid | no response,Strongly disagree | Disagree | Agree | Strongly agree | valid skip (filter rule) | system missing | not administered/not applicable | invalid | no response,非常不同意=3.73 | 不同意=9.59 | 同意=62.75 | 非常同意=23.93,非常不同意=6.16 | 不同意=11.56 | 同意=56.51 | 非常同意=25.77,Table I.B1.5.11
ST500Q09DA,ST500,相信自己能帶來環境改變,Students' beliefs in their capacity to generate environmental change,關於環境議題，你有多同意以下說法？,How much do you agree with the following statements about environmental issues?,照顧全球環境對我來說很重要,Looking after the global environment is important to me,非常不同意 | 不同意 | 同意 | 非常同意 | valid skip (filter rule) | system missing | not administered/not applicable | invalid | no response,Strongly disagree | Disagree | Agree | Strongly agree | valid skip (filter rule) | system missing | not administered/not applicable | invalid | no response,非常不同意=2.69 | 不同意=7.78 | 同意=59.35 | 非常同意=30.18,非常不同意=7.79 | 不同意=17.15 | 同意=53.9 | 非常同意=21.16,Table I.B1.5.11
ST501Q03DA,ST501,課堂上的環境學習機會,Opportunities for environmental learning in class,你有多不同意或多同意以下說法？,How much do you agree or disagree with the following statements?,我的老師帶我們去戶外考察，調查環境議題,My teacher takes us on field trips to investigate environmental issues,非常不同意 | 不同意 | 同意 | 非常同意 | valid skip (filter rule) | system missing | not administered/not applicable | invalid | no response,Strongly disagree | Disagree | Agree | Strongly agree | valid skip (filter rule) | system missing | not administered/not applicable | invalid | no response,非常不同意=16.34 | 不同意=25.42 | 同意=44.51 | 非常同意=13.73,非常不同意=36.04 | 不同意=32.83 | 同意=25.11 | 非常同意=6.02,Table I.B1.5.54
ST501Q05DA,ST501,課堂上的環境學習機會,Opportunities for environmental learning in class,你有多不同意或多同意以下說法？,How much do you agree or disagree with the following statements?,我們班會討論環境議題的解決方法,My class discusses solutions to environmental issues,非常不同意 | 不同意 | 同意 | 非常同意 | valid skip (filter rule) | system missing | not administered/not applicable | invalid | no response,Strongly disagree | Disagree | Agree | Strongly agree | valid skip (filter rule) | system missing | not administered/not applicable | invalid | no response,非常不同意=9.59 | 不同意=15.93 | 同意=61.28 | 非常同意=13.21,非常不同意=23.26 | 不同意=32.5 | 同意=38.12 | 非常同意=6.12,Table I.B1.5.54
ST501Q06DA,ST501,課堂上的環境學習機會,Opportunities for environmental learning in class,你有多不同意或多同意以下說法？,How much do you agree or disagree with the following statements?,我的老師提供研究環境議題的機會,My teacher provides opportunities to research environmental issues,非常不同意 | 不同意 | 同意 | 非常同意 | valid skip (filter rule) | system missing | not administered/not applicable | invalid | no response,Strongly disagree | Disagree | Agree | Strongly agree | valid skip (filter rule) | system missing | not administered/not applicable | invalid | no response,非常不同意=10.78 | 不同意=18.45 | 同意=57.88 | 非常同意=12.89,非常不同意=20.99 | 不同意=29.38 | 同意=42.21 | 非常同意=7.41,Table I.B1.5.54
ST501Q07DA,ST501,課堂上的環境學習機會,Opportunities for environmental learning in class,你有多不同意或多同意以下說法？,How much do you agree or disagree with the following statements?,我的環境知識會被評量,I am assessed on my environmental knowledge,非常不同意 | 不同意 | 同意 | 非常同意 | valid skip (filter rule) | system missing | not administered/not applicable | invalid | no response,Strongly disagree | Disagree | Agree | Strongly agree | valid skip (filter rule) | system missing | not administered/not applicable | invalid | no response,非常不同意=13.44 | 不同意=29.42 | 同意=47.17 | 非常同意=9.97,非常不同意=22.81 | 不同意=30.84 | 同意=37.5 | 非常同意=8.85,Table I.B1.5.54
ST502Q01DA,ST502,,,這學年，你參加了哪些類型的額外〈學校科學〉課程？,"This school year, which types of additional <School science> instruction do you participate in?",與授課者在同一空間的一對一輔導,Individual tutoring with a person in the same room,是 | 否 | valid skip (filter rule) | system missing | not administered/not applicable | invalid | no response,Yes | No | valid skip (filter rule) | system missing | not administered/not applicable | invalid | no response,,,
ST502Q03DA,ST502,,,這學年，你參加了哪些類型的額外〈學校科學〉課程？,"This school year, which types of additional <School science> instruction do you participate in?",網路、電腦程式或應用程式，或預錄的課程,"Internet, computer program or application or video-recorded lessons",是 | 否 | valid skip (filter rule) | system missing | not administered/not applicable | invalid | no response,Yes | No | valid skip (filter rule) | system missing | not administered/not applicable | invalid | no response,,,
ST502Q04DA,ST502,,,這學年，你參加了哪些類型的額外〈學校科學〉課程？,"This school year, which types of additional <School science> instruction do you participate in?",由授課者透過視訊軟體（例如〈Zoom〉、〈Skype〉、〈Google Meet〉、〈Teams〉）進行的即時團體課程,"Group real-time lessons given by a tutor on a video communication program (e.g. <ZoomTM>, <SkypeTM>, <Google® Meet™>, <Microsoft® Teams>)",是 | 否 | valid skip (filter rule) | system missing | not administered/not applicable | invalid | no response,Yes | No | valid skip (filter rule) | system missing | not administered/not applicable | invalid | no response,,,
ST502Q06DA,ST502,,,這學年，你參加了哪些類型的額外〈學校科學〉課程？,"This school year, which types of additional <School science> instruction do you participate in?",授課者與學生在同一空間的大班（8 人以上）研習或練習,Large group study or practice (8 or more students) where the tutor and the students are in the same room,是 | 否 | valid skip (filter rule) | system missing | not administered/not applicable | invalid | no response,Yes | No | valid skip (filter rule) | system missing | not administered/not applicable | invalid | no response,,,
ST515Q02DA,ST515,,,在你的〈學校科學〉課程中，學生多常發生以下情況？,How often do the following things happen to students in your <school science> courses?,發展模型或模擬來協助解釋自然現象，例如地震,develop models or simulations to help explain natural phenomena e.g. earthquakes,每一堂課 | 大多數課堂 | 部分課堂 | 從不或幾乎從不 | valid skip (filter rule) | system missing | not administered/not applicable | invalid | no response,Every lesson | Most lessons | Some lessons | Never or almost never | valid skip (filter rule) | system missing | not administered/not applicable | invalid | no response,,,
ST515Q04DA,ST515,,,在你的〈學校科學〉課程中，學生多常發生以下情況？,How often do the following things happen to students in your <school science> courses?,進行實驗以探究一個科學問題,carry out an experiment to investigate a scientific question,每一堂課 | 大多數課堂 | 部分課堂 | 從不或幾乎從不 | valid skip (filter rule) | system missing | not administered/not applicable | invalid | no response,Every lesson | Most lessons | Some lessons | Never or almost never | valid skip (filter rule) | system missing | not administered/not applicable | invalid | no response,,,
ST515Q05DA,ST515,,,在你的〈學校科學〉課程中，學生多常發生以下情況？,How often do the following things happen to students in your <school science> courses?,分析並詮釋資料,analyse and interpret data,每一堂課 | 大多數課堂 | 部分課堂 | 從不或幾乎從不 | valid skip (filter rule) | system missing | not administered/not applicable | invalid | no response,Every lesson | Most lessons | Some lessons | Never or almost never | valid skip (filter rule) | system missing | not administered/not applicable | invalid | no response,,,
ST515Q08DA,ST515,,,在你的〈學校科學〉課程中，學生多常發生以下情況？,How often do the following things happen to students in your <school science> courses?,根據科學證據或模型，發展對現象（例如氣候變遷）的解釋,develop explanations of phenomena (e.g. climate change) based on scientific evidence or models,每一堂課 | 大多數課堂 | 部分課堂 | 從不或幾乎從不 | valid skip (filter rule) | system missing | not administered/not applicable | invalid | no response,Every lesson | Most lessons | Some lessons | Never or almost never | valid skip (filter rule) | system missing | not administered/not applicable | invalid | no response,,,
ST515Q09DA,ST515,,,在你的〈學校科學〉課程中，學生多常發生以下情況？,How often do the following things happen to students in your <school science> courses?,運用證據發展科學論證來支持一項主張,develop scientific arguments using evidence to support a claim,每一堂課 | 大多數課堂 | 部分課堂 | 從不或幾乎從不 | valid skip (filter rule) | system missing | not administered/not applicable | invalid | no response,Every lesson | Most lessons | Some lessons | Never or almost never | valid skip (filter rule) | system missing | not administered/not applicable | invalid | no response,,,
ST515Q11DA,ST515,,,在你的〈學校科學〉課程中，學生多常發生以下情況？,How often do the following things happen to students in your <school science> courses?,批判性地評估網路資訊的可信度與可靠性,critically evaluate the credibility and trustworthiness of online information,每一堂課 | 大多數課堂 | 部分課堂 | 從不或幾乎從不 | valid skip (filter rule) | system missing | not administered/not applicable | invalid | no response,Every lesson | Most lessons | Some lessons | Never or almost never | valid skip (filter rule) | system missing | not administered/not applicable | invalid | no response,,,
ST516Q01DA,ST516,,,你不打算繼續〈升學〉的原因是什麼？,What are the reasons you do not expect to continue with <further education>?,我選擇的職業不需要〈更高學歷〉,<Further education> is not required for my chosen career,是 | 否 | valid skip (filter rule) | system missing | not administered/not applicable | invalid | no response,Yes | No | valid skip (filter rule) | system missing | not administered/not applicable | invalid | no response,,,
ST516Q03DA,ST516,,,你不打算繼續〈升學〉的原因是什麼？,What are the reasons you do not expect to continue with <further education>?,我負擔不起學費,I cannot afford tuition fees,是 | 否 | valid skip (filter rule) | system missing | not administered/not applicable | invalid | no response,Yes | No | valid skip (filter rule) | system missing | not administered/not applicable | invalid | no response,,,
ST516Q09DA,ST516,,,你不打算繼續〈升學〉的原因是什麼？,What are the reasons you do not expect to continue with <further education>?,我在學校表現不太好,I am not doing very well at school,是 | 否 | valid skip (filter rule) | system missing | not administered/not applicable | invalid | no response,Yes | No | valid skip (filter rule) | system missing | not administered/not applicable | invalid | no response,,,
ST516Q10DA,ST516,,,你不打算繼續〈升學〉的原因是什麼？,What are the reasons you do not expect to continue with <further education>?,我不確定我的職業是否需要〈更高學歷〉,I am unsure if <further education> will be needed for my career,是 | 否 | valid skip (filter rule) | system missing | not administered/not applicable | invalid | no response,Yes | No | valid skip (filter rule) | system missing | not administered/not applicable | invalid | no response,,,
ST516Q11DA,ST516,,,你不打算繼續〈升學〉的原因是什麼？,What are the reasons you do not expect to continue with <further education>?,我打算畢業後立刻開始工作,I plan to start work immediately after finishing school,是 | 否 | valid skip (filter rule) | system missing | not administered/not applicable | invalid | no response,Yes | No | valid skip (filter rule) | system missing | not administered/not applicable | invalid | no response,,,
ST527Q01DA,ST527,,,你認為你大多數的同學預期會完成哪一個教育階段？,"In your opinion, which level of education do most of your schoolmates expect to complete?",你認為你大多數的同學預期會完成哪一個教育階段？,"In your opinion, which level of education do most of your schoolmates expect to complete?",<ISCED level 2> | <ISCED level 3.3> | <ISCED level 3.4> | <ISCED level 4> | <ISCED level 5> | <ISCED level 6> | <ISCED level 7> | <ISCED level 8>,<ISCED level 2> | <ISCED level 3.3> | <ISCED level 3.4> | <ISCED level 4> | <ISCED level 5> | <ISCED level 6> | <ISCED level 7> | <ISCED level 8>,,,
ST528Q01DA,ST528,,,你認為你的〈父母／監護人〉期望或希望你完成下列哪一項學歷？,Which of the following qualifications do you think your <parents/guardians> expect or want you to complete?,你認為你的〈父母／監護人〉期望或希望你完成下列哪一項學歷？,Which of the following qualifications do you think your <parents/guardians> expect or want you to complete?,<ISCED level 2> | <ISCED level 3.3> | <ISCED level 3.4> | <ISCED level 4> | <ISCED level 5> | <ISCED level 6> | <ISCED level 7> | <ISCED level 8>,<ISCED level 2> | <ISCED level 3.3> | <ISCED level 3.4> | <ISCED level 4> | <ISCED level 5> | <ISCED level 6> | <ISCED level 7> | <ISCED level 8>,,,
ST531Q02DA,ST531,,,在學校學習〈學校科學〉主題時，下列活動多常發生？,"When learning <school science> topics at school, how often do the following activities occur?",老師讓我們看到科學在日常生活中可以怎麼派上用場,The teacher showed us how science can be useful in our everyday lives,所有課堂 | 大多數課堂 | 部分課堂 | 從不或幾乎從不 | valid skip (filter rule) | system missing | not administered/not applicable | invalid | no response,In all lessons | In most lessons | In some lessons | Never or hardly ever | valid skip (filter rule) | system missing | not administered/not applicable | invalid | no response,,,
ST531Q11DA,ST531,,,在學校學習〈學校科學〉主題時，下列活動多常發生？,"When learning <school science> topics at school, how often do the following activities occur?",老師要我們想出環境議題的解決方法,The teacher asks us to think of solutions to environmental issues,所有課堂 | 大多數課堂 | 部分課堂 | 從不或幾乎從不 | valid skip (filter rule) | system missing | not administered/not applicable | invalid | no response,In all lessons | In most lessons | In some lessons | Never or hardly ever | valid skip (filter rule) | system missing | not administered/not applicable | invalid | no response,,,
ST533Q01DA,ST533,,,你有多想在未來的工作中為保護環境做出貢獻？,To what extent are you interested in contributing towards protecting the environment in your future job?,你有多想在未來的工作中為保護環境做出貢獻？,To what extent are you interested in contributing towards protecting the environment in your future job?,完全不會 | 很少 | 有一些 | 很大程度 | valid skip (filter rule) | system missing | not administered/not applicable | invalid | no response,Not at all | Very little | To some extent | To a large extent | valid skip (filter rule) | system missing | not administered/not applicable | invalid | no response,,,
