代碼,題組,構念（中）,構念（英）,題幹（中）,題幹（英）,題目（中）,中文來源,題目（英）,選項（中）,選項（英）,臺灣各選項%,OECD各選項%,Annex B 表
TC002Q01NA,TC002,,,您的年齡是？,How old are you?,5TC210 您有沒有以下任何學位？是否,官方,How old are you?,30 or below | 31 to 40 | 41 to 50 | Above 50,30 or below | 31 to 40 | 41 to 50 | Above 50,,,
TC007Q01NA_Q,TC007,,,您有多少年的工作經驗？,How many years of work experience do you have?,,,How many years of work experience do you have?,Bottom international quartile - Median: 1 | Second international quartile - Median: 4 | Third international quartile - Median: 12 | Top international quartile - Median: 23 | not administered/not applicable | no response,Bottom international quartile - Median: 1 | Second international quartile - Median: 4 | Third international quartile - Median: 12 | Top international quartile - Median: 23 | not administered/not applicable | no response,,,
TC007Q02NA_Q,TC007,,,您有多少年的工作經驗？,How many years of work experience do you have?,,,Year(s) working as a teacher in total,Bottom international quartile - Median: 5 | Second international quartile - Median: 13 | Third international quartile - Median: 20 | Top international quartile - Median: 30 | not administered/not applicable | no response,Bottom international quartile - Median: 5 | Second international quartile - Median: 13 | Third international quartile - Median: 20 | Top international quartile - Median: 30 | not administered/not applicable | no response,,,
TC007Q03DA_Q,TC007,,,您有多少年的工作經驗？,How many years of work experience do you have?,,,Year(s) in total working as a teacher of <modern foreign languages¹> other than <English¹> (including teaching your own language as a foreign language),Bottom international quartile | Second international quartile | Third international quartile | Top international quartile | not administered/not applicable | no response,Bottom international quartile | Second international quartile | Third international quartile | Top international quartile | not administered/not applicable | no response,,,
TC007Q04DA_Q,TC007,,,您有多少年的工作經驗？,How many years of work experience do you have?,,,Year(s) in total working as an <English¹> teacher,Bottom international quartile - Median: 4 | Second international quartile - Median: 13 | Third international quartile - Median: 20 | Top international quartile - Median: 29 | not administered/not applicable | no response,Bottom international quartile - Median: 4 | Second international quartile - Median: 13 | Third international quartile - Median: 20 | Top international quartile - Median: 29 | not administered/not applicable | no response,,,
TC007Q05DA_Q,TC007,,,您有多少年的工作經驗？,How many years of work experience do you have?,,,Year(s) in total working as an<English¹> teacher in <national modal grade for 15-year-olds>,Bottom international quartile - Median: 2 | Second international quartile - Median: 6 | Third international quartile - Median: 12 | Top international quartile - Median: 24 | not administered/not applicable | no response,Bottom international quartile - Median: 2 | Second international quartile - Median: 6 | Third international quartile - Median: 12 | Top international quartile - Median: 24 | not administered/not applicable | no response,,,
TC013Q01NA,TC013,,,在完成高中（職）或以下的學業後，您的職涯目標是從事教育業嗎？,"After completing <ISCED level 3 or below>, was your goal to pursue a career in the teaching profession?",,,"After completing <ISCED level 3 or below>, was your goal to pursue a career in the teaching profession?",是 | 否 | valid skip (filter rule) | system missing | not administered/not applicable | invalid | no response,Yes | No | valid skip (filter rule) | system missing | not administered/not applicable | invalid | no response,,,
TC015Q01NA,TC015,,,您是如何獲得教師資格的？,How did you receive your initial teaching qualifications?,,,How did you receive your initial teaching qualifications?,I attended a standard teacher education or training programme at a <educational institute which is eligible to educate o | I attended an in-service teacher education or training programme | I attended a work-based teacher education or training programme | I attended training in another pedagogical profession | Other,I attended a standard teacher education or training programme at a <educational institute which is eligible to educate o | I attended an in-service teacher education or training programme | I attended a work-based teacher education or training programme | I attended training in another pedagogical profession | Other,,,
TC018Q01NA,TC018,,,您的師資教育或培訓課程，或其他專業資格，是否包括下列科目？在本學,Included in my teacher education or training programme or other professional qualification,閱讀、寫作及文學,官方,"Reading, writing and literature",Included in my teacher education or training programme or other professional qualification | Not selected | valid skip (filter rule) | system missing | not administered/not applicable | invalid | no response,Included in my teacher education or training programme or other professional qualification | Not selected | valid skip (filter rule) | system missing | not administered/not applicable | invalid | no response,,,
TC018Q01NB,TC018,,,您的師資教育或培訓課程，或其他專業資格，是否包括下列科目？在本學,I teach it to the [national modal grade for 15-year-olds] in the current school year,,,"Reading, writing and literature",I teach it to the <national modal grade for 15-year-olds> in the current school year | Not selected | valid skip (filter rule) | system missing | not administered/not applicable | invalid | no response,I teach it to the <national modal grade for 15-year-olds> in the current school year | Not selected | valid skip (filter rule) | system missing | not administered/not applicable | invalid | no response,,,
TC018Q02NA,TC018,,,您的師資教育或培訓課程，或其他專業資格，是否包括下列科目？在本學,Included in my teacher education or training programme or other professional qualification,數學,官方,Mathematics,Included in my teacher education or training programme or other professional qualification | Not selected | valid skip (filter rule) | system missing | not administered/not applicable | invalid | no response,Included in my teacher education or training programme or other professional qualification | Not selected | valid skip (filter rule) | system missing | not administered/not applicable | invalid | no response,,,
TC018Q02NB,TC018,,,您的師資教育或培訓課程，或其他專業資格，是否包括下列科目？在本學,I teach it to the [national modal grade for 15-year-olds] in the current school year,,,Mathematics,I teach it to the <national modal grade for 15-year-olds> in the current school year | Not selected | valid skip (filter rule) | system missing | not administered/not applicable | invalid | no response,I teach it to the <national modal grade for 15-year-olds> in the current school year | Not selected | valid skip (filter rule) | system missing | not administered/not applicable | invalid | no response,,,
TC018Q03NA,TC018,,,您的師資教育或培訓課程，或其他專業資格，是否包括下列科目？在本學,Included in my teacher education or training programme or other professional qualification,科學,官方,Science,Included in my teacher education or training programme or other professional qualification | Not selected | valid skip (filter rule) | system missing | not administered/not applicable | invalid | no response,Included in my teacher education or training programme or other professional qualification | Not selected | valid skip (filter rule) | system missing | not administered/not applicable | invalid | no response,,,
TC018Q03NB,TC018,,,您的師資教育或培訓課程，或其他專業資格，是否包括下列科目？在本學,I teach it to the [national modal grade for 15-year-olds] in the current school year,,,Science,I teach it to the <national modal grade for 15-year-olds> in the current school year | Not selected | valid skip (filter rule) | system missing | not administered/not applicable | invalid | no response,I teach it to the <national modal grade for 15-year-olds> in the current school year | Not selected | valid skip (filter rule) | system missing | not administered/not applicable | invalid | no response,,,
TC018Q04NA,TC018,,,您的師資教育或培訓課程，或其他專業資格，是否包括下列科目？在本學,Included in my teacher education or training programme or other professional qualification,科技,官方,Technology,Included in my teacher education or training programme or other professional qualification | Not selected | valid skip (filter rule) | system missing | not administered/not applicable | invalid | no response,Included in my teacher education or training programme or other professional qualification | Not selected | valid skip (filter rule) | system missing | not administered/not applicable | invalid | no response,,,
TC018Q04NB,TC018,,,您的師資教育或培訓課程，或其他專業資格，是否包括下列科目？在本學,I teach it to the [national modal grade for 15-year-olds] in the current school year,,,Technology,I teach it to the <national modal grade for 15-year-olds> in the current school year | Not selected | valid skip (filter rule) | system missing | not administered/not applicable | invalid | no response,I teach it to the <national modal grade for 15-year-olds> in the current school year | Not selected | valid skip (filter rule) | system missing | not administered/not applicable | invalid | no response,,,
TC018Q05NA,TC018,,,您的師資教育或培訓課程，或其他專業資格，是否包括下列科目？在本學,Included in my teacher education or training programme or other professional qualification,社會研究,官方,Social studies,Included in my teacher education or training programme or other professional qualification | Not selected | valid skip (filter rule) | system missing | not administered/not applicable | invalid | no response,Included in my teacher education or training programme or other professional qualification | Not selected | valid skip (filter rule) | system missing | not administered/not applicable | invalid | no response,,,
TC018Q05NB,TC018,,,您的師資教育或培訓課程，或其他專業資格，是否包括下列科目？在本學,I teach it to the [national modal grade for 15-year-olds] in the current school year,,,Social studies,I teach it to the <national modal grade for 15-year-olds> in the current school year | Not selected | valid skip (filter rule) | system missing | not administered/not applicable | invalid | no response,I teach it to the <national modal grade for 15-year-olds> in the current school year | Not selected | valid skip (filter rule) | system missing | not administered/not applicable | invalid | no response,,,
TC018Q06NA,TC018,,,您的師資教育或培訓課程，或其他專業資格，是否包括下列科目？在本學,Included in my teacher education or training programme or other professional qualification,現代外語,官方,Modern foreign languages,Included in my teacher education or training programme or other professional qualification | Not selected | valid skip (filter rule) | system missing | not administered/not applicable | invalid | no response,Included in my teacher education or training programme or other professional qualification | Not selected | valid skip (filter rule) | system missing | not administered/not applicable | invalid | no response,,,
TC018Q06NB,TC018,,,您的師資教育或培訓課程，或其他專業資格，是否包括下列科目？在本學,I teach it to the [national modal grade for 15-year-olds] in the current school year,,,Modern foreign languages,I teach it to the <national modal grade for 15-year-olds> in the current school year | Not selected | valid skip (filter rule) | system missing | not administered/not applicable | invalid | no response,I teach it to the <national modal grade for 15-year-olds> in the current school year | Not selected | valid skip (filter rule) | system missing | not administered/not applicable | invalid | no response,,,
TC018Q07NA,TC018,,,您的師資教育或培訓課程，或其他專業資格，是否包括下列科目？在本學,Included in my teacher education or training programme or other professional qualification,古代語言（例如︰拉丁文）,官方,Ancient languages (e.g. Latin),Included in my teacher education or training programme or other professional qualification | Not selected | valid skip (filter rule) | system missing | not administered/not applicable | invalid | no response,Included in my teacher education or training programme or other professional qualification | Not selected | valid skip (filter rule) | system missing | not administered/not applicable | invalid | no response,,,
TC018Q07NB,TC018,,,您的師資教育或培訓課程，或其他專業資格，是否包括下列科目？在本學,I teach it to the [national modal grade for 15-year-olds] in the current school year,,,Ancient languages (e.g. Latin),I teach it to the <national modal grade for 15-year-olds> in the current school year | Not selected | valid skip (filter rule) | system missing | not administered/not applicable | invalid | no response,I teach it to the <national modal grade for 15-year-olds> in the current school year | Not selected | valid skip (filter rule) | system missing | not administered/not applicable | invalid | no response,,,
TC018Q08NA,TC018,,,您的師資教育或培訓課程，或其他專業資格，是否包括下列科目？在本學,Included in my teacher education or training programme or other professional qualification,藝術,官方,Arts,Included in my teacher education or training programme or other professional qualification | Not selected | valid skip (filter rule) | system missing | not administered/not applicable | invalid | no response,Included in my teacher education or training programme or other professional qualification | Not selected | valid skip (filter rule) | system missing | not administered/not applicable | invalid | no response,,,
TC018Q08NB,TC018,,,您的師資教育或培訓課程，或其他專業資格，是否包括下列科目？在本學,I teach it to the [national modal grade for 15-year-olds] in the current school year,,,Arts,I teach it to the <national modal grade for 15-year-olds> in the current school year | Not selected | valid skip (filter rule) | system missing | not administered/not applicable | invalid | no response,I teach it to the <national modal grade for 15-year-olds> in the current school year | Not selected | valid skip (filter rule) | system missing | not administered/not applicable | invalid | no response,,,
TC018Q09NA,TC018,,,您的師資教育或培訓課程，或其他專業資格，是否包括下列科目？在本學,Included in my teacher education or training programme or other professional qualification,體育,官方,Physical education,Included in my teacher education or training programme or other professional qualification | Not selected | valid skip (filter rule) | system missing | not administered/not applicable | invalid | no response,Included in my teacher education or training programme or other professional qualification | Not selected | valid skip (filter rule) | system missing | not administered/not applicable | invalid | no response,,,
TC018Q09NB,TC018,,,您的師資教育或培訓課程，或其他專業資格，是否包括下列科目？在本學,I teach it to the [national modal grade for 15-year-olds] in the current school year,,,Physical education,I teach it to the <national modal grade for 15-year-olds> in the current school year | Not selected | valid skip (filter rule) | system missing | not administered/not applicable | invalid | no response,I teach it to the <national modal grade for 15-year-olds> in the current school year | Not selected | valid skip (filter rule) | system missing | not administered/not applicable | invalid | no response,,,
TC018Q10NA,TC018,,,您的師資教育或培訓課程，或其他專業資格，是否包括下列科目？在本學,Included in my teacher education or training programme or other professional qualification,宗教和／或倫理與道德,官方,Religion and/or ethics,Included in my teacher education or training programme or other professional qualification | Not selected | valid skip (filter rule) | system missing | not administered/not applicable | invalid | no response,Included in my teacher education or training programme or other professional qualification | Not selected | valid skip (filter rule) | system missing | not administered/not applicable | invalid | no response,,,
TC018Q10NB,TC018,,,您的師資教育或培訓課程，或其他專業資格，是否包括下列科目？在本學,I teach it to the [national modal grade for 15-year-olds] in the current school year,,,Religion and/or ethics,I teach it to the <national modal grade for 15-year-olds> in the current school year | Not selected | valid skip (filter rule) | system missing | not administered/not applicable | invalid | no response,I teach it to the <national modal grade for 15-year-olds> in the current school year | Not selected | valid skip (filter rule) | system missing | not administered/not applicable | invalid | no response,,,
TC018Q11NA,TC018,,,您的師資教育或培訓課程，或其他專業資格，是否包括下列科目？在本學,Included in my teacher education or training programme or other professional qualification,實務與職業技能,官方,Practical and vocational skills,Included in my teacher education or training programme or other professional qualification | Not selected | valid skip (filter rule) | system missing | not administered/not applicable | invalid | no response,Included in my teacher education or training programme or other professional qualification | Not selected | valid skip (filter rule) | system missing | not administered/not applicable | invalid | no response,,,
TC018Q11NB,TC018,,,您的師資教育或培訓課程，或其他專業資格，是否包括下列科目？在本學,I teach it to the [national modal grade for 15-year-olds] in the current school year,,,Practical and vocational skills,I teach it to the <national modal grade for 15-year-olds> in the current school year | Not selected | valid skip (filter rule) | system missing | not administered/not applicable | invalid | no response,I teach it to the <national modal grade for 15-year-olds> in the current school year | Not selected | valid skip (filter rule) | system missing | not administered/not applicable | invalid | no response,,,
TC018Q12DA,TC018,,,您的師資教育或培訓課程，或其他專業資格，是否包括下列科目？在本學,Included in my teacher education or training programme or other professional qualification,環境科學／永續教育,官方,<Environmental Science/ Education for Sustainability>,Included in my teacher education or training programme or other professional qualification | Not selected | valid skip (filter rule) | system missing | not administered/not applicable | invalid | no response,Included in my teacher education or training programme or other professional qualification | Not selected | valid skip (filter rule) | system missing | not administered/not applicable | invalid | no response,,,
TC018Q12DB,TC018,,,您的師資教育或培訓課程，或其他專業資格，是否包括下列科目？在本學,I teach it to the [national modal grade for 15-year-olds] in the current school year,,,<Environmental Science/ Education for Sustainability>,I teach it to the <national modal grade for 15-year-olds> in the current school year | Not selected | valid skip (filter rule) | system missing | not administered/not applicable | invalid | no response,I teach it to the <national modal grade for 15-year-olds> in the current school year | Not selected | valid skip (filter rule) | system missing | not administered/not applicable | invalid | no response,,,
TC018Q13DA,TC018,,,您的師資教育或培訓課程，或其他專業資格，是否包括下列科目？在本學,Included in my teacher education or training programme or other professional qualification,STEM,官方,"<Combined class of subjects such as Science, Technology, Engineering and Maths >",Included in my teacher education or training programme or other professional qualification | Not selected | valid skip (filter rule) | system missing | not administered/not applicable | invalid | no response,Included in my teacher education or training programme or other professional qualification | Not selected | valid skip (filter rule) | system missing | not administered/not applicable | invalid | no response,,,
TC018Q13DB,TC018,,,您的師資教育或培訓課程，或其他專業資格，是否包括下列科目？在本學,I teach it to the [national modal grade for 15-year-olds] in the current school year,,,"<Combined class of subjects such as Science, Technology, Engineering and Maths >",I teach it to the <national modal grade for 15-year-olds> in the current school year | Not selected | valid skip (filter rule) | system missing | not administered/not applicable | invalid | no response,I teach it to the <national modal grade for 15-year-olds> in the current school year | Not selected | valid skip (filter rule) | system missing | not administered/not applicable | invalid | no response,,,
TC020Q01NA,TC020,,,在過去的 12 個月期間，您是否參加過下列活動？,"During the last 12 months, did you participate in any of the following activities?",資格認證課程（例如：學位授予課程）,官方,Qualification programme (e.g. a <degree programme>),是 | 否 | valid skip (filter rule) | system missing | not administered/not applicable | invalid | no response,Yes | No | valid skip (filter rule) | system missing | not administered/not applicable | invalid | no response,,,
TC020Q02NA,TC020,,,在過去的 12 個月期間，您是否參加過下列活動？,"During the last 12 months, did you participate in any of the following activities?",參與專為教師專業發展而設的教師網絡,官方,Participation in a network of teachers formed specifically for the professional development of teachers,是 | 否 | valid skip (filter rule) | system missing | not administered/not applicable | invalid | no response,Yes | No | valid skip (filter rule) | system missing | not administered/not applicable | invalid | no response,,,
TC020Q03NA,TC020,,,在過去的 12 個月期間，您是否參加過下列活動？,"During the last 12 months, did you participate in any of the following activities?",在某個與您專業相關的主題上進行獨立或協作研究,官方,Individual or collaborative research on a topic of interest to you professionally,是 | 否 | valid skip (filter rule) | system missing | not administered/not applicable | invalid | no response,Yes | No | valid skip (filter rule) | system missing | not administered/not applicable | invalid | no response,,,
TC020Q04NA,TC020,,,在過去的 12 個月期間，您是否參加過下列活動？,"During the last 12 months, did you participate in any of the following activities?",按照學校正式的安排，參與師徒制度、進行同儕觀課或同儕教練,官方,"Mentoring and/or peer observation and coaching, as part of a formal school arrangement",是 | 否 | valid skip (filter rule) | system missing | not administered/not applicable | invalid | no response,Yes | No | valid skip (filter rule) | system missing | not administered/not applicable | invalid | no response,,,
TC020Q05NA,TC020,,,在過去的 12 個月期間，您是否參加過下列活動？,"During the last 12 months, did you participate in any of the following activities?",閱讀專業文獻（例如：期刊、基於證據的文章、論文）,官方,"Reading professional literature (e.g. journals, evidence-based papers, thesis papers)",是 | 否 | valid skip (filter rule) | system missing | not administered/not applicable | invalid | no response,Yes | No | valid skip (filter rule) | system missing | not administered/not applicable | invalid | no response,,,
TC020Q07JA,TC020,,,在過去的 12 個月期間，您是否參加過下列活動？,"During the last 12 months, did you participate in any of the following activities?",關於教學方法的課程、工作坊或會議,官方,"Course, workshop, or conference on teaching methods",是 | 否 | valid skip (filter rule) | system missing | not administered/not applicable | invalid | no response,Yes | No | valid skip (filter rule) | system missing | not administered/not applicable | invalid | no response,,,
TC020Q08JA,TC020,,,在過去的 12 個月期間，您是否參加過下列活動？,"During the last 12 months, did you participate in any of the following activities?",與您的科目領域相關的課程、工作坊或會議,官方,"Course, workshop, or conference relevant to your subject-matter field",是 | 否 | valid skip (filter rule) | system missing | not administered/not applicable | invalid | no response,Yes | No | valid skip (filter rule) | system missing | not administered/not applicable | invalid | no response,,,
TC020Q09JA,TC020,,,在過去的 12 個月期間，您是否參加過下列活動？,"During the last 12 months, did you participate in any of the following activities?",前往其他學校觀察訪問,官方,Observation visits to other schools,是 | 否 | valid skip (filter rule) | system missing | not administered/not applicable | invalid | no response,Yes | No | valid skip (filter rule) | system missing | not administered/not applicable | invalid | no response,,,
TC020Q11JA,TC020,,,在過去的 12 個月期間，您是否參加過下列活動？,"During the last 12 months, did you participate in any of the following activities?",聆聽或觀看有關在教學上使用數位資源的錄製研討會或線上課程（例如磨課師）,官方,Listening to or watching recorded seminars or online courses (e.g. <MOOCs>) about the use of <digital resources> for teaching,是 | 否 | valid skip (filter rule) | system missing | not administered/not applicable | invalid | no response,Yes | No | valid skip (filter rule) | system missing | not administered/not applicable | invalid | no response,,,
TC020Q14JA,TC020,,,在過去的 12 個月期間，您是否參加過下列活動？,"During the last 12 months, did you participate in any of the following activities?",學習利用數位資源的新教育學或新教學法,官方,Learning new pedagogical or instructional approaches with <digital resources>,是 | 否 | valid skip (filter rule) | system missing | not administered/not applicable | invalid | no response,Yes | No | valid skip (filter rule) | system missing | not administered/not applicable | invalid | no response,,,
TC021Q01NA,TC021,,,您是否必須參與專業發展活動？,Are you required to take part in professional development activities?,,,Are you required to take part in professional development activities?,是 | 否 | valid skip (filter rule) | system missing | not administered/not applicable | invalid | no response,Yes | No | valid skip (filter rule) | system missing | not administered/not applicable | invalid | no response,,,
TC033Q04NA,TC033,,,您在多大程度上能夠（或可能）做到以下事項？,To what extent can (or could) you do the following?,為探究學習設計實驗和動手做活動,官方,Design experiments and hands-on activities for <inquiry-based learning>,完全不會 | 很少 | 有一些 | 很大程度 | valid skip (filter rule) | system missing | not administered/not applicable | invalid | no response,Not at all | Very little | To some extent | To a large extent | valid skip (filter rule) | system missing | not administered/not applicable | invalid | no response,,,
TC033Q05NA,TC033,,,您在多大程度上能夠（或可能）做到以下事項？,To what extent can (or could) you do the following?,為較弱和較優秀的學生分配量身訂做的任務,官方,Assign tailored tasks to the weakest as well as to the best students,完全不會 | 很少 | 有一些 | 很大程度 | valid skip (filter rule) | system missing | not administered/not applicable | invalid | no response,Not at all | Very little | To some extent | To a large extent | valid skip (filter rule) | system missing | not administered/not applicable | invalid | no response,,,
TC033Q06NA,TC033,,,您在多大程度上能夠（或可能）做到以下事項？,To what extent can (or could) you do the following?,使用各種不同的評估策略,官方,Use a variety of assessment strategies,完全不會 | 很少 | 有一些 | 很大程度 | valid skip (filter rule) | system missing | not administered/not applicable | invalid | no response,Not at all | Very little | To some extent | To a large extent | valid skip (filter rule) | system missing | not administered/not applicable | invalid | no response,,,
TC033Q08NA,TC033,,,您在多大程度上能夠（或可能）做到以下事項？,To what extent can (or could) you do the following?,引導學生互相討論如何詮釋實驗結果,官方,Facilitate a discussion among students on how to interpret experimental findings,完全不會 | 很少 | 有一些 | 很大程度 | valid skip (filter rule) | system missing | not administered/not applicable | invalid | no response,Not at all | Very little | To some extent | To a large extent | valid skip (filter rule) | system missing | not administered/not applicable | invalid | no response,,,
TC034Q01NA,TC034,,,您在多大程度上能夠（或可能）做到以下事項？,To what extent can (or could) you do the following?,向教師同仁解釋一個複雜的科學概念,官方,Explain a complex scientific concept to a fellow teacher,完全不會 | 很少 | 有一些 | 很大程度 | valid skip (filter rule) | system missing | not administered/not applicable | invalid | no response,Not at all | Very little | To some extent | To a large extent | valid skip (filter rule) | system missing | not administered/not applicable | invalid | no response,,,
TC034Q06NA,TC034,,,您在多大程度上能夠（或可能）做到以下事項？,To what extent can (or could) you do the following?,解釋生物、物理和化學的關聯,官方,"Explain the links between biology, physics and chemistry",完全不會 | 很少 | 有一些 | 很大程度 | valid skip (filter rule) | system missing | not administered/not applicable | invalid | no response,Not at all | Very little | To some extent | To a large extent | valid skip (filter rule) | system missing | not administered/not applicable | invalid | no response,,,
TC034Q09DA,TC034,,,您在多大程度上能夠（或可能）做到以下事項？,To what extent can (or could) you do the following?,解釋氣候變遷的成因,官方,Explain the causes of climate change,完全不會 | 很少 | 有一些 | 很大程度 | valid skip (filter rule) | system missing | not administered/not applicable | invalid | no response,Not at all | Very little | To some extent | To a large extent | valid skip (filter rule) | system missing | not administered/not applicable | invalid | no response,,,
TC034Q10DA,TC034,,,您在多大程度上能夠（或可能）做到以下事項？,To what extent can (or could) you do the following?,解釋氣候變遷的影響,官方,Explain the effects of climate change,完全不會 | 很少 | 有一些 | 很大程度 | valid skip (filter rule) | system missing | not administered/not applicable | invalid | no response,Not at all | Very little | To some extent | To a large extent | valid skip (filter rule) | system missing | not administered/not applicable | invalid | no response,,,
TC037Q01NA,TC037,,,下列情況有多常在您的自然科學課堂中發生？,How often do these things happen in your <school science> lessons?,學生被要求從他們做的實驗中得出結論,官方,Students are asked to draw conclusions from an experiment they have conducted.,從不或幾乎從不 | 部分課堂 | Many lessons | Every lesson or almost every lesson | valid skip (filter rule) | system missing | not administered/not applicable | invalid | no response,Never or almost never | Some lessons | Many lessons | Every lesson or almost every lesson | valid skip (filter rule) | system missing | not administered/not applicable | invalid | no response,,,
TC037Q02NA,TC037,,,下列情況有多常在您的自然科學課堂中發生？,How often do these things happen in your <school science> lessons?,學生有機會表達自己的想法,官方,Students are given opportunities to explain their ideas.,從不或幾乎從不 | 部分課堂 | Many lessons | Every lesson or almost every lesson | valid skip (filter rule) | system missing | not administered/not applicable | invalid | no response,Never or almost never | Some lessons | Many lessons | Every lesson or almost every lesson | valid skip (filter rule) | system missing | not administered/not applicable | invalid | no response,,,
TC037Q03NA,TC037,,,下列情況有多常在您的自然科學課堂中發生？,How often do these things happen in your <school science> lessons?,我解釋科學觀念,官方,I explain scientific ideas.,從不或幾乎從不 | 部分課堂 | Many lessons | Every lesson or almost every lesson | valid skip (filter rule) | system missing | not administered/not applicable | invalid | no response,Never or almost never | Some lessons | Many lessons | Every lesson or almost every lesson | valid skip (filter rule) | system missing | not administered/not applicable | invalid | no response,,,
TC037Q04NA,TC037,,,下列情況有多常在您的自然科學課堂中發生？,How often do these things happen in your <school science> lessons?,舉行學生間的小組討論,官方,A small group discussion between students takes place.,從不或幾乎從不 | 部分課堂 | Many lessons | Every lesson or almost every lesson | valid skip (filter rule) | system missing | not administered/not applicable | invalid | no response,Never or almost never | Some lessons | Many lessons | Every lesson or almost every lesson | valid skip (filter rule) | system missing | not administered/not applicable | invalid | no response,,,
TC037Q05NA,TC037,,,下列情況有多常在您的自然科學課堂中發生？,How often do these things happen in your <school science> lessons?,舉行有我參與的課堂討論,官方,A whole class discussion takes place in which I participate.,從不或幾乎從不 | 部分課堂 | Many lessons | Every lesson or almost every lesson | valid skip (filter rule) | system missing | not administered/not applicable | invalid | no response,Never or almost never | Some lessons | Many lessons | Every lesson or almost every lesson | valid skip (filter rule) | system missing | not administered/not applicable | invalid | no response,,,
TC037Q06NA,TC037,,,下列情況有多常在您的自然科學課堂中發生？,How often do these things happen in your <school science> lessons?,討論當前科學議題,官方,Current scientific issues are discussed.,從不或幾乎從不 | 部分課堂 | Many lessons | Every lesson or almost every lesson | valid skip (filter rule) | system missing | not administered/not applicable | invalid | no response,Never or almost never | Some lessons | Many lessons | Every lesson or almost every lesson | valid skip (filter rule) | system missing | not administered/not applicable | invalid | no response,,,
TC037Q10NA,TC037,,,下列情況有多常在您的自然科學課堂中發生？,How often do these things happen in your <school science> lessons?,我針對學生提出的問題進行討論,官方,I discuss questions that students ask.,從不或幾乎從不 | 部分課堂 | Many lessons | Every lesson or almost every lesson | valid skip (filter rule) | system missing | not administered/not applicable | invalid | no response,Never or almost never | Some lessons | Many lessons | Every lesson or almost every lesson | valid skip (filter rule) | system missing | not administered/not applicable | invalid | no response,,,
TC037Q11NA,TC037,,,下列情況有多常在您的自然科學課堂中發生？,How often do these things happen in your <school science> lessons?,學生進行實作,官方,Students carry out practical work.,從不或幾乎從不 | 部分課堂 | Many lessons | Every lesson or almost every lesson | valid skip (filter rule) | system missing | not administered/not applicable | invalid | no response,Never or almost never | Some lessons | Many lessons | Every lesson or almost every lesson | valid skip (filter rule) | system missing | not administered/not applicable | invalid | no response,,,
TC037Q12NA,TC037,,,下列情況有多常在您的自然科學課堂中發生？,How often do these things happen in your <school science> lessons?,學生撰寫實驗室報告,官方,Students write up laboratory reports.,從不或幾乎從不 | 部分課堂 | Many lessons | Every lesson or almost every lesson | valid skip (filter rule) | system missing | not administered/not applicable | invalid | no response,Never or almost never | Some lessons | Many lessons | Every lesson or almost every lesson | valid skip (filter rule) | system missing | not administered/not applicable | invalid | no response,,,
TC037Q13NA,TC037,,,下列情況有多常在您的自然科學課堂中發生？,How often do these things happen in your <school science> lessons?,我演示一個觀點,官方,I demonstrate an idea.,從不或幾乎從不 | 部分課堂 | Many lessons | Every lesson or almost every lesson | valid skip (filter rule) | system missing | not administered/not applicable | invalid | no response,Never or almost never | Some lessons | Many lessons | Every lesson or almost every lesson | valid skip (filter rule) | system missing | not administered/not applicable | invalid | no response,,,
TC037Q15NA,TC037,,,下列情況有多常在您的自然科學課堂中發生？,How often do these things happen in your <school science> lessons?,學生閱讀教科書的內容,官方,Students read materials from a textbook.,從不或幾乎從不 | 部分課堂 | Many lessons | Every lesson or almost every lesson | valid skip (filter rule) | system missing | not administered/not applicable | invalid | no response,Never or almost never | Some lessons | Many lessons | Every lesson or almost every lesson | valid skip (filter rule) | system missing | not administered/not applicable | invalid | no response,,,
TC037Q16NA,TC037,,,下列情況有多常在您的自然科學課堂中發生？,How often do these things happen in your <school science> lessons?,學生從黑板上抄寫筆記,官方,Students take notes from the board.,從不或幾乎從不 | 部分課堂 | Many lessons | Every lesson or almost every lesson | valid skip (filter rule) | system missing | not administered/not applicable | invalid | no response,Never or almost never | Some lessons | Many lessons | Every lesson or almost every lesson | valid skip (filter rule) | system missing | not administered/not applicable | invalid | no response,,,
TC037Q18NA,TC037,,,下列情況有多常在您的自然科學課堂中發生？,How often do these things happen in your <school science> lessons?,學生觀看影片,官方,Students watch videos.,從不或幾乎從不 | 部分課堂 | Many lessons | Every lesson or almost every lesson | valid skip (filter rule) | system missing | not administered/not applicable | invalid | no response,Never or almost never | Some lessons | Many lessons | Every lesson or almost every lesson | valid skip (filter rule) | system missing | not administered/not applicable | invalid | no response,,,
TC037Q19NA,TC037,,,下列情況有多常在您的自然科學課堂中發生？,How often do these things happen in your <school science> lessons?,學生使用網路,官方,Students use the Internet.,從不或幾乎從不 | 部分課堂 | Many lessons | Every lesson or almost every lesson | valid skip (filter rule) | system missing | not administered/not applicable | invalid | no response,Never or almost never | Some lessons | Many lessons | Every lesson or almost every lesson | valid skip (filter rule) | system missing | not administered/not applicable | invalid | no response,,,
TC037Q20NA,TC037,,,下列情況有多常在您的自然科學課堂中發生？,How often do these things happen in your <school science> lessons?,班上訂正家庭作業或測驗,官方,The class corrects homework or a test.,從不或幾乎從不 | 部分課堂 | Many lessons | Every lesson or almost every lesson | valid skip (filter rule) | system missing | not administered/not applicable | invalid | no response,Never or almost never | Some lessons | Many lessons | Every lesson or almost every lesson | valid skip (filter rule) | system missing | not administered/not applicable | invalid | no response,,,
TC037Q21NA,TC037,,,下列情況有多常在您的自然科學課堂中發生？,How often do these things happen in your <school science> lessons?,學生填寫學習單,官方,Students fill out worksheets.,從不或幾乎從不 | 部分課堂 | Many lessons | Every lesson or almost every lesson | valid skip (filter rule) | system missing | not administered/not applicable | invalid | no response,Never or almost never | Some lessons | Many lessons | Every lesson or almost every lesson | valid skip (filter rule) | system missing | not administered/not applicable | invalid | no response,,,
TC037Q22NA,TC037,,,下列情況有多常在您的自然科學課堂中發生？,How often do these things happen in your <school science> lessons?,學生向全班進行報告,官方,Students present something to the rest of the class.,從不或幾乎從不 | 部分課堂 | Many lessons | Every lesson or almost every lesson | valid skip (filter rule) | system missing | not administered/not applicable | invalid | no response,Never or almost never | Some lessons | Many lessons | Every lesson or almost every lesson | valid skip (filter rule) | system missing | not administered/not applicable | invalid | no response,,,
TC037Q23DA,TC037,,,下列情況有多常在您的自然科學課堂中發生？,How often do these things happen in your <school science> lessons?,學生使用數據收集器、數據記錄器或類似的科技作為實驗的一部分,官方,"Students use <data loggers, data recorders> or similar technology as part of their experiments.",從不或幾乎從不 | 部分課堂 | Many lessons | Every lesson or almost every lesson | valid skip (filter rule) | system missing | not administered/not applicable | invalid | no response,Never or almost never | Some lessons | Many lessons | Every lesson or almost every lesson | valid skip (filter rule) | system missing | not administered/not applicable | invalid | no response,,,
TC037Q24DA,TC037,,,下列情況有多常在您的自然科學課堂中發生？,How often do these things happen in your <school science> lessons?,我使用數據收集器、數據記錄器或類似的科技向學生演示概念,官方,"I use <data loggers, data recorders> or similar technology to demonstrate concepts to students.",從不或幾乎從不 | 部分課堂 | Many lessons | Every lesson or almost every lesson | valid skip (filter rule) | system missing | not administered/not applicable | invalid | no response,Never or almost never | Some lessons | Many lessons | Every lesson or almost every lesson | valid skip (filter rule) | system missing | not administered/not applicable | invalid | no response,,,
TC041Q01NA,TC041,,,在高一（或國三）的預定自然科學課程綱要中，有多重視下列方法和,How much emphasis is given to the following approaches and processes in the intended <school science> curriculum for <the national modal grade of 15-year-olds>?,認識基本的科學事實和原理,官方,Knowing basic science facts and principles,No emphasis | Very little emphasis | Some emphasis | A lot of emphasis | valid skip (filter rule) | system missing | not administered/not applicable | invalid | no response,No emphasis | Very little emphasis | Some emphasis | A lot of emphasis | valid skip (filter rule) | system missing | not administered/not applicable | invalid | no response,,,
TC041Q03NA,TC041,,,在高一（或國三）的預定自然科學課程綱要中，有多重視下列方法和,How much emphasis is given to the following approaches and processes in the intended <school science> curriculum for <the national modal grade of 15-year-olds>?,解釋正在學習的事物,官方,Providing explanations of what is being studied,No emphasis | Very little emphasis | Some emphasis | A lot of emphasis | valid skip (filter rule) | system missing | not administered/not applicable | invalid | no response,No emphasis | Very little emphasis | Some emphasis | A lot of emphasis | valid skip (filter rule) | system missing | not administered/not applicable | invalid | no response,,,
TC041Q04NA,TC041,,,在高一（或國三）的預定自然科學課程綱要中，有多重視下列方法和,How much emphasis is given to the following approaches and processes in the intended <school science> curriculum for <the national modal grade of 15-year-olds>?,設計和規畫實驗或探究,官方,Designing and planning experiments or investigations,No emphasis | Very little emphasis | Some emphasis | A lot of emphasis | valid skip (filter rule) | system missing | not administered/not applicable | invalid | no response,No emphasis | Very little emphasis | Some emphasis | A lot of emphasis | valid skip (filter rule) | system missing | not administered/not applicable | invalid | no response,,,
TC041Q05NA,TC041,,,在高一（或國三）的預定自然科學課程綱要中，有多重視下列方法和,How much emphasis is given to the following approaches and processes in the intended <school science> curriculum for <the national modal grade of 15-year-olds>?,做實驗和研究,官方,Conducting experiments or investigations,No emphasis | Very little emphasis | Some emphasis | A lot of emphasis | valid skip (filter rule) | system missing | not administered/not applicable | invalid | no response,No emphasis | Very little emphasis | Some emphasis | A lot of emphasis | valid skip (filter rule) | system missing | not administered/not applicable | invalid | no response,,,
TC041Q06NA,TC041,,,在高一（或國三）的預定自然科學課程綱要中，有多重視下列方法和,How much emphasis is given to the following approaches and processes in the intended <school science> curriculum for <the national modal grade of 15-year-olds>?,將科學融入其他科目,官方,Integrating science with other subjects,No emphasis | Very little emphasis | Some emphasis | A lot of emphasis | valid skip (filter rule) | system missing | not administered/not applicable | invalid | no response,No emphasis | Very little emphasis | Some emphasis | A lot of emphasis | valid skip (filter rule) | system missing | not administered/not applicable | invalid | no response,,,
TC041Q07NA,TC041,,,在高一（或國三）的預定自然科學課程綱要中，有多重視下列方法和,How much emphasis is given to the following approaches and processes in the intended <school science> curriculum for <the national modal grade of 15-year-olds>?,將課堂所學聯繫到學生的日常生活,官方,Relating what students are learning to their daily lives,No emphasis | Very little emphasis | Some emphasis | A lot of emphasis | valid skip (filter rule) | system missing | not administered/not applicable | invalid | no response,No emphasis | Very little emphasis | Some emphasis | A lot of emphasis | valid skip (filter rule) | system missing | not administered/not applicable | invalid | no response,,,
TC041Q09DA,TC041,,,在高一（或國三）的預定自然科學課程綱要中，有多重視下列方法和,How much emphasis is given to the following approaches and processes in the intended <school science> curriculum for <the national modal grade of 15-year-olds>?,將永續教育和／或環境科學融入主題中,官方,Integrating <education for sustainability> and/or <environmental science> within topics,No emphasis | Very little emphasis | Some emphasis | A lot of emphasis | valid skip (filter rule) | system missing | not administered/not applicable | invalid | no response,No emphasis | Very little emphasis | Some emphasis | A lot of emphasis | valid skip (filter rule) | system missing | not administered/not applicable | invalid | no response,,,
TC041Q10DA,TC041,,,在高一（或國三）的預定自然科學課程綱要中，有多重視下列方法和,How much emphasis is given to the following approaches and processes in the intended <school science> curriculum for <the national modal grade of 15-year-olds>?,教授基於證據來提出論據的科學實作,官方,Teaching scientific practices related to making an argument based on evidence,No emphasis | Very little emphasis | Some emphasis | A lot of emphasis | valid skip (filter rule) | system missing | not administered/not applicable | invalid | no response,No emphasis | Very little emphasis | Some emphasis | A lot of emphasis | valid skip (filter rule) | system missing | not administered/not applicable | invalid | no response,,,
TC041Q12DA,TC041,,,在高一（或國三）的預定自然科學課程綱要中，有多重視下列方法和,How much emphasis is given to the following approaches and processes in the intended <school science> curriculum for <the national modal grade of 15-year-olds>?,查詢資訊來源,官方,Interrogating sources of information,No emphasis | Very little emphasis | Some emphasis | A lot of emphasis | valid skip (filter rule) | system missing | not administered/not applicable | invalid | no response,No emphasis | Very little emphasis | Some emphasis | A lot of emphasis | valid skip (filter rule) | system missing | not administered/not applicable | invalid | no response,,,
TC045Q01,TC045,,,您的師資教育或培訓課程，或其他專業資格，是否包括了下列主題？,Content overlap between initial education and professional development,,,Knowledge and understanding of my subject field(s),otherwise. | content included in initial training and in professional development | valid skip (filter rule) | system missing | not administered/not applicable | invalid | no response,otherwise. | content included in initial training and in professional development | valid skip (filter rule) | system missing | not administered/not applicable | invalid | no response,,,
TC045Q01NA,TC045,,,您的師資教育或培訓課程，或其他專業資格，是否包括了下列主題？,Included in my teacher education or training programme or other professional qualification,我的學科領域的知識與理解,官方,Knowledge and understanding of my subject field(s),Included in my teacher education or training programme or other professional qualification | Not selected | valid skip (filter rule) | system missing | not administered/not applicable | invalid | no response,Included in my teacher education or training programme or other professional qualification | Not selected | valid skip (filter rule) | system missing | not administered/not applicable | invalid | no response,,,
TC045Q01NB,TC045,,,您的師資教育或培訓課程，或其他專業資格，是否包括了下列主題？,Included in my professional development activities during the last 12 months,,,Knowledge and understanding of my subject field(s),Included in my professional development activities during the last 12 months | Not selected | valid skip (filter rule) | system missing | not administered/not applicable | invalid | no response,Included in my professional development activities during the last 12 months | Not selected | valid skip (filter rule) | system missing | not administered/not applicable | invalid | no response,,,
TC045Q02,TC045,,,您的師資教育或培訓課程，或其他專業資格，是否包括了下列主題？,Content overlap between initial education and professional development,,,Pedagogical competencies in teaching my subject field(s),otherwise. | content included in initial training and in professional development | valid skip (filter rule) | system missing | not administered/not applicable | invalid | no response,otherwise. | content included in initial training and in professional development | valid skip (filter rule) | system missing | not administered/not applicable | invalid | no response,,,
TC045Q02NA,TC045,,,您的師資教育或培訓課程，或其他專業資格，是否包括了下列主題？,Included in my teacher education or training programme or other professional qualification,我任教學科領域的教育能力,官方,Pedagogical competencies in teaching my subject field(s),Included in my teacher education or training programme or other professional qualification | Not selected | valid skip (filter rule) | system missing | not administered/not applicable | invalid | no response,Included in my teacher education or training programme or other professional qualification | Not selected | valid skip (filter rule) | system missing | not administered/not applicable | invalid | no response,,,
TC045Q02NB,TC045,,,您的師資教育或培訓課程，或其他專業資格，是否包括了下列主題？,Included in my professional development activities during the last 12 months,,,Pedagogical competencies in teaching my subject field(s),Included in my professional development activities during the last 12 months | Not selected | valid skip (filter rule) | system missing | not administered/not applicable | invalid | no response,Included in my professional development activities during the last 12 months | Not selected | valid skip (filter rule) | system missing | not administered/not applicable | invalid | no response,,,
TC045Q03,TC045,,,您的師資教育或培訓課程，或其他專業資格，是否包括了下列主題？,Content overlap between initial education and professional development,,,Knowledge of the curriculum,otherwise. | content included in initial training and in professional development | valid skip (filter rule) | system missing | not administered/not applicable | invalid | no response,otherwise. | content included in initial training and in professional development | valid skip (filter rule) | system missing | not administered/not applicable | invalid | no response,,,
TC045Q03NA,TC045,,,您的師資教育或培訓課程，或其他專業資格，是否包括了下列主題？,Included in my teacher education or training programme or other professional qualification,課程綱要的知識,官方,Knowledge of the curriculum,Included in my teacher education or training programme or other professional qualification | Not selected | valid skip (filter rule) | system missing | not administered/not applicable | invalid | no response,Included in my teacher education or training programme or other professional qualification | Not selected | valid skip (filter rule) | system missing | not administered/not applicable | invalid | no response,,,
TC045Q03NB,TC045,,,您的師資教育或培訓課程，或其他專業資格，是否包括了下列主題？,Included in my professional development activities during the last 12 months,,,Knowledge of the curriculum,Included in my professional development activities during the last 12 months | Not selected | valid skip (filter rule) | system missing | not administered/not applicable | invalid | no response,Included in my professional development activities during the last 12 months | Not selected | valid skip (filter rule) | system missing | not administered/not applicable | invalid | no response,,,
TC045Q04,TC045,,,您的師資教育或培訓課程，或其他專業資格，是否包括了下列主題？,Content overlap between initial education and professional development,,,Student assessment practices,otherwise. | content included in initial training and in professional development | valid skip (filter rule) | system missing | not administered/not applicable | invalid | no response,otherwise. | content included in initial training and in professional development | valid skip (filter rule) | system missing | not administered/not applicable | invalid | no response,,,
TC045Q04NA,TC045,,,您的師資教育或培訓課程，或其他專業資格，是否包括了下列主題？,Included in my teacher education or training programme or other professional qualification,學生評量實務,官方,Student assessment practices,Included in my teacher education or training programme or other professional qualification | Not selected | valid skip (filter rule) | system missing | not administered/not applicable | invalid | no response,Included in my teacher education or training programme or other professional qualification | Not selected | valid skip (filter rule) | system missing | not administered/not applicable | invalid | no response,,,
TC045Q04NB,TC045,,,您的師資教育或培訓課程，或其他專業資格，是否包括了下列主題？,Included in my professional development activities during the last 12 months,,,Student assessment practices,Included in my professional development activities during the last 12 months | Not selected | valid skip (filter rule) | system missing | not administered/not applicable | invalid | no response,Included in my professional development activities during the last 12 months | Not selected | valid skip (filter rule) | system missing | not administered/not applicable | invalid | no response,,,
TC045Q05,TC045,,,您的師資教育或培訓課程，或其他專業資格，是否包括了下列主題？,Content overlap between initial education and professional development,,,ICT (information and communication technology) skills for teaching,otherwise. | content included in initial training and in professional development | valid skip (filter rule) | system missing | not administered/not applicable | invalid | no response,otherwise. | content included in initial training and in professional development | valid skip (filter rule) | system missing | not administered/not applicable | invalid | no response,,,
TC045Q05NA,TC045,,,您的師資教育或培訓課程，或其他專業資格，是否包括了下列主題？,Included in my teacher education or training programme or other professional qualification,在教學上使用資訊及通訊科技的技巧,官方,ICT (information and communication technology) skills for teaching,Included in my teacher education or training programme or other professional qualification | Not selected | valid skip (filter rule) | system missing | not administered/not applicable | invalid | no response,Included in my teacher education or training programme or other professional qualification | Not selected | valid skip (filter rule) | system missing | not administered/not applicable | invalid | no response,,,
TC045Q05NB,TC045,,,您的師資教育或培訓課程，或其他專業資格，是否包括了下列主題？,Included in my professional development activities during the last 12 months,,,ICT (information and communication technology) skills for teaching,Included in my professional development activities during the last 12 months | Not selected | valid skip (filter rule) | system missing | not administered/not applicable | invalid | no response,Included in my professional development activities during the last 12 months | Not selected | valid skip (filter rule) | system missing | not administered/not applicable | invalid | no response,,,
TC045Q06,TC045,,,您的師資教育或培訓課程，或其他專業資格，是否包括了下列主題？,Content overlap between initial education and professional development,,,Student behaviour and classroom management,otherwise. | content included in initial training and in professional development | valid skip (filter rule) | system missing | not administered/not applicable | invalid | no response,otherwise. | content included in initial training and in professional development | valid skip (filter rule) | system missing | not administered/not applicable | invalid | no response,,,
TC045Q06NA,TC045,,,您的師資教育或培訓課程，或其他專業資格，是否包括了下列主題？,Included in my teacher education or training programme or other professional qualification,學生行為及班級經營,官方,Student behaviour and classroom management,Included in my teacher education or training programme or other professional qualification | Not selected | valid skip (filter rule) | system missing | not administered/not applicable | invalid | no response,Included in my teacher education or training programme or other professional qualification | Not selected | valid skip (filter rule) | system missing | not administered/not applicable | invalid | no response,,,
TC045Q06NB,TC045,,,您的師資教育或培訓課程，或其他專業資格，是否包括了下列主題？,Included in my professional development activities during the last 12 months,,,Student behaviour and classroom management,Included in my professional development activities during the last 12 months | Not selected | valid skip (filter rule) | system missing | not administered/not applicable | invalid | no response,Included in my professional development activities during the last 12 months | Not selected | valid skip (filter rule) | system missing | not administered/not applicable | invalid | no response,,,
TC045Q08,TC045,,,您的師資教育或培訓課程，或其他專業資格，是否包括了下列主題？,Content overlap between initial education and professional development,,,Approaches to individualised learning,otherwise. | content included in initial training and in professional development | valid skip (filter rule) | system missing | not administered/not applicable | invalid | no response,otherwise. | content included in initial training and in professional development | valid skip (filter rule) | system missing | not administered/not applicable | invalid | no response,,,
TC045Q08NA,TC045,,,您的師資教育或培訓課程，或其他專業資格，是否包括了下列主題？,Included in my teacher education or training programme or other professional qualification,個人學習策略,官方,Approaches to individualised learning,Included in my teacher education or training programme or other professional qualification | Not selected | valid skip (filter rule) | system missing | not administered/not applicable | invalid | no response,Included in my teacher education or training programme or other professional qualification | Not selected | valid skip (filter rule) | system missing | not administered/not applicable | invalid | no response,,,
TC045Q08NB,TC045,,,您的師資教育或培訓課程，或其他專業資格，是否包括了下列主題？,Included in my professional development activities during the last 12 months,,,Approaches to individualised learning,Included in my professional development activities during the last 12 months | Not selected | valid skip (filter rule) | system missing | not administered/not applicable | invalid | no response,Included in my professional development activities during the last 12 months | Not selected | valid skip (filter rule) | system missing | not administered/not applicable | invalid | no response,,,
TC045Q09,TC045,,,您的師資教育或培訓課程，或其他專業資格，是否包括了下列主題？,Content overlap between initial education and professional development,,,Teaching students with special needs,otherwise. | content included in initial training and in professional development | valid skip (filter rule) | system missing | not administered/not applicable | invalid | no response,otherwise. | content included in initial training and in professional development | valid skip (filter rule) | system missing | not administered/not applicable | invalid | no response,,,
TC045Q09NA,TC045,,,您的師資教育或培訓課程，或其他專業資格，是否包括了下列主題？,Included in my teacher education or training programme or other professional qualification,教導有特殊需求的學生,官方,Teaching students with special needs,Included in my teacher education or training programme or other professional qualification | Not selected | valid skip (filter rule) | system missing | not administered/not applicable | invalid | no response,Included in my teacher education or training programme or other professional qualification | Not selected | valid skip (filter rule) | system missing | not administered/not applicable | invalid | no response,,,
TC045Q09NB,TC045,,,您的師資教育或培訓課程，或其他專業資格，是否包括了下列主題？,Included in my professional development activities during the last 12 months,,,Teaching students with special needs,Included in my professional development activities during the last 12 months | Not selected | valid skip (filter rule) | system missing | not administered/not applicable | invalid | no response,Included in my professional development activities during the last 12 months | Not selected | valid skip (filter rule) | system missing | not administered/not applicable | invalid | no response,,,
TC045Q10,TC045,,,您的師資教育或培訓課程，或其他專業資格，是否包括了下列主題？,Content overlap between initial education and professional development,,,Teaching in a multicultural or multilingual setting,otherwise. | content included in initial training and in professional development | valid skip (filter rule) | system missing | not administered/not applicable | invalid | no response,otherwise. | content included in initial training and in professional development | valid skip (filter rule) | system missing | not administered/not applicable | invalid | no response,,,
TC045Q10NA,TC045,,,您的師資教育或培訓課程，或其他專業資格，是否包括了下列主題？,Included in my teacher education or training programme or other professional qualification,在多元文化或多語言的環境下教學,官方,Teaching in a multicultural or multilingual setting,Included in my teacher education or training programme or other professional qualification | Not selected | valid skip (filter rule) | system missing | not administered/not applicable | invalid | no response,Included in my teacher education or training programme or other professional qualification | Not selected | valid skip (filter rule) | system missing | not administered/not applicable | invalid | no response,,,
TC045Q10NB,TC045,,,您的師資教育或培訓課程，或其他專業資格，是否包括了下列主題？,Included in my professional development activities during the last 12 months,,,Teaching in a multicultural or multilingual setting,Included in my professional development activities during the last 12 months | Not selected | valid skip (filter rule) | system missing | not administered/not applicable | invalid | no response,Included in my professional development activities during the last 12 months | Not selected | valid skip (filter rule) | system missing | not administered/not applicable | invalid | no response,,,
TC045Q14,TC045,,,您的師資教育或培訓課程，或其他專業資格，是否包括了下列主題？,Content overlap between initial education and professional development,,,Use of evaluation results,otherwise. | content included in initial training and in professional development | valid skip (filter rule) | system missing | not administered/not applicable | invalid | no response,otherwise. | content included in initial training and in professional development | valid skip (filter rule) | system missing | not administered/not applicable | invalid | no response,,,
TC045Q14NA,TC045,,,您的師資教育或培訓課程，或其他專業資格，是否包括了下列主題？,Included in my teacher education or training programme or other professional qualification,評鑑結果的運用,官方,Use of evaluation results,Included in my teacher education or training programme or other professional qualification | Not selected | valid skip (filter rule) | system missing | not administered/not applicable | invalid | no response,Included in my teacher education or training programme or other professional qualification | Not selected | valid skip (filter rule) | system missing | not administered/not applicable | invalid | no response,,,
TC045Q14NB,TC045,,,您的師資教育或培訓課程，或其他專業資格，是否包括了下列主題？,Included in my professional development activities during the last 12 months,,,Use of evaluation results,Included in my professional development activities during the last 12 months | Not selected | valid skip (filter rule) | system missing | not administered/not applicable | invalid | no response,Included in my professional development activities during the last 12 months | Not selected | valid skip (filter rule) | system missing | not administered/not applicable | invalid | no response,,,
TC045Q15,TC045,,,您的師資教育或培訓課程，或其他專業資格，是否包括了下列主題？,Content overlap between initial education and professional development,,,Teacher-parent co-operation,otherwise. | content included in initial training and in professional development | valid skip (filter rule) | system missing | not administered/not applicable | invalid | no response,otherwise. | content included in initial training and in professional development | valid skip (filter rule) | system missing | not administered/not applicable | invalid | no response,,,
TC045Q15NA,TC045,,,您的師資教育或培訓課程，或其他專業資格，是否包括了下列主題？,Included in my teacher education or training programme or other professional qualification,親師合作,官方,Teacher-parent co-operation,Included in my teacher education or training programme or other professional qualification | Not selected | valid skip (filter rule) | system missing | not administered/not applicable | invalid | no response,Included in my teacher education or training programme or other professional qualification | Not selected | valid skip (filter rule) | system missing | not administered/not applicable | invalid | no response,,,
TC045Q15NB,TC045,,,您的師資教育或培訓課程，或其他專業資格，是否包括了下列主題？,Included in my professional development activities during the last 12 months,,,Teacher-parent co-operation,Included in my professional development activities during the last 12 months | Not selected | valid skip (filter rule) | system missing | not administered/not applicable | invalid | no response,Included in my professional development activities during the last 12 months | Not selected | valid skip (filter rule) | system missing | not administered/not applicable | invalid | no response,,,
TC045Q16,TC045,,,您的師資教育或培訓課程，或其他專業資格，是否包括了下列主題？,Content overlap between initial education and professional development,,,Second language teaching,otherwise. | content included in initial training and in professional development | valid skip (filter rule) | system missing | not administered/not applicable | invalid | no response,otherwise. | content included in initial training and in professional development | valid skip (filter rule) | system missing | not administered/not applicable | invalid | no response,,,
TC045Q16HA,TC045,,,您的師資教育或培訓課程，或其他專業資格，是否包括了下列主題？,Included in my teacher education or training programme or other professional qualification,第二外語教學,官方,Second language teaching,Included in my teacher education or training programme or other professional qualification | Not selected | valid skip (filter rule) | system missing | not administered/not applicable | invalid | no response,Included in my teacher education or training programme or other professional qualification | Not selected | valid skip (filter rule) | system missing | not administered/not applicable | invalid | no response,,,
TC045Q16HB,TC045,,,您的師資教育或培訓課程，或其他專業資格，是否包括了下列主題？,Included in my professional development activities during the last 12 months,,,Second language teaching,Included in my professional development activities during the last 12 months | Not selected | valid skip (filter rule) | system missing | not administered/not applicable | invalid | no response,Included in my professional development activities during the last 12 months | Not selected | valid skip (filter rule) | system missing | not administered/not applicable | invalid | no response,,,
TC045Q18,TC045,,,您的師資教育或培訓課程，或其他專業資格，是否包括了下列主題？,Content overlap between initial education and professional development,,,Teaching about equity and diversity,otherwise. | content included in initial training and in professional development | valid skip (filter rule) | system missing | not administered/not applicable | invalid | no response,otherwise. | content included in initial training and in professional development | valid skip (filter rule) | system missing | not administered/not applicable | invalid | no response,,,
TC045Q18HA,TC045,,,您的師資教育或培訓課程，或其他專業資格，是否包括了下列主題？,Included in my teacher education or training programme or other professional qualification,關於公平和多元化的教學,官方,Teaching about equity and diversity,Included in my teacher education or training programme or other professional qualification | Not selected | valid skip (filter rule) | system missing | not administered/not applicable | invalid | no response,Included in my teacher education or training programme or other professional qualification | Not selected | valid skip (filter rule) | system missing | not administered/not applicable | invalid | no response,,,
TC045Q18HB,TC045,,,您的師資教育或培訓課程，或其他專業資格，是否包括了下列主題？,Included in my professional development activities during the last 12 months,,,Teaching about equity and diversity,Included in my professional development activities during the last 12 months | Not selected | valid skip (filter rule) | system missing | not administered/not applicable | invalid | no response,Included in my professional development activities during the last 12 months | Not selected | valid skip (filter rule) | system missing | not administered/not applicable | invalid | no response,,,
TC045Q19,TC045,,,您的師資教育或培訓課程，或其他專業資格，是否包括了下列主題？,Content overlap between initial education and professional development,,,Using digital tools to communicate with students or parents,otherwise. | content included in initial training and in professional development | valid skip (filter rule) | system missing | not administered/not applicable | invalid | no response,otherwise. | content included in initial training and in professional development | valid skip (filter rule) | system missing | not administered/not applicable | invalid | no response,,,
TC045Q19DA,TC045,,,您的師資教育或培訓課程，或其他專業資格，是否包括了下列主題？,Included in my teacher education or training programme or other professional qualification,使用數位工具與學生或家長溝通,官方,Using digital tools to communicate with students or parents,Included in my teacher education or training programme or other professional qualification | Not selected | valid skip (filter rule) | system missing | not administered/not applicable | invalid | no response,Included in my teacher education or training programme or other professional qualification | Not selected | valid skip (filter rule) | system missing | not administered/not applicable | invalid | no response,,,
TC045Q19DB,TC045,,,您的師資教育或培訓課程，或其他專業資格，是否包括了下列主題？,Included in my professional development activities during the last 12 months,,,Using digital tools to communicate with students or parents,Included in my professional development activities during the last 12 months | Not selected | valid skip (filter rule) | system missing | not administered/not applicable | invalid | no response,Included in my professional development activities during the last 12 months | Not selected | valid skip (filter rule) | system missing | not administered/not applicable | invalid | no response,,,
TC045Q20,TC045,,,您的師資教育或培訓課程，或其他專業資格，是否包括了下列主題？,Content overlap between initial education and professional development,,,Teaching self-regulated learning skills,otherwise. | content included in initial training and in professional development | valid skip (filter rule) | system missing | not administered/not applicable | invalid | no response,otherwise. | content included in initial training and in professional development | valid skip (filter rule) | system missing | not administered/not applicable | invalid | no response,,,
TC045Q20DA,TC045,,,您的師資教育或培訓課程，或其他專業資格，是否包括了下列主題？,Included in my teacher education or training programme or other professional qualification,自律學習技巧的教學,官方,Teaching self-regulated learning skills,Included in my teacher education or training programme or other professional qualification | Not selected | valid skip (filter rule) | system missing | not administered/not applicable | invalid | no response,Included in my teacher education or training programme or other professional qualification | Not selected | valid skip (filter rule) | system missing | not administered/not applicable | invalid | no response,,,
TC045Q20DB,TC045,,,您的師資教育或培訓課程，或其他專業資格，是否包括了下列主題？,Included in my professional development activities during the last 12 months,,,Teaching self-regulated learning skills,Included in my professional development activities during the last 12 months | Not selected | valid skip (filter rule) | system missing | not administered/not applicable | invalid | no response,Included in my professional development activities during the last 12 months | Not selected | valid skip (filter rule) | system missing | not administered/not applicable | invalid | no response,,,
TC045Q21,TC045,,,您的師資教育或培訓課程，或其他專業資格，是否包括了下列主題？,Content overlap between initial education and professional development,,,Education for <sustainable development / environmental science>,otherwise. | content included in initial training and in professional development | valid skip (filter rule) | system missing | not administered/not applicable | invalid | no response,otherwise. | content included in initial training and in professional development | valid skip (filter rule) | system missing | not administered/not applicable | invalid | no response,,,
TC045Q21DA,TC045,,,您的師資教育或培訓課程，或其他專業資格，是否包括了下列主題？,Included in my teacher education or training programme or other professional qualification,永續發展／環境科學的教育,官方,Education for <sustainable development / environmental science>,Included in my teacher education or training programme or other professional qualification | Not selected | valid skip (filter rule) | system missing | not administered/not applicable | invalid | no response,Included in my teacher education or training programme or other professional qualification | Not selected | valid skip (filter rule) | system missing | not administered/not applicable | invalid | no response,,,
TC045Q21DB,TC045,,,您的師資教育或培訓課程，或其他專業資格，是否包括了下列主題？,Included in my professional development activities during the last 12 months,,,Education for <sustainable development / environmental science>,Included in my professional development activities during the last 12 months | Not selected | valid skip (filter rule) | system missing | not administered/not applicable | invalid | no response,Included in my professional development activities during the last 12 months | Not selected | valid skip (filter rule) | system missing | not administered/not applicable | invalid | no response,,,
TC045Q22,TC045,,,您的師資教育或培訓課程，或其他專業資格，是否包括了下列主題？,Content overlap between initial education and professional development,,,Teaching of critical thinking skills,otherwise. | content included in initial training and in professional development | valid skip (filter rule) | system missing | not administered/not applicable | invalid | no response,otherwise. | content included in initial training and in professional development | valid skip (filter rule) | system missing | not administered/not applicable | invalid | no response,,,
TC045Q22DA,TC045,,,您的師資教育或培訓課程，或其他專業資格，是否包括了下列主題？,Included in my teacher education or training programme or other professional qualification,批判性思考技巧的教學,官方,Teaching of critical thinking skills,Included in my teacher education or training programme or other professional qualification | Not selected | valid skip (filter rule) | system missing | not administered/not applicable | invalid | no response,Included in my teacher education or training programme or other professional qualification | Not selected | valid skip (filter rule) | system missing | not administered/not applicable | invalid | no response,,,
TC045Q22DB,TC045,,,您的師資教育或培訓課程，或其他專業資格，是否包括了下列主題？,Included in my professional development activities during the last 12 months,,,Teaching of critical thinking skills,Included in my professional development activities during the last 12 months | Not selected | valid skip (filter rule) | system missing | not administered/not applicable | invalid | no response,Included in my professional development activities during the last 12 months | Not selected | valid skip (filter rule) | system missing | not administered/not applicable | invalid | no response,,,
TC045Q23,TC045,,,您的師資教育或培訓課程，或其他專業資格，是否包括了下列主題？,Content overlap between initial education and professional development,,,"Artificial Intelligence chatbots (e.g. <ChatGPT>, <Google Bard>)",otherwise. | content included in initial training and in professional development | valid skip (filter rule) | system missing | not administered/not applicable | invalid | no response,otherwise. | content included in initial training and in professional development | valid skip (filter rule) | system missing | not administered/not applicable | invalid | no response,,,
TC045Q23DA,TC045,,,您的師資教育或培訓課程，或其他專業資格，是否包括了下列主題？,Included in my teacher education or training programme or other professional qualification,人工智慧聊天機器人（例如 ChatGPT、Google Bard）,官方,"Artificial Intelligence chatbots (e.g. <ChatGPT>, <Google Bard>)",Included in my teacher education or training programme or other professional qualification | Not selected | valid skip (filter rule) | system missing | not administered/not applicable | invalid | no response,Included in my teacher education or training programme or other professional qualification | Not selected | valid skip (filter rule) | system missing | not administered/not applicable | invalid | no response,,,
TC045Q23DB,TC045,,,您的師資教育或培訓課程，或其他專業資格，是否包括了下列主題？,Included in my professional development activities during the last 12 months,,,"Artificial Intelligence chatbots (e.g. <ChatGPT>, <Google Bard>)",Included in my professional development activities during the last 12 months | Not selected | valid skip (filter rule) | system missing | not administered/not applicable | invalid | no response,Included in my professional development activities during the last 12 months | Not selected | valid skip (filter rule) | system missing | not administered/not applicable | invalid | no response,,,
TC045Q24,TC045,,,您的師資教育或培訓課程，或其他專業資格，是否包括了下列主題？,Content overlap between initial education and professional development,,,Online/remote teaching,otherwise. | content included in initial training and in professional development | valid skip (filter rule) | system missing | not administered/not applicable | invalid | no response,otherwise. | content included in initial training and in professional development | valid skip (filter rule) | system missing | not administered/not applicable | invalid | no response,,,
TC045Q24DA,TC045,,,您的師資教育或培訓課程，或其他專業資格，是否包括了下列主題？,Included in my teacher education or training programme or other professional qualification,,,Online/remote teaching,Included in my teacher education or training programme or other professional qualification | Not selected | valid skip (filter rule) | system missing | not administered/not applicable | invalid | no response,Included in my teacher education or training programme or other professional qualification | Not selected | valid skip (filter rule) | system missing | not administered/not applicable | invalid | no response,,,
TC045Q24DB,TC045,,,您的師資教育或培訓課程，或其他專業資格，是否包括了下列主題？,Included in my professional development activities during the last 12 months,,,Online/remote teaching,Included in my professional development activities during the last 12 months | Not selected | valid skip (filter rule) | system missing | not administered/not applicable | invalid | no response,Included in my professional development activities during the last 12 months | Not selected | valid skip (filter rule) | system missing | not administered/not applicable | invalid | no response,,,
TC046Q04NA,TC046,,,平均而言，您在這所學校有多常做以下事項？,"On average, how often do you do the following in this school?",與同事交換教學材料,官方,Exchange teaching materials with colleagues,從不 | Once a year or less | 2-4 times a year | 5-10 times a year | 1-3 times a month | 一週一次以上,Never | Once a year or less | 2-4 times a year | 5-10 times a year | 1-3 times a month | Once a week or more,,,
TC046Q05NA,TC046,,,平均而言，您在這所學校有多常做以下事項？,"On average, how often do you do the following in this school?",參與有關特定學生的學習進度的討論,官方,Engage in discussions about the learning development of specific students,從不 | Once a year or less | 2-4 times a year | 5-10 times a year | 1-3 times a month | 一週一次以上,Never | Once a year or less | 2-4 times a year | 5-10 times a year | 1-3 times a month | Once a week or more,,,
TC046Q06NA,TC046,,,平均而言，您在這所學校有多常做以下事項？,"On average, how often do you do the following in this school?",與本校其他教師合作，以確保評估學生進度有一致的標準,官方,Work with other teachers in my school to ensure common standards in evaluations for assessing student progress,從不 | Once a year or less | 2-4 times a year | 5-10 times a year | 1-3 times a month | 一週一次以上,Never | Once a year or less | 2-4 times a year | 5-10 times a year | 1-3 times a month | Once a week or more,,,
TC046Q07NA,TC046,,,平均而言，您在這所學校有多常做以下事項？,"On average, how often do you do the following in this school?",出席教師團隊會議,官方,Attend team conferences,從不 | Once a year or less | 2-4 times a year | 5-10 times a year | 1-3 times a month | 一週一次以上,Never | Once a year or less | 2-4 times a year | 5-10 times a year | 1-3 times a month | Once a week or more,,,
TC046Q08DA,TC046,,,平均而言，您在這所學校有多常做以下事項？,"On average, how often do you do the following in this school?",分享如何在教學使用數位資源的好方法,官方,Share good practices about teaching with <digital resources>,從不 | Once a year or less | 2-4 times a year | 5-10 times a year | 1-3 times a month | 一週一次以上,Never | Once a year or less | 2-4 times a year | 5-10 times a year | 1-3 times a month | Once a week or more,,,
TC150Q03HA,TC150,,,在您的正規教育和（或）訓練中，您在多大程度上學習過下列領域？,"As part of your formal education and/or training, to what extent did you study the following areas?",教育心理學,官方,Educational psychology,完全不會 | Overview or introduction to topic | It was an area of emphasis | valid skip (filter rule) | system missing | not administered/not applicable | invalid | no response,Not at all | Overview or introduction to topic | It was an area of emphasis | valid skip (filter rule) | system missing | not administered/not applicable | invalid | no response,,,
TC150Q06HA,TC150,,,在您的正規教育和（或）訓練中，您在多大程度上學習過下列領域？,"As part of your formal education and/or training, to what extent did you study the following areas?",特殊教育,官方,Special education,完全不會 | Overview or introduction to topic | It was an area of emphasis | valid skip (filter rule) | system missing | not administered/not applicable | invalid | no response,Not at all | Overview or introduction to topic | It was an area of emphasis | valid skip (filter rule) | system missing | not administered/not applicable | invalid | no response,,,
TC150Q09DA,TC150,,,在您的正規教育和（或）訓練中，您在多大程度上學習過下列領域？,"As part of your formal education and/or training, to what extent did you study the following areas?",綜合科學,官方,"<General, integrated, or comprehensive science>",完全不會 | Overview or introduction to topic | It was an area of emphasis | valid skip (filter rule) | system missing | not administered/not applicable | invalid | no response,Not at all | Overview or introduction to topic | It was an area of emphasis | valid skip (filter rule) | system missing | not administered/not applicable | invalid | no response,,,
TC150Q10DA,TC150,,,在您的正規教育和（或）訓練中，您在多大程度上學習過下列領域？,"As part of your formal education and/or training, to what extent did you study the following areas?",教學法／科學科教學,官方,Pedagogy/teaching Science,完全不會 | Overview or introduction to topic | It was an area of emphasis | valid skip (filter rule) | system missing | not administered/not applicable | invalid | no response,Not at all | Overview or introduction to topic | It was an area of emphasis | valid skip (filter rule) | system missing | not administered/not applicable | invalid | no response,,,
TC150Q12DA,TC150,,,在您的正規教育和（或）訓練中，您在多大程度上學習過下列領域？,"As part of your formal education and/or training, to what extent did you study the following areas?",科學科的評量方法,官方,Assessment methods in Science,完全不會 | Overview or introduction to topic | It was an area of emphasis | valid skip (filter rule) | system missing | not administered/not applicable | invalid | no response,Not at all | Overview or introduction to topic | It was an area of emphasis | valid skip (filter rule) | system missing | not administered/not applicable | invalid | no response,,,
TC150Q13DA,TC150,,,在您的正規教育和（或）訓練中，您在多大程度上學習過下列領域？,"As part of your formal education and/or training, to what extent did you study the following areas?",環境科學／永續教育,官方,< Environmental Science/ Education for Sustainability>,完全不會 | Overview or introduction to topic | It was an area of emphasis | valid skip (filter rule) | system missing | not administered/not applicable | invalid | no response,Not at all | Overview or introduction to topic | It was an area of emphasis | valid skip (filter rule) | system missing | not administered/not applicable | invalid | no response,,,
TC150Q14DA,TC150,,,在您的正規教育和（或）訓練中，您在多大程度上學習過下列領域？,"As part of your formal education and/or training, to what extent did you study the following areas?",實驗室的科學教學,官方,Science teaching in the laboratory,完全不會 | Overview or introduction to topic | It was an area of emphasis | valid skip (filter rule) | system missing | not administered/not applicable | invalid | no response,Not at all | Overview or introduction to topic | It was an area of emphasis | valid skip (filter rule) | system missing | not administered/not applicable | invalid | no response,,,
TC150Q15DA,TC150,,,在您的正規教育和（或）訓練中，您在多大程度上學習過下列領域？,"As part of your formal education and/or training, to what extent did you study the following areas?",生物,官方,Biology,完全不會 | Overview or introduction to topic | It was an area of emphasis | valid skip (filter rule) | system missing | not administered/not applicable | invalid | no response,Not at all | Overview or introduction to topic | It was an area of emphasis | valid skip (filter rule) | system missing | not administered/not applicable | invalid | no response,,,
TC150Q16DA,TC150,,,在您的正規教育和（或）訓練中，您在多大程度上學習過下列領域？,"As part of your formal education and/or training, to what extent did you study the following areas?",化學,官方,Chemistry,完全不會 | Overview or introduction to topic | It was an area of emphasis | valid skip (filter rule) | system missing | not administered/not applicable | invalid | no response,Not at all | Overview or introduction to topic | It was an area of emphasis | valid skip (filter rule) | system missing | not administered/not applicable | invalid | no response,,,
TC150Q17DA,TC150,,,在您的正規教育和（或）訓練中，您在多大程度上學習過下列領域？,"As part of your formal education and/or training, to what extent did you study the following areas?",物理,官方,Physics,完全不會 | Overview or introduction to topic | It was an area of emphasis | valid skip (filter rule) | system missing | not administered/not applicable | invalid | no response,Not at all | Overview or introduction to topic | It was an area of emphasis | valid skip (filter rule) | system missing | not administered/not applicable | invalid | no response,,,
TC150Q18DA,TC150,,,在您的正規教育和（或）訓練中，您在多大程度上學習過下列領域？,"As part of your formal education and/or training, to what extent did you study the following areas?",地球科學／地質學,官方,Earth Science /Geology,完全不會 | Overview or introduction to topic | It was an area of emphasis | valid skip (filter rule) | system missing | not administered/not applicable | invalid | no response,Not at all | Overview or introduction to topic | It was an area of emphasis | valid skip (filter rule) | system missing | not administered/not applicable | invalid | no response,,,
TC150Q20DA,TC150,,,在您的正規教育和（或）訓練中，您在多大程度上學習過下列領域？,"As part of your formal education and/or training, to what extent did you study the following areas?",教育科技,官方,<Educational technology>,完全不會 | Overview or introduction to topic | It was an area of emphasis | valid skip (filter rule) | system missing | not administered/not applicable | invalid | no response,Not at all | Overview or introduction to topic | It was an area of emphasis | valid skip (filter rule) | system missing | not administered/not applicable | invalid | no response,,,
TC185Q01HA,TC185,,,請就下列的各個領域，指出您目前需要的專業發展程度,"For each of the areas listed below, please indicate the degree to which you currently need professional development.",我的學科領域的知識與理解,官方,Knowledge and understanding of my subject field(s),No need at present | Low level of need | Moderate level of need | High level of need | valid skip (filter rule) | system missing | not administered/not applicable | invalid | no response,No need at present | Low level of need | Moderate level of need | High level of need | valid skip (filter rule) | system missing | not administered/not applicable | invalid | no response,,,
TC185Q02HA,TC185,,,請就下列的各個領域，指出您目前需要的專業發展程度,"For each of the areas listed below, please indicate the degree to which you currently need professional development.",我任教學科領域的教育能力,官方,Pedagogical competencies in teaching my subject field(s),No need at present | Low level of need | Moderate level of need | High level of need | valid skip (filter rule) | system missing | not administered/not applicable | invalid | no response,No need at present | Low level of need | Moderate level of need | High level of need | valid skip (filter rule) | system missing | not administered/not applicable | invalid | no response,,,
TC185Q04HA,TC185,,,請就下列的各個領域，指出您目前需要的專業發展程度,"For each of the areas listed below, please indicate the degree to which you currently need professional development.",學生評量實務,官方,Student assessment practices,No need at present | Low level of need | Moderate level of need | High level of need | valid skip (filter rule) | system missing | not administered/not applicable | invalid | no response,No need at present | Low level of need | Moderate level of need | High level of need | valid skip (filter rule) | system missing | not administered/not applicable | invalid | no response,,,
TC185Q05HA,TC185,,,請就下列的各個領域，指出您目前需要的專業發展程度,"For each of the areas listed below, please indicate the degree to which you currently need professional development.",在教學上使用資訊及通訊科技的技巧,官方,ICT (information and communication technology) skills for teaching,No need at present | Low level of need | Moderate level of need | High level of need | valid skip (filter rule) | system missing | not administered/not applicable | invalid | no response,No need at present | Low level of need | Moderate level of need | High level of need | valid skip (filter rule) | system missing | not administered/not applicable | invalid | no response,,,
TC185Q06HA,TC185,,,請就下列的各個領域，指出您目前需要的專業發展程度,"For each of the areas listed below, please indicate the degree to which you currently need professional development.",學生行為及班級經營,官方,Student behaviour and classroom management,No need at present | Low level of need | Moderate level of need | High level of need | valid skip (filter rule) | system missing | not administered/not applicable | invalid | no response,No need at present | Low level of need | Moderate level of need | High level of need | valid skip (filter rule) | system missing | not administered/not applicable | invalid | no response,,,
TC185Q08HA,TC185,,,請就下列的各個領域，指出您目前需要的專業發展程度,"For each of the areas listed below, please indicate the degree to which you currently need professional development.",個人學習策略,官方,Approaches to individualised learning,No need at present | Low level of need | Moderate level of need | High level of need | valid skip (filter rule) | system missing | not administered/not applicable | invalid | no response,No need at present | Low level of need | Moderate level of need | High level of need | valid skip (filter rule) | system missing | not administered/not applicable | invalid | no response,,,
TC185Q09HA,TC185,,,請就下列的各個領域，指出您目前需要的專業發展程度,"For each of the areas listed below, please indicate the degree to which you currently need professional development.",教導有特殊需求的學生,官方,Teaching students with special needs,No need at present | Low level of need | Moderate level of need | High level of need | valid skip (filter rule) | system missing | not administered/not applicable | invalid | no response,No need at present | Low level of need | Moderate level of need | High level of need | valid skip (filter rule) | system missing | not administered/not applicable | invalid | no response,,,
TC185Q10HA,TC185,,,請就下列的各個領域，指出您目前需要的專業發展程度,"For each of the areas listed below, please indicate the degree to which you currently need professional development.",在多元文化或多語言的環境下教學,官方,Teaching in a multicultural or multilingual setting,No need at present | Low level of need | Moderate level of need | High level of need | valid skip (filter rule) | system missing | not administered/not applicable | invalid | no response,No need at present | Low level of need | Moderate level of need | High level of need | valid skip (filter rule) | system missing | not administered/not applicable | invalid | no response,,,
TC185Q14HA,TC185,,,請就下列的各個領域，指出您目前需要的專業發展程度,"For each of the areas listed below, please indicate the degree to which you currently need professional development.",評鑑結果的運用,官方,Use of evaluation results,No need at present | Low level of need | Moderate level of need | High level of need | valid skip (filter rule) | system missing | not administered/not applicable | invalid | no response,No need at present | Low level of need | Moderate level of need | High level of need | valid skip (filter rule) | system missing | not administered/not applicable | invalid | no response,,,
TC185Q15HA,TC185,,,請就下列的各個領域，指出您目前需要的專業發展程度,"For each of the areas listed below, please indicate the degree to which you currently need professional development.",親師合作,官方,Teacher-parent co-operation,No need at present | Low level of need | Moderate level of need | High level of need | valid skip (filter rule) | system missing | not administered/not applicable | invalid | no response,No need at present | Low level of need | Moderate level of need | High level of need | valid skip (filter rule) | system missing | not administered/not applicable | invalid | no response,,,
TC185Q18HA,TC185,,,請就下列的各個領域，指出您目前需要的專業發展程度,"For each of the areas listed below, please indicate the degree to which you currently need professional development.",關於公平和多元化的教學,官方,Teaching about equity and diversity,No need at present | Low level of need | Moderate level of need | High level of need | valid skip (filter rule) | system missing | not administered/not applicable | invalid | no response,No need at present | Low level of need | Moderate level of need | High level of need | valid skip (filter rule) | system missing | not administered/not applicable | invalid | no response,,,
TC185Q21DA,TC185,,,請就下列的各個領域，指出您目前需要的專業發展程度,"For each of the areas listed below, please indicate the degree to which you currently need professional development.",自律學習技巧的教學,官方,Teaching self-regulated learning skills,No need at present | Low level of need | Moderate level of need | High level of need | valid skip (filter rule) | system missing | not administered/not applicable | invalid | no response,No need at present | Low level of need | Moderate level of need | High level of need | valid skip (filter rule) | system missing | not administered/not applicable | invalid | no response,,,
TC185Q22DA,TC185,,,請就下列的各個領域，指出您目前需要的專業發展程度,"For each of the areas listed below, please indicate the degree to which you currently need professional development.",永續發展／環境科學的教育,官方,Education for <sustainable development / environmental science>,No need at present | Low level of need | Moderate level of need | High level of need | valid skip (filter rule) | system missing | not administered/not applicable | invalid | no response,No need at present | Low level of need | Moderate level of need | High level of need | valid skip (filter rule) | system missing | not administered/not applicable | invalid | no response,,,
TC185Q23DA,TC185,,,請就下列的各個領域，指出您目前需要的專業發展程度,"For each of the areas listed below, please indicate the degree to which you currently need professional development.",批判性思考技巧的教學,官方,Teaching of critical thinking skills,No need at present | Low level of need | Moderate level of need | High level of need | valid skip (filter rule) | system missing | not administered/not applicable | invalid | no response,No need at present | Low level of need | Moderate level of need | High level of need | valid skip (filter rule) | system missing | not administered/not applicable | invalid | no response,,,
TC185Q24DA,TC185,,,請就下列的各個領域，指出您目前需要的專業發展程度,"For each of the areas listed below, please indicate the degree to which you currently need professional development.",人工智慧聊天機器人（例如ChatGPT、Google Bard）,官方,"Artificial Intelligence chatbots (e.g. <ChatGPT>, <Google Bard>)",No need at present | Low level of need | Moderate level of need | High level of need | valid skip (filter rule) | system missing | not administered/not applicable | invalid | no response,No need at present | Low level of need | Moderate level of need | High level of need | valid skip (filter rule) | system missing | not administered/not applicable | invalid | no response,,,
TC199Q01HA,TC199,,,在您的教學中，您在多大程度上能夠做到以下事項？,"In your teaching, to what extent can you do the following?",讓學生相信自己能夠在學業上表現良好,官方,Get students to believe they can do well in schoolwork,完全不會 | 有一些 | Quite a bit | A lot | valid skip (filter rule) | system missing | not administered/not applicable | invalid | no response,Not at all | To some extent | Quite a bit | A lot | valid skip (filter rule) | system missing | not administered/not applicable | invalid | no response,,,
TC199Q02HA,TC199,,,在您的教學中，您在多大程度上能夠做到以下事項？,"In your teaching, to what extent can you do the following?",幫助學生重視學習,官方,Help my students value learning,完全不會 | 有一些 | Quite a bit | A lot | valid skip (filter rule) | system missing | not administered/not applicable | invalid | no response,Not at all | To some extent | Quite a bit | A lot | valid skip (filter rule) | system missing | not administered/not applicable | invalid | no response,,,
TC199Q03HA,TC199,,,在您的教學中，您在多大程度上能夠做到以下事項？,"In your teaching, to what extent can you do the following?",為我的學生設計好的問題,官方,Craft good questions for my students,完全不會 | 有一些 | Quite a bit | A lot | valid skip (filter rule) | system missing | not administered/not applicable | invalid | no response,Not at all | To some extent | Quite a bit | A lot | valid skip (filter rule) | system missing | not administered/not applicable | invalid | no response,,,
TC199Q04HA,TC199,,,在您的教學中，您在多大程度上能夠做到以下事項？,"In your teaching, to what extent can you do the following?",控制教室裡的破壞行為,官方,Control disruptive behaviour in the classroom,完全不會 | 有一些 | Quite a bit | A lot | valid skip (filter rule) | system missing | not administered/not applicable | invalid | no response,Not at all | To some extent | Quite a bit | A lot | valid skip (filter rule) | system missing | not administered/not applicable | invalid | no response,,,
TC199Q05HA,TC199,,,在您的教學中，您在多大程度上能夠做到以下事項？,"In your teaching, to what extent can you do the following?",激勵對學業興趣不高的學生,官方,Motivate students who show low interest in schoolwork,完全不會 | 有一些 | Quite a bit | A lot | valid skip (filter rule) | system missing | not administered/not applicable | invalid | no response,Not at all | To some extent | Quite a bit | A lot | valid skip (filter rule) | system missing | not administered/not applicable | invalid | no response,,,
TC199Q06HA,TC199,,,在您的教學中，您在多大程度上能夠做到以下事項？,"In your teaching, to what extent can you do the following?",向學生明確表達我對他們行為的期望,官方,Make my expectations about student behaviour clear,完全不會 | 有一些 | Quite a bit | A lot | valid skip (filter rule) | system missing | not administered/not applicable | invalid | no response,Not at all | To some extent | Quite a bit | A lot | valid skip (filter rule) | system missing | not administered/not applicable | invalid | no response,,,
TC199Q07HA,TC199,,,在您的教學中，您在多大程度上能夠做到以下事項？,"In your teaching, to what extent can you do the following?",幫助學生批判性思考,官方,Help students think critically,完全不會 | 有一些 | Quite a bit | A lot | valid skip (filter rule) | system missing | not administered/not applicable | invalid | no response,Not at all | To some extent | Quite a bit | A lot | valid skip (filter rule) | system missing | not administered/not applicable | invalid | no response,,,
TC199Q08HA,TC199,,,在您的教學中，您在多大程度上能夠做到以下事項？,"In your teaching, to what extent can you do the following?",讓學生遵守教室規則,官方,Get students to follow classroom rules,完全不會 | 有一些 | Quite a bit | A lot | valid skip (filter rule) | system missing | not administered/not applicable | invalid | no response,Not at all | To some extent | Quite a bit | A lot | valid skip (filter rule) | system missing | not administered/not applicable | invalid | no response,,,
TC199Q09HA,TC199,,,在您的教學中，您在多大程度上能夠做到以下事項？,"In your teaching, to what extent can you do the following?",讓有破壞行為或吵鬧的學生安靜下來,官方,Calm a student who is disruptive or noisy,完全不會 | 有一些 | Quite a bit | A lot | valid skip (filter rule) | system missing | not administered/not applicable | invalid | no response,Not at all | To some extent | Quite a bit | A lot | valid skip (filter rule) | system missing | not administered/not applicable | invalid | no response,,,
TC199Q10HA,TC199,,,在您的教學中，您在多大程度上能夠做到以下事項？,"In your teaching, to what extent can you do the following?",使用各種不同的評估策略,官方,Use a variety of assessment strategies,完全不會 | 有一些 | Quite a bit | A lot | valid skip (filter rule) | system missing | not administered/not applicable | invalid | no response,Not at all | To some extent | Quite a bit | A lot | valid skip (filter rule) | system missing | not administered/not applicable | invalid | no response,,,
TC199Q11HA,TC199,,,在您的教學中，您在多大程度上能夠做到以下事項？,"In your teaching, to what extent can you do the following?",當學生感到困惑時，提出另一種替代解釋,官方,Provide an alternative explanation for example when students are confused,完全不會 | 有一些 | Quite a bit | A lot | valid skip (filter rule) | system missing | not administered/not applicable | invalid | no response,Not at all | To some extent | Quite a bit | A lot | valid skip (filter rule) | system missing | not administered/not applicable | invalid | no response,,,
TC199Q12HA,TC199,,,在您的教學中，您在多大程度上能夠做到以下事項？,"In your teaching, to what extent can you do the following?",在我的班級裡實施替代教學策略（alternative instructionalstrategies),官方,Implement alternative instructional strategies in my classroom,完全不會 | 有一些 | Quite a bit | A lot | valid skip (filter rule) | system missing | not administered/not applicable | invalid | no response,Not at all | To some extent | Quite a bit | A lot | valid skip (filter rule) | system missing | not administered/not applicable | invalid | no response,,,
TC199Q13DA,TC199,,,在您的教學中，您在多大程度上能夠做到以下事項？,"In your teaching, to what extent can you do the following?",教導學生如何更有效地自主學習,官方,Teach students how to learn more effectively on their own,完全不會 | 有一些 | Quite a bit | A lot | valid skip (filter rule) | system missing | not administered/not applicable | invalid | no response,Not at all | To some extent | Quite a bit | A lot | valid skip (filter rule) | system missing | not administered/not applicable | invalid | no response,,,
TC199Q14DA,TC199,,,在您的教學中，您在多大程度上能夠做到以下事項？,"In your teaching, to what extent can you do the following?",教導學生如何更有效地使用數位資源來學習,官方,Teach students how to learn more effectively with <digital resources>,完全不會 | 有一些 | Quite a bit | A lot | valid skip (filter rule) | system missing | not administered/not applicable | invalid | no response,Not at all | To some extent | Quite a bit | A lot | valid skip (filter rule) | system missing | not administered/not applicable | invalid | no response,,,
TC210Q01JA,TC210,,,您有沒有以下任何學位？,Do you have any of the following degrees?,五專（不含最後兩年）,官方,<ISCED level 3.3>,是 | 否 | valid skip (filter rule) | system missing | not administered/not applicable | invalid | no response,Yes | No | valid skip (filter rule) | system missing | not administered/not applicable | invalid | no response,,,
TC210Q02JA,TC210,,,您有沒有以下任何學位？,Do you have any of the following degrees?,高中或高職畢業,官方,<ISCED level 3.4>,是 | 否 | valid skip (filter rule) | system missing | not administered/not applicable | invalid | no response,Yes | No | valid skip (filter rule) | system missing | not administered/not applicable | invalid | no response,,,
TC210Q03JA,TC210,,,您有沒有以下任何學位？,Do you have any of the following degrees?,,,<ISCED level 4>,是 | 否 | valid skip (filter rule) | system missing | not administered/not applicable | invalid | no response,Yes | No | valid skip (filter rule) | system missing | not administered/not applicable | invalid | no response,,,
TC210Q04JA,TC210,,,您有沒有以下任何學位？,Do you have any of the following degrees?,專科學校畢業,官方,<ISCED level 5>,是 | 否 | valid skip (filter rule) | system missing | not administered/not applicable | invalid | no response,Yes | No | valid skip (filter rule) | system missing | not administered/not applicable | invalid | no response,,,
TC210Q05JA,TC210,,,您有沒有以下任何學位？,Do you have any of the following degrees?,學士學位,官方,<ISCED level 6>,是 | 否 | valid skip (filter rule) | system missing | not administered/not applicable | invalid | no response,Yes | No | valid skip (filter rule) | system missing | not administered/not applicable | invalid | no response,,,
TC210Q06JA,TC210,,,您有沒有以下任何學位？,Do you have any of the following degrees?,碩士學位,官方,<ISCED level 7>,是 | 否 | valid skip (filter rule) | system missing | not administered/not applicable | invalid | no response,Yes | No | valid skip (filter rule) | system missing | not administered/not applicable | invalid | no response,,,
TC210Q07JA,TC210,,,您有沒有以下任何學位？,Do you have any of the following degrees?,博士學位,官方,<ISCED level 8>,是 | 否 | valid skip (filter rule) | system missing | not administered/not applicable | invalid | no response,Yes | No | valid skip (filter rule) | system missing | not administered/not applicable | invalid | no response,,,
TC211Q01JA,TC211,,,您在這所學校擔任教師是哪種聘任狀態？,What is your employment status as a teacher at this school?,永久聘任（在退休年齡之前沒有固定終止點的持續合約）,官方,What is your employment status as a teacher at this school?,Permanent employment (an on-going contract with no fixed end-point before the age of retirement) | Fixed-term contract for a period of more than 1 school year | Fixed-term contract for a period of 1 school year or less | Other | valid skip (filter rule) | system missing | not administered/not applicable | invalid | no response,Permanent employment (an on-going contract with no fixed end-point before the age of retirement) | Fixed-term contract for a period of more than 1 school year | Fixed-term contract for a period of 1 school year or less | Other | valid skip (filter rule) | system missing | not administered/not applicable | invalid | no response,,,
TC212Q01JA,TC212,,,本學年，您是否教授下列教育階段？,"This school year, do you teach the following <ISCED levels>?",國中,官方,<ISCED 2>,是 | 否 | valid skip (filter rule) | system missing | not administered/not applicable | invalid | no response,Yes | No | valid skip (filter rule) | system missing | not administered/not applicable | invalid | no response,,,
TC212Q02JA,TC212,,,本學年，您是否教授下列教育階段？,"This school year, do you teach the following <ISCED levels>?",高中職或五專（不含最後兩年）,官方,<ISCED 3>,是 | 否 | valid skip (filter rule) | system missing | not administered/not applicable | invalid | no response,Yes | No | valid skip (filter rule) | system missing | not administered/not applicable | invalid | no response,,,
TC214Q01JA,TC214,,,請指出您目前在其他多少所學校擔任高一（或國三）的教師？,Please indicate at how many other schools you currently work as a teacher of <national modal grade for 15-year-olds>.,學校數目__________________11TC216 在這所學校的最近一整週內，您花了多少個小時（60 分鐘）來完成以下任務？包括發生在上課時間、週末和晚上的任務。（請輸入一個數字。請四捨五入到最近的整數小時。如果您在最近一整週內沒有進行該項任務，請輸入「0」（零）。）小時,官方,Please indicate at how many other schools you currently work as a teacher of <national modal grade for 15-year-olds>.,,,,,
TC216Q01JA_Q,TC216,,,在這所學校的最近一整週內，您花了多少個小時（60 分鐘）來完成,How many 60-minute hours did you spend on the following tasks during your most recent complete calendar week at this school?,,,Teaching,Bottom international quartile - Median: 10 | Second international quartile - Median: 15 | Third international quartile - Median: 19 | Top international quartile - Median: 25 | not administered/not applicable | no response,Bottom international quartile - Median: 10 | Second international quartile - Median: 15 | Third international quartile - Median: 19 | Top international quartile - Median: 25 | not administered/not applicable | no response,,,
TC216Q02JA_Q,TC216,,,在這所學校的最近一整週內，您花了多少個小時（60 分鐘）來完成,How many 60-minute hours did you spend on the following tasks during your most recent complete calendar week at this school?,,,Individual planning or preparation of lessons either at school or out of school,Bottom international quartile - Median: 3 | Second international quartile - Median: 5 | Third international quartile - Median: 10 | Top international quartile - Median: 16 | not administered/not applicable | no response,Bottom international quartile - Median: 3 | Second international quartile - Median: 5 | Third international quartile - Median: 10 | Top international quartile - Median: 16 | not administered/not applicable | no response,,,
TC216Q03JA_Q,TC216,,,在這所學校的最近一整週內，您花了多少個小時（60 分鐘）來完成,How many 60-minute hours did you spend on the following tasks during your most recent complete calendar week at this school?,,,Teamwork and dialogue with colleagues within this school,Bottom international quartile - Median: 1 | Second international quartile - Median: 2 | Third international quartile - Median: 3 | Top international quartile - Median: 6 | not administered/not applicable | no response,Bottom international quartile - Median: 1 | Second international quartile - Median: 2 | Third international quartile - Median: 3 | Top international quartile - Median: 6 | not administered/not applicable | no response,,,
TC216Q04JA_Q,TC216,,,在這所學校的最近一整週內，您花了多少個小時（60 分鐘）來完成,How many 60-minute hours did you spend on the following tasks during your most recent complete calendar week at this school?,,,Marking/correcting of student work,Bottom international quartile - Median: 2 | Second international quartile - Median: 3 | Third international quartile - Median: 5 | Top international quartile - Median: 10 | not administered/not applicable | no response,Bottom international quartile - Median: 2 | Second international quartile - Median: 3 | Third international quartile - Median: 5 | Top international quartile - Median: 10 | not administered/not applicable | no response,,,
TC216Q05JA_Q,TC216,,,在這所學校的最近一整週內，您花了多少個小時（60 分鐘）來完成,How many 60-minute hours did you spend on the following tasks during your most recent complete calendar week at this school?,,,"Counselling students (including student supervision, mentoring, virtual counselling, career guidance and behaviour guidance)",Bottom international quartile | Second international quartile | Third international quartile | Top international quartile | not administered/not applicable | no response,Bottom international quartile | Second international quartile | Third international quartile | Top international quartile | not administered/not applicable | no response,,,
TC216Q06JA_Q,TC216,,,在這所學校的最近一整週內，您花了多少個小時（60 分鐘）來完成,How many 60-minute hours did you spend on the following tasks during your most recent complete calendar week at this school?,,,"General administrative work (including communication, paperwork and other clerical duties)",Bottom international quartile - Median: 1 | Second international quartile - Median: 2 | Third international quartile - Median: 3 | Top international quartile - Median: 7 | not administered/not applicable | no response,Bottom international quartile - Median: 1 | Second international quartile - Median: 2 | Third international quartile - Median: 3 | Top international quartile - Median: 7 | not administered/not applicable | no response,,,
TC216Q07JA_Q,TC216,,,在這所學校的最近一整週內，您花了多少個小時（60 分鐘）來完成,How many 60-minute hours did you spend on the following tasks during your most recent complete calendar week at this school?,,,Communication and co-operation with parents or guardians,Bottom international quartile - Median: 0 | Second international quartile - Median:  1 | Third international quartile - Median: 2 | Top international quartile - Median: 5 | not administered/not applicable | no response,Bottom international quartile - Median: 0 | Second international quartile - Median:  1 | Third international quartile - Median: 2 | Top international quartile - Median: 5 | not administered/not applicable | no response,,,
TC216Q08JA_Q,TC216,,,在這所學校的最近一整週內，您花了多少個小時（60 分鐘）來完成,How many 60-minute hours did you spend on the following tasks during your most recent complete calendar week at this school?,,,Engaging in extracurricular activities (e.g. sports and cultural activities after school),Bottom international quartile - Median: 0 | Second international quartile - Median: 1 | Third international quartile - Median: 2 | Top international quartile - Median: 5 | not administered/not applicable | no response,Bottom international quartile - Median: 0 | Second international quartile - Median: 1 | Third international quartile - Median: 2 | Top international quartile - Median: 5 | not administered/not applicable | no response,,,
TC220Q02JA,TC220,,,本學年，您有多常進行以下活動？,"This school year, how often did you do the following activities?",使用數位資源設計任務,官方,Use <digital resources> to design tasks,從不或幾乎從不 | 大約一年一到兩次 | 大約一個月一到兩次 | 大約一週一到兩次 | 每天或幾乎每天,Never or almost never | About once or twice a year | About once or twice a month | About once or twice a week | Every day or almost every day,,,
TC220Q06JA,TC220,,,本學年，您有多常進行以下活動？,"This school year, how often did you do the following activities?",使用數位資源讓學生可以協作,官方,Use <digital resources> to enable student collaboration,從不或幾乎從不 | 大約一年一到兩次 | 大約一個月一到兩次 | 大約一週一到兩次 | 每天或幾乎每天,Never or almost never | About once or twice a year | About once or twice a month | About once or twice a week | Every day or almost every day,,,
TC220Q10JA,TC220,,,本學年，您有多常進行以下活動？,"This school year, how often did you do the following activities?",使用線上工具或電腦化測驗來評估學生的學習,官方,Use online tools or computer-based testing to assess students’ learning,從不或幾乎從不 | 大約一年一到兩次 | 大約一個月一到兩次 | 大約一週一到兩次 | 每天或幾乎每天,Never or almost never | About once or twice a year | About once or twice a month | About once or twice a week | Every day or almost every day,,,
TC220Q11JA,TC220,,,本學年，您有多常進行以下活動？,"This school year, how often did you do the following activities?",使用數位資源與同事分享想法或資源,官方,Use <digital resources> to share ideas or resources with colleagues,從不或幾乎從不 | 大約一年一到兩次 | 大約一個月一到兩次 | 大約一週一到兩次 | 每天或幾乎每天,Never or almost never | About once or twice a year | About once or twice a month | About once or twice a week | Every day or almost every day,,,
TC220Q14DA,TC220,,,本學年，您有多常進行以下活動？,"This school year, how often did you do the following activities?","使用數位學習遊戲（例如：PaGamO,Classcraft,CodeCombat,Swift Playgrounds）作為教材",官方,"Use digital learning games (e.g. <Atlantis Remixed>, <Duolingo®>) as teaching materials",從不或幾乎從不 | 大約一年一到兩次 | 大約一個月一到兩次 | 大約一週一到兩次 | 每天或幾乎每天,Never or almost never | About once or twice a year | About once or twice a month | About once or twice a week | Every day or almost every day,,,
TC220Q15DA,TC220,,,本學年，您有多常進行以下活動？,"This school year, how often did you do the following activities?",使用人工智慧聊天機器人（例如ChatGPT、Google Bard）來準備課程,官方,"Use Artificial Intelligence chatbots (e.g. <ChatGPT>, <Google Bard>) to prepare lessons",從不或幾乎從不 | 大約一年一到兩次 | 大約一個月一到兩次 | 大約一週一到兩次 | 每天或幾乎每天,Never or almost never | About once or twice a year | About once or twice a month | About once or twice a week | Every day or almost every day,,,
TC261Q01DA,TC261,,,就工作時數而言，您目前擔任教師的聘任狀態是：,"What is your current employment status as a teacher, in terms of working hours?",我在這所學校的聘任狀態,官方,My employment status at this school,Full-time (more than 90% of full-time hours) | Part-time (71-90% of full-time hours) | Part-time (50-70% of full-time hours) | Part-time (less than 50% of full-time hours) | valid skip (filter rule) | system missing | not administered/not applicable | invalid | no response,Full-time (more than 90% of full-time hours) | Part-time (71-90% of full-time hours) | Part-time (50-70% of full-time hours) | Part-time (less than 50% of full-time hours) | valid skip (filter rule) | system missing | not administered/not applicable | invalid | no response,,,
TC261Q02JA,TC261,,,就工作時數而言，您目前擔任教師的聘任狀態是：,"What is your current employment status as a teacher, in terms of working hours?",我所有的教職加起來的聘任狀態,官方,All my teaching employments together,Full-time (more than 90% of full-time hours) | Part-time (71-90% of full-time hours) | Part-time (50-70% of full-time hours) | Part-time (less than 50% of full-time hours) | valid skip (filter rule) | system missing | not administered/not applicable | invalid | no response,Full-time (more than 90% of full-time hours) | Part-time (71-90% of full-time hours) | Part-time (50-70% of full-time hours) | Part-time (less than 50% of full-time hours) | valid skip (filter rule) | system missing | not administered/not applicable | invalid | no response,,,
TC400Q01DA,TC400,,,您的性別是？,What is your gender?,,,What is your gender?,Female | Male | <Country specific> | valid skip (filter rule) | system missing | not administered/not applicable | invalid | no response,Female | Male | <Country specific> | valid skip (filter rule) | system missing | not administered/not applicable | invalid | no response,,,
TC401Q01DA,TC401,,,貴校如何安排自然科學教學？,How is <school science> instruction organized at your school?,,,How is <school science> instruction organized at your school?,"It is divided into separate subject classes (e.g. biology, physics, and chemistry) | It is combined/integrated in a “general” science class | valid skip (filter rule) | system missing | not administered/not applicable | invalid | no response","It is divided into separate subject classes (e.g. biology, physics, and chemistry) | It is combined/integrated in a “general” science class | valid skip (filter rule) | system missing | not administered/not applicable | invalid | no response",,,
TC402Q01DA,TC402,,,自然科學課是否為學生的必修課？,Are <school science> classes compulsory for students?,,,Are <school science> classes compulsory for students?,是 | 否 | valid skip (filter rule) | system missing | not administered/not applicable | invalid | no response,Yes | No | valid skip (filter rule) | system missing | not administered/not applicable | invalid | no response,,,
TC403Q01DA,TC403,,,整個學年是否都有教授自然科學課？,Are <school science> classes taught for the entire school year?,,,Are <school science> classes taught for the entire school year?,是 | 否 | valid skip (filter rule) | system missing | not administered/not applicable | invalid | no response,Yes | No | valid skip (filter rule) | system missing | not administered/not applicable | invalid | no response,,,
TC404Q01DA,TC404,,,科學科教師是否教授一個或超過一個的自然科學的學科領域？,Do science teachers teach one or more than one subject area of school science?,,,Do science teachers teach one or more than one subject area of school science?,One subject area of school science | More than one subject area of school science | valid skip (filter rule) | system missing | not administered/not applicable | invalid | no response,One subject area of school science | More than one subject area of school science | valid skip (filter rule) | system missing | not administered/not applicable | invalid | no response,,,
TC405Q01DA,TC405,,,在您的自然科學課上，學生如何分組？,How are students grouped in your <school science> classes?,,,How are students grouped in your <school science> classes?,By ability within their <school science> classes | By ability in different <school science> classes | They are not grouped at all | valid skip (filter rule) | system missing | not administered/not applicable | invalid | no response,By ability within their <school science> classes | By ability in different <school science> classes | They are not grouped at all | valid skip (filter rule) | system missing | not administered/not applicable | invalid | no response,,,
TC406Q01DA,TC406,,,在過去兩個學年，您是否有教授高一（或國三）學生下列廣義科學的,Have you taught the following areas of <school science> to students in <national modal grade for 15-year-olds> in the past two school years?,地球結構（例如：板塊構造、地層、岩石循環）,官方,"Structure of the Earth (e.g. plate tectonics, layers of the Earth, rock cycle)","否 | Yes, for one week of lessons or less | Yes, for more than one week of lessons | valid skip (filter rule) | system missing | not administered/not applicable | invalid | no response","No | Yes, for one week of lessons or less | Yes, for more than one week of lessons | valid skip (filter rule) | system missing | not administered/not applicable | invalid | no response",,,
TC406Q02DA,TC406,,,在過去兩個學年，您是否有教授高一（或國三）學生下列廣義科學的,Have you taught the following areas of <school science> to students in <national modal grade for 15-year-olds> in the past two school years?,大氣、天氣和氣候,官方,"Atmosphere, weather and climate","否 | Yes, for one week of lessons or less | Yes, for more than one week of lessons | valid skip (filter rule) | system missing | not administered/not applicable | invalid | no response","No | Yes, for one week of lessons or less | Yes, for more than one week of lessons | valid skip (filter rule) | system missing | not administered/not applicable | invalid | no response",,,
TC406Q03DA,TC406,,,在過去兩個學年，您是否有教授高一（或國三）學生下列廣義科學的,Have you taught the following areas of <school science> to students in <national modal grade for 15-year-olds> in the past two school years?,力和運動,官方,Force and motion,"否 | Yes, for one week of lessons or less | Yes, for more than one week of lessons | valid skip (filter rule) | system missing | not administered/not applicable | invalid | no response","No | Yes, for one week of lessons or less | Yes, for more than one week of lessons | valid skip (filter rule) | system missing | not administered/not applicable | invalid | no response",,,
TC406Q04DA,TC406,,,在過去兩個學年，您是否有教授高一（或國三）學生下列廣義科學的,Have you taught the following areas of <school science> to students in <national modal grade for 15-year-olds> in the past two school years?,電,官方,Electricity,"否 | Yes, for one week of lessons or less | Yes, for more than one week of lessons | valid skip (filter rule) | system missing | not administered/not applicable | invalid | no response","No | Yes, for one week of lessons or less | Yes, for more than one week of lessons | valid skip (filter rule) | system missing | not administered/not applicable | invalid | no response",,,
TC406Q05DA,TC406,,,在過去兩個學年，您是否有教授高一（或國三）學生下列廣義科學的,Have you taught the following areas of <school science> to students in <national modal grade for 15-year-olds> in the past two school years?,化學反應,官方,Chemical reactions,"否 | Yes, for one week of lessons or less | Yes, for more than one week of lessons | valid skip (filter rule) | system missing | not administered/not applicable | invalid | no response","No | Yes, for one week of lessons or less | Yes, for more than one week of lessons | valid skip (filter rule) | system missing | not administered/not applicable | invalid | no response",,,
TC406Q06DA,TC406,,,在過去兩個學年，您是否有教授高一（或國三）學生下列廣義科學的,Have you taught the following areas of <school science> to students in <national modal grade for 15-year-olds> in the past two school years?,人體結構和功能,官方,Structure and function of the human body,"否 | Yes, for one week of lessons or less | Yes, for more than one week of lessons | valid skip (filter rule) | system missing | not administered/not applicable | invalid | no response","No | Yes, for one week of lessons or less | Yes, for more than one week of lessons | valid skip (filter rule) | system missing | not administered/not applicable | invalid | no response",,,
TC406Q07DA,TC406,,,在過去兩個學年，您是否有教授高一（或國三）學生下列廣義科學的,Have you taught the following areas of <school science> to students in <national modal grade for 15-year-olds> in the past two school years?,有性生殖和無性生殖,官方,Sexual and asexual reproduction,"否 | Yes, for one week of lessons or less | Yes, for more than one week of lessons | valid skip (filter rule) | system missing | not administered/not applicable | invalid | no response","No | Yes, for one week of lessons or less | Yes, for more than one week of lessons | valid skip (filter rule) | system missing | not administered/not applicable | invalid | no response",,,
TC406Q08DA,TC406,,,在過去兩個學年，您是否有教授高一（或國三）學生下列廣義科學的,Have you taught the following areas of <school science> to students in <national modal grade for 15-year-olds> in the past two school years?,演化,官方,Evolution,"否 | Yes, for one week of lessons or less | Yes, for more than one week of lessons | valid skip (filter rule) | system missing | not administered/not applicable | invalid | no response","No | Yes, for one week of lessons or less | Yes, for more than one week of lessons | valid skip (filter rule) | system missing | not administered/not applicable | invalid | no response",,,
TC406Q09DA,TC406,,,在過去兩個學年，您是否有教授高一（或國三）學生下列廣義科學的,Have you taught the following areas of <school science> to students in <national modal grade for 15-year-olds> in the past two school years?,氣候變遷,官方,Climate change,"否 | Yes, for one week of lessons or less | Yes, for more than one week of lessons | valid skip (filter rule) | system missing | not administered/not applicable | invalid | no response","No | Yes, for one week of lessons or less | Yes, for more than one week of lessons | valid skip (filter rule) | system missing | not administered/not applicable | invalid | no response",,,
TC406Q10DA,TC406,,,在過去兩個學年，您是否有教授高一（或國三）學生下列廣義科學的,Have you taught the following areas of <school science> to students in <national modal grade for 15-year-olds> in the past two school years?,環境與棲息地,官方,Environments and habitats,"否 | Yes, for one week of lessons or less | Yes, for more than one week of lessons | valid skip (filter rule) | system missing | not administered/not applicable | invalid | no response","No | Yes, for one week of lessons or less | Yes, for more than one week of lessons | valid skip (filter rule) | system missing | not administered/not applicable | invalid | no response",,,
TC406Q11DA,TC406,,,在過去兩個學年，您是否有教授高一（或國三）學生下列廣義科學的,Have you taught the following areas of <school science> to students in <national modal grade for 15-year-olds> in the past two school years?,生態系統（例如：食物網、棲息地）,官方,"Ecosystems (e.g. food web, habitat)","否 | Yes, for one week of lessons or less | Yes, for more than one week of lessons | valid skip (filter rule) | system missing | not administered/not applicable | invalid | no response","No | Yes, for one week of lessons or less | Yes, for more than one week of lessons | valid skip (filter rule) | system missing | not administered/not applicable | invalid | no response",,,
TC406Q12DA,TC406,,,在過去兩個學年，您是否有教授高一（或國三）學生下列廣義科學的,Have you taught the following areas of <school science> to students in <national modal grade for 15-year-olds> in the past two school years?,全球系統之間的互動,官方,Interactions between global systems,"否 | Yes, for one week of lessons or less | Yes, for more than one week of lessons | valid skip (filter rule) | system missing | not administered/not applicable | invalid | no response","No | Yes, for one week of lessons or less | Yes, for more than one week of lessons | valid skip (filter rule) | system missing | not administered/not applicable | invalid | no response",,,
TC406Q13DA,TC406,,,在過去兩個學年，您是否有教授高一（或國三）學生下列廣義科學的,Have you taught the following areas of <school science> to students in <national modal grade for 15-year-olds> in the past two school years?,科學探究的過程與實作,官方,The processes and practices of scientific enquiry,"否 | Yes, for one week of lessons or less | Yes, for more than one week of lessons | valid skip (filter rule) | system missing | not administered/not applicable | invalid | no response","No | Yes, for one week of lessons or less | Yes, for more than one week of lessons | valid skip (filter rule) | system missing | not administered/not applicable | invalid | no response",,,
TC406Q14DA,TC406,,,在過去兩個學年，您是否有教授高一（或國三）學生下列廣義科學的,Have you taught the following areas of <school science> to students in <national modal grade for 15-year-olds> in the past two school years?,原子結構,官方,Atomic structure,"否 | Yes, for one week of lessons or less | Yes, for more than one week of lessons | valid skip (filter rule) | system missing | not administered/not applicable | invalid | no response","No | Yes, for one week of lessons or less | Yes, for more than one week of lessons | valid skip (filter rule) | system missing | not administered/not applicable | invalid | no response",,,
TC406Q15DA,TC406,,,在過去兩個學年，您是否有教授高一（或國三）學生下列廣義科學的,Have you taught the following areas of <school science> to students in <national modal grade for 15-year-olds> in the past two school years?,物質特性,官方,Properties of matter,"否 | Yes, for one week of lessons or less | Yes, for more than one week of lessons | valid skip (filter rule) | system missing | not administered/not applicable | invalid | no response","No | Yes, for one week of lessons or less | Yes, for more than one week of lessons | valid skip (filter rule) | system missing | not administered/not applicable | invalid | no response",,,
TC406Q16DA,TC406,,,在過去兩個學年，您是否有教授高一（或國三）學生下列廣義科學的,Have you taught the following areas of <school science> to students in <national modal grade for 15-year-olds> in the past two school years?,太陽系及其在宇宙中的位置,官方,Our solar system and its place in the universe,"否 | Yes, for one week of lessons or less | Yes, for more than one week of lessons | valid skip (filter rule) | system missing | not administered/not applicable | invalid | no response","No | Yes, for one week of lessons or less | Yes, for more than one week of lessons | valid skip (filter rule) | system missing | not administered/not applicable | invalid | no response",,,
TC406Q17DA,TC406,,,在過去兩個學年，您是否有教授高一（或國三）學生下列廣義科學的,Have you taught the following areas of <school science> to students in <national modal grade for 15-year-olds> in the past two school years?,細胞及其功能,官方,Cells and their functions,"否 | Yes, for one week of lessons or less | Yes, for more than one week of lessons | valid skip (filter rule) | system missing | not administered/not applicable | invalid | no response","No | Yes, for one week of lessons or less | Yes, for more than one week of lessons | valid skip (filter rule) | system missing | not administered/not applicable | invalid | no response",,,
TC406Q18DA,TC406,,,在過去兩個學年，您是否有教授高一（或國三）學生下列廣義科學的,Have you taught the following areas of <school science> to students in <national modal grade for 15-year-olds> in the past two school years?,遺傳學,官方,Genetics,"否 | Yes, for one week of lessons or less | Yes, for more than one week of lessons | valid skip (filter rule) | system missing | not administered/not applicable | invalid | no response","No | Yes, for one week of lessons or less | Yes, for more than one week of lessons | valid skip (filter rule) | system missing | not administered/not applicable | invalid | no response",,,
TC406Q19DA,TC406,,,在過去兩個學年，您是否有教授高一（或國三）學生下列廣義科學的,Have you taught the following areas of <school science> to students in <national modal grade for 15-year-olds> in the past two school years?,科學發明和／或發現，及其對社會的好處,官方,Scientific inventions and/or discoveries and their benefits for society,"否 | Yes, for one week of lessons or less | Yes, for more than one week of lessons | valid skip (filter rule) | system missing | not administered/not applicable | invalid | no response","No | Yes, for one week of lessons or less | Yes, for more than one week of lessons | valid skip (filter rule) | system missing | not administered/not applicable | invalid | no response",,,
TC406Q20DA,TC406,,,在過去兩個學年，您是否有教授高一（或國三）學生下列廣義科學的,Have you taught the following areas of <school science> to students in <national modal grade for 15-year-olds> in the past two school years?,科學實驗或探究的倫理,官方,Ethics of scientific experiments or investigations,"否 | Yes, for one week of lessons or less | Yes, for more than one week of lessons | valid skip (filter rule) | system missing | not administered/not applicable | invalid | no response","No | Yes, for one week of lessons or less | Yes, for more than one week of lessons | valid skip (filter rule) | system missing | not administered/not applicable | invalid | no response",,,
TC406Q21DA,TC406,,,在過去兩個學年，您是否有教授高一（或國三）學生下列廣義科學的,Have you taught the following areas of <school science> to students in <national modal grade for 15-year-olds> in the past two school years?,能量轉移和轉化,官方,Energy transfers and transformation,"否 | Yes, for one week of lessons or less | Yes, for more than one week of lessons | valid skip (filter rule) | system missing | not administered/not applicable | invalid | no response","No | Yes, for one week of lessons or less | Yes, for more than one week of lessons | valid skip (filter rule) | system missing | not administered/not applicable | invalid | no response",,,
TC406Q22DA,TC406,,,在過去兩個學年，您是否有教授高一（或國三）學生下列廣義科學的,Have you taught the following areas of <school science> to students in <national modal grade for 15-year-olds> in the past two school years?,環境干擾（例如污染、過度捕撈、森林濫伐）,官方,"Disturbances to the environment (e.g. pollution, overfishing, deforestation)","否 | Yes, for one week of lessons or less | Yes, for more than one week of lessons | valid skip (filter rule) | system missing | not administered/not applicable | invalid | no response","No | Yes, for one week of lessons or less | Yes, for more than one week of lessons | valid skip (filter rule) | system missing | not administered/not applicable | invalid | no response",,,
TC407Q01DA,TC407,,,下列關於貴校行政團隊的敘述，您同意的程度為何？,To what extent do you agree with the following statements about leadership in your school?,行政團隊總是解釋他們的決定,官方,My <leadership team> always explains their decisions.,非常不同意 | 不同意 | 同意 | 非常同意 | valid skip (filter rule) | system missing | not administered/not applicable | invalid | no response,Strongly disagree | Disagree | Agree | Strongly agree | valid skip (filter rule) | system missing | not administered/not applicable | invalid | no response,,,
TC407Q02DA,TC407,,,下列關於貴校行政團隊的敘述，您同意的程度為何？,To what extent do you agree with the following statements about leadership in your school?,行政團隊總是把教與學作為他們決策的首要考量,官方,The <leadership team> always puts teaching and learning at the forefront of their decisions.,非常不同意 | 不同意 | 同意 | 非常同意 | valid skip (filter rule) | system missing | not administered/not applicable | invalid | no response,Strongly disagree | Disagree | Agree | Strongly agree | valid skip (filter rule) | system missing | not administered/not applicable | invalid | no response,,,
TC407Q03DA,TC407,,,下列關於貴校行政團隊的敘述，您同意的程度為何？,To what extent do you agree with the following statements about leadership in your school?,我感受到行政團隊對我的教與學的支持,官方,I feel supported in my teaching and learning by my <leadership team>.,非常不同意 | 不同意 | 同意 | 非常同意 | valid skip (filter rule) | system missing | not administered/not applicable | invalid | no response,Strongly disagree | Disagree | Agree | Strongly agree | valid skip (filter rule) | system missing | not administered/not applicable | invalid | no response,,,
TC407Q04DA,TC407,,,下列關於貴校行政團隊的敘述，您同意的程度為何？,To what extent do you agree with the following statements about leadership in your school?,行政團隊明確訂定他們對教職員和學生的共同期望,官方,My <leadership team> has defined their shared expectations of staff and students.,非常不同意 | 不同意 | 同意 | 非常同意 | valid skip (filter rule) | system missing | not administered/not applicable | invalid | no response,Strongly disagree | Disagree | Agree | Strongly agree | valid skip (filter rule) | system missing | not administered/not applicable | invalid | no response,,,
TC407Q05DA,TC407,,,下列關於貴校行政團隊的敘述，您同意的程度為何？,To what extent do you agree with the following statements about leadership in your school?,行政團隊有策略地運用資源來建立教與學的能力,官方,My <leadership team> uses resources strategically to build teaching and learning capabilities.,非常不同意 | 不同意 | 同意 | 非常同意 | valid skip (filter rule) | system missing | not administered/not applicable | invalid | no response,Strongly disagree | Disagree | Agree | Strongly agree | valid skip (filter rule) | system missing | not administered/not applicable | invalid | no response,,,
TC407Q06DA,TC407,,,下列關於貴校行政團隊的敘述，您同意的程度為何？,To what extent do you agree with the following statements about leadership in your school?,行政團隊推動積極的學校學習環境,官方,My <leadership team> promotes a positive school learning environment.,非常不同意 | 不同意 | 同意 | 非常同意 | valid skip (filter rule) | system missing | not administered/not applicable | invalid | no response,Strongly disagree | Disagree | Agree | Strongly agree | valid skip (filter rule) | system missing | not administered/not applicable | invalid | no response,,,
TC407Q07DA,TC407,,,下列關於貴校行政團隊的敘述，您同意的程度為何？,To what extent do you agree with the following statements about leadership in your school?,行政團隊同時參與和鼓勵教師發展他們的領導技巧和知識,官方,My <leadership team> both participates and encourages teachers to develop their leadership skills and knowledge.,非常不同意 | 不同意 | 同意 | 非常同意 | valid skip (filter rule) | system missing | not administered/not applicable | invalid | no response,Strongly disagree | Disagree | Agree | Strongly agree | valid skip (filter rule) | system missing | not administered/not applicable | invalid | no response,,,
TC408Q01DA,TC408,,,您有多常與自然科學科的學生進行以下活動來提升他們對科學的理解,How often do you undertake the following activities with your <school science> students to improve their understanding of science?,帶學生校外教學參觀有科學相關展覽（如自然歷史、太空）的博物館,官方,"Take students on an excursion to visit museums that include science related displays (e.g. natural history, space)",從不 | Rarely | 有時 | Frequently | valid skip (filter rule) | system missing | not administered/not applicable | invalid | no response,Never | Rarely | Sometimes | Frequently | valid skip (filter rule) | system missing | not administered/not applicable | invalid | no response,,,
TC408Q03DA,TC408,,,您有多常與自然科學科的學生進行以下活動來提升他們對科學的理解,How often do you undertake the following activities with your <school science> students to improve their understanding of science?,舉辦參訪活動讓學生與科學家一同工作,官方,Organise visits with scientists to work with students,從不 | Rarely | 有時 | Frequently | valid skip (filter rule) | system missing | not administered/not applicable | invalid | no response,Never | Rarely | Sometimes | Frequently | valid skip (filter rule) | system missing | not administered/not applicable | invalid | no response,,,
TC408Q04DA,TC408,,,您有多常與自然科學科的學生進行以下活動來提升他們對科學的理解,How often do you undertake the following activities with your <school science> students to improve their understanding of science?,與學生一起種植學校的花園,官方,Work with students to grow a school garden,從不 | Rarely | 有時 | Frequently | valid skip (filter rule) | system missing | not administered/not applicable | invalid | no response,Never | Rarely | Sometimes | Frequently | valid skip (filter rule) | system missing | not administered/not applicable | invalid | no response,,,
TC408Q05DA,TC408,,,您有多常與自然科學科的學生進行以下活動來提升他們對科學的理解,How often do you undertake the following activities with your <school science> students to improve their understanding of science?,帶學生參觀動物園、水族館或其他野生動物中心,官方,"Take students to visit zoos, aquariums, or other wildlife centres",從不 | Rarely | 有時 | Frequently | valid skip (filter rule) | system missing | not administered/not applicable | invalid | no response,Never | Rarely | Sometimes | Frequently | valid skip (filter rule) | system missing | not administered/not applicable | invalid | no response,,,
TC408Q06DA,TC408,,,您有多常與自然科學科的學生進行以下活動來提升他們對科學的理解,How often do you undertake the following activities with your <school science> students to improve their understanding of science?,開設在課外時間的科學社團,官方,Run a science club outside of set class times,從不 | Rarely | 有時 | Frequently | valid skip (filter rule) | system missing | not administered/not applicable | invalid | no response,Never | Rarely | Sometimes | Frequently | valid skip (filter rule) | system missing | not administered/not applicable | invalid | no response,,,
TC408Q07DA,TC408,,,您有多常與自然科學科的學生進行以下活動來提升他們對科學的理解,How often do you undertake the following activities with your <school science> students to improve their understanding of science?,討論與正在教授的主題無關的科學新發現或發明,官方,Discuss new scientific discoveries or inventions that are unrelated to the topics currently being taught,從不 | Rarely | 有時 | Frequently | valid skip (filter rule) | system missing | not administered/not applicable | invalid | no response,Never | Rarely | Sometimes | Frequently | valid skip (filter rule) | system missing | not administered/not applicable | invalid | no response,,,
TC408Q08DA,TC408,,,您有多常與自然科學科的學生進行以下活動來提升他們對科學的理解,How often do you undertake the following activities with your <school science> students to improve their understanding of science?,討論科學數據如何可能在媒體和社群媒體上不實呈現,官方,Discuss how scientific data can be misrepresented in the media and social media,從不 | Rarely | 有時 | Frequently | valid skip (filter rule) | system missing | not administered/not applicable | invalid | no response,Never | Rarely | Sometimes | Frequently | valid skip (filter rule) | system missing | not administered/not applicable | invalid | no response,,,
TC408Q09DA,TC408,,,您有多常與自然科學科的學生進行以下活動來提升他們對科學的理解,How often do you undertake the following activities with your <school science> students to improve their understanding of science?,討論偽科學和科學的迷思概念,官方,Discuss pseudoscience and scientific misconceptions,從不 | Rarely | 有時 | Frequently | valid skip (filter rule) | system missing | not administered/not applicable | invalid | no response,Never | Rarely | Sometimes | Frequently | valid skip (filter rule) | system missing | not administered/not applicable | invalid | no response,,,
TC409Q01DA,TC409,,,在下列的活動中，您學到多少關於家長或監護人和教師之間的合作？,How much have you learnt about co-operation between parents or guardians and teachers during the following activities?,在教師培訓期間，作爲特定主題,官方,During teacher training as a specific topic,完全不會 | 很少 | 有一些 | A lot | valid skip (filter rule) | system missing | not administered/not applicable | invalid | no response,Not at all | Very little | To some extent | A lot | valid skip (filter rule) | system missing | not administered/not applicable | invalid | no response,,,
TC409Q02DA,TC409,,,在下列的活動中，您學到多少關於家長或監護人和教師之間的合作？,How much have you learnt about co-operation between parents or guardians and teachers during the following activities?,在教師培訓期間，融入在教學主題中,官方,During teacher training when it was integrated within teaching topics,完全不會 | 很少 | 有一些 | A lot | valid skip (filter rule) | system missing | not administered/not applicable | invalid | no response,Not at all | Very little | To some extent | A lot | valid skip (filter rule) | system missing | not administered/not applicable | invalid | no response,,,
TC409Q03DA,TC409,,,在下列的活動中，您學到多少關於家長或監護人和教師之間的合作？,How much have you learnt about co-operation between parents or guardians and teachers during the following activities?,在專業發展的工作坊期間,官方,During professional development workshops,完全不會 | 很少 | 有一些 | A lot | valid skip (filter rule) | system missing | not administered/not applicable | invalid | no response,Not at all | Very little | To some extent | A lot | valid skip (filter rule) | system missing | not administered/not applicable | invalid | no response,,,
TC409Q04DA,TC409,,,在下列的活動中，您學到多少關於家長或監護人和教師之間的合作？,How much have you learnt about co-operation between parents or guardians and teachers during the following activities?,在我的日常教學實踐期間,官方,During my daily teaching practice,完全不會 | 很少 | 有一些 | A lot | valid skip (filter rule) | system missing | not administered/not applicable | invalid | no response,Not at all | Very little | To some extent | A lot | valid skip (filter rule) | system missing | not administered/not applicable | invalid | no response,,,
TC409Q05DA,TC409,,,在下列的活動中，您學到多少關於家長或監護人和教師之間的合作？,How much have you learnt about co-operation between parents or guardians and teachers during the following activities?,在與較資深的教學同事的討論期間,官方,During discussions with more experienced teaching colleagues,完全不會 | 很少 | 有一些 | A lot | valid skip (filter rule) | system missing | not administered/not applicable | invalid | no response,Not at all | Very little | To some extent | A lot | valid skip (filter rule) | system missing | not administered/not applicable | invalid | no response,,,
TC410Q02DA,TC410,,,家長或監護人有多常參與以下情況？,How often are parents or guardians involved in the following situations?,在科學性校外教學期間和科學專家造訪學校時，提供班級一般的支援,官方,Providing general assistance to the class during science-based excursions and when science experts visit the school,從不 | Rarely | 有時 | Frequently | valid skip (filter rule) | system missing | not administered/not applicable | invalid | no response,Never | Rarely | Sometimes | Frequently | valid skip (filter rule) | system missing | not administered/not applicable | invalid | no response,,,
TC410Q03DA,TC410,,,家長或監護人有多常參與以下情況？,How often are parents or guardians involved in the following situations?,與您討論他們子女的科學學業表現,官方,Discussing their child’s science academic performance with you,從不 | Rarely | 有時 | Frequently | valid skip (filter rule) | system missing | not administered/not applicable | invalid | no response,Never | Rarely | Sometimes | Frequently | valid skip (filter rule) | system missing | not administered/not applicable | invalid | no response,,,
TC410Q05DA,TC410,,,家長或監護人有多常參與以下情況？,How often are parents or guardians involved in the following situations?,與您討論他們如何能支援子女未來在科學方面的職涯,官方,Discussing how they can support their child’s future career in science with you,從不 | Rarely | 有時 | Frequently | valid skip (filter rule) | system missing | not administered/not applicable | invalid | no response,Never | Rarely | Sometimes | Frequently | valid skip (filter rule) | system missing | not administered/not applicable | invalid | no response,,,
TC410Q06DA,TC410,,,家長或監護人有多常參與以下情況？,How often are parents or guardians involved in the following situations?,與您討論他們如何能幫助子女在家中做科學作業,官方,Discussing how to help their child with their science work at home with you,從不 | Rarely | 有時 | Frequently | valid skip (filter rule) | system missing | not administered/not applicable | invalid | no response,Never | Rarely | Sometimes | Frequently | valid skip (filter rule) | system missing | not administered/not applicable | invalid | no response,,,
TC410Q07DA,TC410,,,家長或監護人有多常參與以下情況？,How often are parents or guardians involved in the following situations?,討論科學課程綱要内容的重要事項,官方,Discussing concerns with science curriculum content,從不 | Rarely | 有時 | Frequently | valid skip (filter rule) | system missing | not administered/not applicable | invalid | no response,Never | Rarely | Sometimes | Frequently | valid skip (filter rule) | system missing | not administered/not applicable | invalid | no response,,,
TC410Q08DA,TC410,,,家長或監護人有多常參與以下情況？,How often are parents or guardians involved in the following situations?,出席正式的家長或監護人與教師面談,官方,Attending formal parent or guardian teacher interviews,從不 | Rarely | 有時 | Frequently | valid skip (filter rule) | system missing | not administered/not applicable | invalid | no response,Never | Rarely | Sometimes | Frequently | valid skip (filter rule) | system missing | not administered/not applicable | invalid | no response,,,
TC411Q04DA,TC411,,,您有多常與自然科學教師同仁以下列方式協作？,How often do you collaborate with your fellow <school science> teachers in the following ways?,在設計測驗時，我們會討論自然科學科的學習要求,官方,We discuss the achievement requirements for <school science> when setting tests.,從不 | Rarely | 有時 | Frequently | valid skip (filter rule) | system missing | not administered/not applicable | invalid | no response,Never | Rarely | Sometimes | Frequently | valid skip (filter rule) | system missing | not administered/not applicable | invalid | no response,,,
TC411Q13DA,TC411,,,您有多常與自然科學教師同仁以下列方式協作？,How often do you collaborate with your fellow <school science> teachers in the following ways?,我們交換涵蓋不同難度的課堂和作業的任務,官方,We exchange tasks for lessons and homework that cover a range of different levels of difficulty.,從不 | Rarely | 有時 | Frequently | valid skip (filter rule) | system missing | not administered/not applicable | invalid | no response,Never | Rarely | Sometimes | Frequently | valid skip (filter rule) | system missing | not administered/not applicable | invalid | no response,,,
TC411Q14DA,TC411,,,您有多常與自然科學教師同仁以下列方式協作？,How often do you collaborate with your fellow <school science> teachers in the following ways?,我與自然科學教師同仁一同準備某些教學單元,官方,I prepare a selection of teaching units with my fellow <school science> teachers.,從不 | Rarely | 有時 | Frequently | valid skip (filter rule) | system missing | not administered/not applicable | invalid | no response,Never | Rarely | Sometimes | Frequently | valid skip (filter rule) | system missing | not administered/not applicable | invalid | no response,,,
TC411Q15DA,TC411,,,您有多常與自然科學教師同仁以下列方式協作？,How often do you collaborate with your fellow <school science> teachers in the following ways?,我們討論教授學生學習策略和技巧的方法,官方,We discuss ways to teach learning strategies and techniques to our students.,從不 | Rarely | 有時 | Frequently | valid skip (filter rule) | system missing | not administered/not applicable | invalid | no response,Never | Rarely | Sometimes | Frequently | valid skip (filter rule) | system missing | not administered/not applicable | invalid | no response,,,
TC411Q20DA,TC411,,,您有多常與自然科學教師同仁以下列方式協作？,How often do you collaborate with your fellow <school science> teachers in the following ways?,我們討論如何更清楚了解個別學生優點的和缺點,官方,We discuss ways to better identify students' individual strengths and weaknesses.,從不 | Rarely | 有時 | Frequently | valid skip (filter rule) | system missing | not administered/not applicable | invalid | no response,Never | Rarely | Sometimes | Frequently | valid skip (filter rule) | system missing | not administered/not applicable | invalid | no response,,,
TC411Q21DA,TC411,,,您有多常與自然科學教師同仁以下列方式協作？,How often do you collaborate with your fellow <school science> teachers in the following ways?,我們互相觀課來提升教學的品質,官方,We observe each other’s classes to improve the quality of our teaching,從不 | Rarely | 有時 | Frequently | valid skip (filter rule) | system missing | not administered/not applicable | invalid | no response,Never | Rarely | Sometimes | Frequently | valid skip (filter rule) | system missing | not administered/not applicable | invalid | no response,,,
TC411Q22DA,TC411,,,您有多常與自然科學教師同仁以下列方式協作？,How often do you collaborate with your fellow <school science> teachers in the following ways?,我們互相示範科學器材的使用,官方,We demonstrate the use of scientific equipment to each other,從不 | Rarely | 有時 | Frequently | valid skip (filter rule) | system missing | not administered/not applicable | invalid | no response,Never | Rarely | Sometimes | Frequently | valid skip (filter rule) | system missing | not administered/not applicable | invalid | no response,,,
TC411Q24DA,TC411,,,您有多常與自然科學教師同仁以下列方式協作？,How often do you collaborate with your fellow <school science> teachers in the following ways?,我們討論如何教授環境議題,官方,We discuss how to teach environmental issues,從不 | Rarely | 有時 | Frequently | valid skip (filter rule) | system missing | not administered/not applicable | invalid | no response,Never | Rarely | Sometimes | Frequently | valid skip (filter rule) | system missing | not administered/not applicable | invalid | no response,,,
TC411Q25DA,TC411,,,您有多常與自然科學教師同仁以下列方式協作？,How often do you collaborate with your fellow <school science> teachers in the following ways?,我們討論如何教授科學實作,官方,We discuss the teaching of scientific practices,從不 | Rarely | 有時 | Frequently | valid skip (filter rule) | system missing | not administered/not applicable | invalid | no response,Never | Rarely | Sometimes | Frequently | valid skip (filter rule) | system missing | not administered/not applicable | invalid | no response,,,
TC414Q01DA,TC414,科學課的秩序與紀律,Disciplinary climate in school science lessons,下列情況有多常在您的自然科學課堂中發生？,How often do these things happen in your science lessons?,很多學生沒有在聽我說的話,官方,Many students don’t listen to what I say.,每一堂課 | 大多數課堂 | 部分課堂 | 從不或幾乎從不 | valid skip (filter rule) | system missing | not administered/not applicable | invalid | no response,Every lesson | Most lessons | Some lessons | Never or almost never | valid skip (filter rule) | system missing | not administered/not applicable | invalid | no response,,,Table I.B1.4.132
TC414Q02DA,TC414,科學課的秩序與紀律,Disciplinary climate in school science lessons,下列情況有多常在您的自然科學課堂中發生？,How often do these things happen in your science lessons?,吵鬧和失序,官方,There is noise and disorder.,每一堂課 | 大多數課堂 | 部分課堂 | 從不或幾乎從不 | valid skip (filter rule) | system missing | not administered/not applicable | invalid | no response,Every lesson | Most lessons | Some lessons | Never or almost never | valid skip (filter rule) | system missing | not administered/not applicable | invalid | no response,每一堂課=3.31 | 大多數課堂=12.24 | 部分課堂=50.16 | 從不或幾乎從不=34.3,每一堂課=10.08 | 大多數課堂=20.93 | 部分課堂=45.15 | 從不或幾乎從不=23.83,Table I.B1.4.132
TC414Q03DA,TC414,科學課的秩序與紀律,Disciplinary climate in school science lessons,下列情況有多常在您的自然科學課堂中發生？,How often do these things happen in your science lessons?,我必須等很長一段時間之後，學生才會安靜下來,官方,I have to wait a long time for students to quiet down.,每一堂課 | 大多數課堂 | 部分課堂 | 從不或幾乎從不 | valid skip (filter rule) | system missing | not administered/not applicable | invalid | no response,Every lesson | Most lessons | Some lessons | Never or almost never | valid skip (filter rule) | system missing | not administered/not applicable | invalid | no response,每一堂課=2.98 | 大多數課堂=9.69 | 部分課堂=39.46 | 從不或幾乎從不=47.87,每一堂課=7.97 | 大多數課堂=16.4 | 部分課堂=40.46 | 從不或幾乎從不=35.17,Table I.B1.4.132
TC414Q04DA,TC414,科學課的秩序與紀律,Disciplinary climate in school science lessons,下列情況有多常在您的自然科學課堂中發生？,How often do these things happen in your science lessons?,學生的表現欠佳,官方,Students cannot work well.,每一堂課 | 大多數課堂 | 部分課堂 | 從不或幾乎從不 | valid skip (filter rule) | system missing | not administered/not applicable | invalid | no response,Every lesson | Most lessons | Some lessons | Never or almost never | valid skip (filter rule) | system missing | not administered/not applicable | invalid | no response,每一堂課=3.3 | 大多數課堂=9.76 | 部分課堂=41.51 | 從不或幾乎從不=45.43,每一堂課=6.05 | 大多數課堂=13.37 | 部分課堂=41.05 | 從不或幾乎從不=39.53,Table I.B1.4.132
TC414Q05DA,TC414,科學課的秩序與紀律,Disciplinary climate in school science lessons,下列情況有多常在您的自然科學課堂中發生？,How often do these things happen in your science lessons?,開始上課很久以後，學生仍然無法投入學習,官方,Students don’t start working for a long time after the lesson begins.,每一堂課 | 大多數課堂 | 部分課堂 | 從不或幾乎從不 | valid skip (filter rule) | system missing | not administered/not applicable | invalid | no response,Every lesson | Most lessons | Some lessons | Never or almost never | valid skip (filter rule) | system missing | not administered/not applicable | invalid | no response,每一堂課=3.8 | 大多數課堂=11.83 | 部分課堂=41.62 | 從不或幾乎從不=42.75,每一堂課=7.41 | 大多數課堂=16.18 | 部分課堂=38.46 | 從不或幾乎從不=37.95,Table I.B1.4.132
TC414Q06DA,TC414,科學課的秩序與紀律,Disciplinary climate in school science lessons,下列情況有多常在您的自然科學課堂中發生？,How often do these things happen in your science lessons?,學生因使用數位資源（例如：智慧型手機、網站、應用程式）而分心,官方,"Students get distracted by using <digital resources> (e.g. smartphones, web sites, apps).",每一堂課 | 大多數課堂 | 部分課堂 | 從不或幾乎從不 | valid skip (filter rule) | system missing | not administered/not applicable | invalid | no response,Every lesson | Most lessons | Some lessons | Never or almost never | valid skip (filter rule) | system missing | not administered/not applicable | invalid | no response,,,Table I.B1.4.132
TC414Q08DA,TC414,科學課的秩序與紀律,Disciplinary climate in school science lessons,下列情況有多常在您的自然科學課堂中發生？,How often do these things happen in your science lessons?,學生不適當地使用科學器材,官方,Students use scientific equipment inappropriately.,每一堂課 | 大多數課堂 | 部分課堂 | 從不或幾乎從不 | valid skip (filter rule) | system missing | not administered/not applicable | invalid | no response,Every lesson | Most lessons | Some lessons | Never or almost never | valid skip (filter rule) | system missing | not administered/not applicable | invalid | no response,,,Table I.B1.4.132
TC414Q09DA,TC414,科學課的秩序與紀律,Disciplinary climate in school science lessons,下列情況有多常在您的自然科學課堂中發生？,How often do these things happen in your science lessons?,學生的不當行為妨礙了自己進行實作,官方,A student's misbehaviour prevents the student from doing practical work,每一堂課 | 大多數課堂 | 部分課堂 | 從不或幾乎從不 | valid skip (filter rule) | system missing | not administered/not applicable | invalid | no response,Every lesson | Most lessons | Some lessons | Never or almost never | valid skip (filter rule) | system missing | not administered/not applicable | invalid | no response,,,Table I.B1.4.132
TC415Q03DA,TC415,,,您有多常使用下列形成性評量方法來評估學生在自然科學課堂的學習,How often do you use the following methods of <formative> assessment to evaluate student learning in <school science> classes?,我要求個別學生在全班面前回答問題,官方,I have individual students answer questions in front of the class.,從不或幾乎從不 | 部分課堂 | Many lessons | Every lesson or almost every lesson | valid skip (filter rule) | system missing | not administered/not applicable | invalid | no response,Never or almost never | Some lessons | Many lessons | Every lesson or almost every lesson | valid skip (filter rule) | system missing | not administered/not applicable | invalid | no response,,,
TC415Q04DA,TC415,,,您有多常使用下列形成性評量方法來評估學生在自然科學課堂的學習,How often do you use the following methods of <formative> assessment to evaluate student learning in <school science> classes?,除了成績之外（如百分制分數或等第），我給予學生作業書面回饋,官方,"I provide written feedback on student work in addition to a <mark, i.e. numeric score or letter grade>.",從不或幾乎從不 | 部分課堂 | Many lessons | Every lesson or almost every lesson | valid skip (filter rule) | system missing | not administered/not applicable | invalid | no response,Never or almost never | Some lessons | Many lessons | Every lesson or almost every lesson | valid skip (filter rule) | system missing | not administered/not applicable | invalid | no response,,,
TC415Q05DA,TC415,,,您有多常使用下列形成性評量方法來評估學生在自然科學課堂的學習,How often do you use the following methods of <formative> assessment to evaluate student learning in <school science> classes?,我讓學生自行評估他們的進展,官方,I let students judge their own progress.,從不或幾乎從不 | 部分課堂 | Many lessons | Every lesson or almost every lesson | valid skip (filter rule) | system missing | not administered/not applicable | invalid | no response,Never or almost never | Some lessons | Many lessons | Every lesson or almost every lesson | valid skip (filter rule) | system missing | not administered/not applicable | invalid | no response,,,
TC415Q06DA,TC415,,,您有多常使用下列形成性評量方法來評估學生在自然科學課堂的學習,How often do you use the following methods of <formative> assessment to evaluate student learning in <school science> classes?,在進行特定的任務時，我會觀察學生並即時提供回饋,官方,I observe students when working on particular tasks and provide immediate feedback.,從不或幾乎從不 | 部分課堂 | Many lessons | Every lesson or almost every lesson | valid skip (filter rule) | system missing | not administered/not applicable | invalid | no response,Never or almost never | Some lessons | Many lessons | Every lesson or almost every lesson | valid skip (filter rule) | system missing | not administered/not applicable | invalid | no response,,,
TC415Q07DA,TC415,,,您有多常使用下列形成性評量方法來評估學生在自然科學課堂的學習,How often do you use the following methods of <formative> assessment to evaluate student learning in <school science> classes?,我收集課堂作業或家庭作業的數據,官方,I collect data from classroom assignments or homework.,從不或幾乎從不 | 部分課堂 | Many lessons | Every lesson or almost every lesson | valid skip (filter rule) | system missing | not administered/not applicable | invalid | no response,Never or almost never | Some lessons | Many lessons | Every lesson or almost every lesson | valid skip (filter rule) | system missing | not administered/not applicable | invalid | no response,,,
TC415Q08DA,TC415,,,您有多常使用下列形成性評量方法來評估學生在自然科學課堂的學習,How often do you use the following methods of <formative> assessment to evaluate student learning in <school science> classes?,我讓學生相互評量彼此的作業,官方,I let students assess each other’s work.,從不或幾乎從不 | 部分課堂 | Many lessons | Every lesson or almost every lesson | valid skip (filter rule) | system missing | not administered/not applicable | invalid | no response,Never or almost never | Some lessons | Many lessons | Every lesson or almost every lesson | valid skip (filter rule) | system missing | not administered/not applicable | invalid | no response,,,
TC415Q09DA,TC415,,,您有多常使用下列形成性評量方法來評估學生在自然科學課堂的學習,How often do you use the following methods of <formative> assessment to evaluate student learning in <school science> classes?,我在開始某個主題時先進行評量，以評估學生先前的學習,官方,I carry out assessments at the beginning of a topic to evaluate prior learning.,從不或幾乎從不 | 部分課堂 | Many lessons | Every lesson or almost every lesson | valid skip (filter rule) | system missing | not administered/not applicable | invalid | no response,Never or almost never | Some lessons | Many lessons | Every lesson or almost every lesson | valid skip (filter rule) | system missing | not administered/not applicable | invalid | no response,,,
TC415Q10DA,TC415,,,您有多常使用下列形成性評量方法來評估學生在自然科學課堂的學習,How often do you use the following methods of <formative> assessment to evaluate student learning in <school science> classes?,我在教授某個主題期間給學生簡短的紙筆評量,官方,I give students short written assessments whilst teaching a topic.,從不或幾乎從不 | 部分課堂 | Many lessons | Every lesson or almost every lesson | valid skip (filter rule) | system missing | not administered/not applicable | invalid | no response,Never or almost never | Some lessons | Many lessons | Every lesson or almost every lesson | valid skip (filter rule) | system missing | not administered/not applicable | invalid | no response,,,
TC415Q11DA,TC415,,,您有多常使用下列形成性評量方法來評估學生在自然科學課堂的學習,How often do you use the following methods of <formative> assessment to evaluate student learning in <school science> classes?,我要求學生在每個課堂結束時寫下他們對學習的反思,官方,I ask my students to write reflections about their learning at the end of each lesson.,從不或幾乎從不 | 部分課堂 | Many lessons | Every lesson or almost every lesson | valid skip (filter rule) | system missing | not administered/not applicable | invalid | no response,Never or almost never | Some lessons | Many lessons | Every lesson or almost every lesson | valid skip (filter rule) | system missing | not administered/not applicable | invalid | no response,,,
TC416Q01DA,TC416,,,您有多常使用下列總結性評量方法來評估學生在自然科學課堂的學習,How often do you use the following methods of <summative> assessments to evaluate student learning in <science> classes?,在完成某個主題時，我實施自己製作的評量,官方,I develop and administer my own assessment at the end of topics.,從不 | Rarely | 有時 | Frequently | valid skip (filter rule) | system missing | not administered/not applicable | invalid | no response,Never | Rarely | Sometimes | Frequently | valid skip (filter rule) | system missing | not administered/not applicable | invalid | no response,,,
TC416Q02DA,TC416,,,您有多常使用下列總結性評量方法來評估學生在自然科學課堂的學習,How often do you use the following methods of <summative> assessments to evaluate student learning in <science> classes?,我實施標準化測驗,官方,I administer a <standardised test>.,從不 | Rarely | 有時 | Frequently | valid skip (filter rule) | system missing | not administered/not applicable | invalid | no response,Never | Rarely | Sometimes | Frequently | valid skip (filter rule) | system missing | not administered/not applicable | invalid | no response,,,
TC416Q06DA,TC416,,,您有多常使用下列總結性評量方法來評估學生在自然科學課堂的學習,How often do you use the following methods of <summative> assessments to evaluate student learning in <science> classes?,我評估學生的實驗室技巧,官方,I assess students’ laboratory skills.,從不 | Rarely | 有時 | Frequently | valid skip (filter rule) | system missing | not administered/not applicable | invalid | no response,Never | Rarely | Sometimes | Frequently | valid skip (filter rule) | system missing | not administered/not applicable | invalid | no response,,,
TC416Q07DA,TC416,,,您有多常使用下列總結性評量方法來評估學生在自然科學課堂的學習,How often do you use the following methods of <summative> assessments to evaluate student learning in <science> classes?,我評估學生的科學實作能力（例如：評估證據、建立模型）,官方,"I assess students’ ability with scientific practices (e.g. evaluating evidence, developing models).",從不 | Rarely | 有時 | Frequently | valid skip (filter rule) | system missing | not administered/not applicable | invalid | no response,Never | Rarely | Sometimes | Frequently | valid skip (filter rule) | system missing | not administered/not applicable | invalid | no response,,,
TC417Q01DA,TC417,,,當您教授自然科學時，您有多常做以下事項？,How often do you do the following whilst you are teaching <school science>?,告訴學生犯錯是學習過程的一部分,官方,Tell students that making mistakes is part of the learning process,從不 | Rarely | 有時 | Frequently | valid skip (filter rule) | system missing | not administered/not applicable | invalid | no response,Never | Rarely | Sometimes | Frequently | valid skip (filter rule) | system missing | not administered/not applicable | invalid | no response,,,
TC417Q03DA,TC417,,,當您教授自然科學時，您有多常做以下事項？,How often do you do the following whilst you are teaching <school science>?,稱讚努力達成目標的學生,官方,Praise students who put in the effort to reach a goal,從不 | Rarely | 有時 | Frequently | valid skip (filter rule) | system missing | not administered/not applicable | invalid | no response,Never | Rarely | Sometimes | Frequently | valid skip (filter rule) | system missing | not administered/not applicable | invalid | no response,,,
TC417Q04DA,TC417,,,當您教授自然科學時，您有多常做以下事項？,How often do you do the following whilst you are teaching <school science>?,要求學生制定科學的學習目標,官方,Ask students to develop learning goals for science,從不 | Rarely | 有時 | Frequently | valid skip (filter rule) | system missing | not administered/not applicable | invalid | no response,Never | Rarely | Sometimes | Frequently | valid skip (filter rule) | system missing | not administered/not applicable | invalid | no response,,,
TC417Q06DA,TC417,,,當您教授自然科學時，您有多常做以下事項？,How often do you do the following whilst you are teaching <school science>?,容許學生略過某個任務，只要您覺得他們尚未有能力執行,官方,Allow students to skip a task if you feel they do not have the ability to undertake it,從不 | Rarely | 有時 | Frequently | valid skip (filter rule) | system missing | not administered/not applicable | invalid | no response,Never | Rarely | Sometimes | Frequently | valid skip (filter rule) | system missing | not administered/not applicable | invalid | no response,,,
TC417Q07DA,TC417,,,當您教授自然科學時，您有多常做以下事項？,How often do you do the following whilst you are teaching <school science>?,建立班上所有學生的自信，不管他們的能力如何,官方,Build the confidence of all students in the class regardless of abilities,從不 | Rarely | 有時 | Frequently | valid skip (filter rule) | system missing | not administered/not applicable | invalid | no response,Never | Rarely | Sometimes | Frequently | valid skip (filter rule) | system missing | not administered/not applicable | invalid | no response,,,
TC417Q09DA,TC417,,,當您教授自然科學時，您有多常做以下事項？,How often do you do the following whilst you are teaching <school science>?,提供回饋給學生在科學方面的優點,官方,Give feedback on student’s strengths in science,從不 | Rarely | 有時 | Frequently | valid skip (filter rule) | system missing | not administered/not applicable | invalid | no response,Never | Rarely | Sometimes | Frequently | valid skip (filter rule) | system missing | not administered/not applicable | invalid | no response,,,
TC417Q10DA,TC417,,,當您教授自然科學時，您有多常做以下事項？,How often do you do the following whilst you are teaching <school science>?,告訴學生可以提升哪些方面,官方,Tell students in which areas they can still improve,從不 | Rarely | 有時 | Frequently | valid skip (filter rule) | system missing | not administered/not applicable | invalid | no response,Never | Rarely | Sometimes | Frequently | valid skip (filter rule) | system missing | not administered/not applicable | invalid | no response,,,
TC417Q11DA,TC417,,,當您教授自然科學時，您有多常做以下事項？,How often do you do the following whilst you are teaching <school science>?,提供回饋學生如何能提升自己的表現,官方,Provide feedback on how students can improve their performance,從不 | Rarely | 有時 | Frequently | valid skip (filter rule) | system missing | not administered/not applicable | invalid | no response,Never | Rarely | Sometimes | Frequently | valid skip (filter rule) | system missing | not administered/not applicable | invalid | no response,,,
TC418Q03DA,TC418,,,關於您的自然科學課堂中的學生，下列敘述您同意的程度為何？,How much do you agree or disagree with the following statements about the students in your science classes?,只要給予適當的支援，我的學生都能夠達到他們的目標,官方,My students can all reach their goals with the right amount of support.,非常同意 | 同意 | 不同意 | 非常不同意 | valid skip (filter rule) | system missing | not administered/not applicable | invalid | no response,Strongly agree | Agree | Disagree | Strongly disagree | valid skip (filter rule) | system missing | not administered/not applicable | invalid | no response,,,
TC418Q05DA,TC418,,,關於您的自然科學課堂中的學生，下列敘述您同意的程度為何？,How much do you agree or disagree with the following statements about the students in your science classes?,我的學生全部都能成功,官方,My students can all succeed.,非常同意 | 同意 | 不同意 | 非常不同意 | valid skip (filter rule) | system missing | not administered/not applicable | invalid | no response,Strongly agree | Agree | Disagree | Strongly disagree | valid skip (filter rule) | system missing | not administered/not applicable | invalid | no response,,,
TC418Q07DA,TC418,,,關於您的自然科學課堂中的學生，下列敘述您同意的程度為何？,How much do you agree or disagree with the following statements about the students in your science classes?,我的學生有自信冒險,官方,My students feel comfortable taking risks.,非常同意 | 同意 | 不同意 | 非常不同意 | valid skip (filter rule) | system missing | not administered/not applicable | invalid | no response,Strongly agree | Agree | Disagree | Strongly disagree | valid skip (filter rule) | system missing | not administered/not applicable | invalid | no response,,,
TC418Q08DA,TC418,,,關於您的自然科學課堂中的學生，下列敘述您同意的程度為何？,How much do you agree or disagree with the following statements about the students in your science classes?,我的學生非常互相支持,官方,My students are very supportive of each other.,非常同意 | 同意 | 不同意 | 非常不同意 | valid skip (filter rule) | system missing | not administered/not applicable | invalid | no response,Strongly agree | Agree | Disagree | Strongly disagree | valid skip (filter rule) | system missing | not administered/not applicable | invalid | no response,,,
TC419Q01DA,TC419,,,下列關於您自己的敘述，您同意的程度為何？,How much do you agree with the statements about yourself?,我很喜歡學習廣義科學的主題,官方,I enjoy learning <broad science> topics.,非常不同意 | 不同意 | 同意 | 非常同意 | valid skip (filter rule) | system missing | not administered/not applicable | invalid | no response,Strongly disagree | Disagree | Agree | Strongly agree | valid skip (filter rule) | system missing | not administered/not applicable | invalid | no response,,,
TC419Q02DA,TC419,,,下列關於您自己的敘述，您同意的程度為何？,How much do you agree with the statements about yourself?,我很喜歡教授廣義科學的主題,官方,I enjoy teaching <broad science> topics.,非常不同意 | 不同意 | 同意 | 非常同意 | valid skip (filter rule) | system missing | not administered/not applicable | invalid | no response,Strongly disagree | Disagree | Agree | Strongly agree | valid skip (filter rule) | system missing | not administered/not applicable | invalid | no response,,,
TC419Q03DA,TC419,,,下列關於您自己的敘述，您同意的程度為何？,How much do you agree with the statements about yourself?,我喜歡閱讀有關廣義科學的內容,官方,I like reading about <broad science>.,非常不同意 | 不同意 | 同意 | 非常同意 | valid skip (filter rule) | system missing | not administered/not applicable | invalid | no response,Strongly disagree | Disagree | Agree | Strongly agree | valid skip (filter rule) | system missing | not administered/not applicable | invalid | no response,,,
TC419Q05DA,TC419,,,下列關於您自己的敘述，您同意的程度為何？,How much do you agree with the statements about yourself?,我很喜歡學到廣義科學的新知識,官方,I enjoy acquiring new knowledge in <broad science>.,非常不同意 | 不同意 | 同意 | 非常同意 | valid skip (filter rule) | system missing | not administered/not applicable | invalid | no response,Strongly disagree | Disagree | Agree | Strongly agree | valid skip (filter rule) | system missing | not administered/not applicable | invalid | no response,,,
TC420Q02DA,TC420,對科學本質的信念,Students' beliefs about the nature of science,下列敘述您同意的程度為何？,How much do you agree with the following statements?,好的解答是基於許多不同實驗得來的證據,官方,Good answers are based on evidence from many different experiments.,非常不同意 | 不同意 | 同意 | 非常同意 | valid skip (filter rule) | system missing | not administered/not applicable | invalid | no response,Strongly disagree | Disagree | Agree | Strongly agree | valid skip (filter rule) | system missing | not administered/not applicable | invalid | no response,非常不同意=3.6 | 不同意=3.23 | 同意=53.57 | 非常同意=39.6,非常不同意=7.83 | 不同意=10.01 | 同意=57.17 | 非常同意=25.0,Table I.B1.3.30
TC420Q03DA,TC420,對科學本質的信念,Students' beliefs about the nature of science,下列敘述您同意的程度為何？,How much do you agree with the following statements?,最好多做幾次實驗，以確保您的發現正確無誤,官方,It is good to try experiments more than once to make sure of your findings.,非常不同意 | 不同意 | 同意 | 非常同意 | valid skip (filter rule) | system missing | not administered/not applicable | invalid | no response,Strongly disagree | Disagree | Agree | Strongly agree | valid skip (filter rule) | system missing | not administered/not applicable | invalid | no response,,,Table I.B1.3.30
TC420Q05DA,TC420,對科學本質的信念,Students' beliefs about the nature of science,下列敘述您同意的程度為何？,How much do you agree with the following statements?,開始實驗前，最好先有一個假設或問題,官方,It is good to have a hypothesis or question before starting an experiment.,非常不同意 | 不同意 | 同意 | 非常同意 | valid skip (filter rule) | system missing | not administered/not applicable | invalid | no response,Strongly disagree | Disagree | Agree | Strongly agree | valid skip (filter rule) | system missing | not administered/not applicable | invalid | no response,,,Table I.B1.3.30
TC420Q06DA,TC420,對科學本質的信念,Students' beliefs about the nature of science,下列敘述您同意的程度為何？,How much do you agree with the following statements?,廣義科學利用模型來幫助發展關於世界的理論,官方,<Broad science> uses models to help develop theories about the world,非常不同意 | 不同意 | 同意 | 非常同意 | valid skip (filter rule) | system missing | not administered/not applicable | invalid | no response,Strongly disagree | Disagree | Agree | Strongly agree | valid skip (filter rule) | system missing | not administered/not applicable | invalid | no response,,,Table I.B1.3.30
TC420Q10DA,TC420,對科學本質的信念,Students' beliefs about the nature of science,下列敘述您同意的程度為何？,How much do you agree with the following statements?,在接受來自某個來源的資訊之前，應以一系列其他可靠的來源進行查核,官方,Information from one source should be checked from a range of other reliable sources before it is accepted.,非常不同意 | 不同意 | 同意 | 非常同意 | valid skip (filter rule) | system missing | not administered/not applicable | invalid | no response,Strongly disagree | Disagree | Agree | Strongly agree | valid skip (filter rule) | system missing | not administered/not applicable | invalid | no response,非常不同意=3.42 | 不同意=3.63 | 同意=55.4 | 非常同意=37.56,非常不同意=5.73 | 不同意=10.78 | 同意=50.84 | 非常同意=32.66,Table I.B1.3.30
TC420Q11DA,TC420,對科學本質的信念,Students' beliefs about the nature of science,下列敘述您同意的程度為何？,How much do you agree with the following statements?,在廣義科學中，科學家可以有不只一種方法來檢驗他們的觀點,官方,"In <broad science>, there can be more than one way for scientists to test their ideas.",非常不同意 | 不同意 | 同意 | 非常同意 | valid skip (filter rule) | system missing | not administered/not applicable | invalid | no response,Strongly disagree | Disagree | Agree | Strongly agree | valid skip (filter rule) | system missing | not administered/not applicable | invalid | no response,,,Table I.B1.3.30
TC420Q12DA,TC420,對科學本質的信念,Students' beliefs about the nature of science,下列敘述您同意的程度為何？,How much do you agree with the following statements?,有些問題科學家也無法解答,官方,There are some questions that scientists cannot answer.,非常不同意 | 不同意 | 同意 | 非常同意 | valid skip (filter rule) | system missing | not administered/not applicable | invalid | no response,Strongly disagree | Disagree | Agree | Strongly agree | valid skip (filter rule) | system missing | not administered/not applicable | invalid | no response,非常不同意=3.61 | 不同意=4.17 | 同意=49.14 | 非常同意=43.07,非常不同意=6.07 | 不同意=12.46 | 同意=48.98 | 非常同意=32.49,Table I.B1.3.30
TC420Q15DA,TC420,對科學本質的信念,Students' beliefs about the nature of science,下列敘述您同意的程度為何？,How much do you agree with the following statements?,對科學家來說，研究成果得到同領域的其他科學家支持是重要的,官方,It is important for scientists to have other scientists in their field of expertise to support the findings of their work.,非常不同意 | 不同意 | 同意 | 非常同意 | valid skip (filter rule) | system missing | not administered/not applicable | invalid | no response,Strongly disagree | Disagree | Agree | Strongly agree | valid skip (filter rule) | system missing | not administered/not applicable | invalid | no response,,,Table I.B1.3.30
TC421Q01DA,TC421,環境議題認識程度,Students' environmental awareness,您對以下環境議題的了解程度如何?,How informed are you about the following environmental issues?,大氣中溫室氣體的增加,官方,The increase of greenhouse gases in the atmosphere,我從沒聽過 | 我聽過，但沒辦法說明它到底是什麼 | 我知道一些，能說明大致的問題 | 我很熟悉，能清楚說明 | valid skip (filter rule) | system missing | not administered/not applicable | invalid | no response,I have never heard of this | I have heard about this but I would not be able to explain what it is really about | I know something about this and could explain the general issue | I am familiar with this and I would be able to explain this well | valid skip (filter rule) | system missing | not administered/not applicable | invalid | no response,我從沒聽過=4.58 | 我聽過，但沒辦法說明它到底是什麼=18.39 | 我知道一些，能說明大致的問題=60.89 | 我很熟悉，能清楚說明=16.14,我從沒聽過=14.78 | 我聽過，但沒辦法說明它到底是什麼=28.05 | 我知道一些，能說明大致的問題=35.95 | 我很熟悉，能清楚說明=21.21,Table I.B1.5.6
TC421Q02DA,TC421,環境議題認識程度,Students' environmental awareness,您對以下環境議題的了解程度如何?,How informed are you about the following environmental issues?,海平面上升的影響,官方,The effects of sea levels rise,我從沒聽過 | 我聽過，但沒辦法說明它到底是什麼 | 我知道一些，能說明大致的問題 | 我很熟悉，能清楚說明 | valid skip (filter rule) | system missing | not administered/not applicable | invalid | no response,I have never heard of this | I have heard about this but I would not be able to explain what it is really about | I know something about this and could explain the general issue | I am familiar with this and I would be able to explain this well | valid skip (filter rule) | system missing | not administered/not applicable | invalid | no response,,,Table I.B1.5.6
TC421Q03DA,TC421,環境議題認識程度,Students' environmental awareness,您對以下環境議題的了解程度如何?,How informed are you about the following environmental issues?,基因改造生物（GMO）的使用,官方,The use of genetically modified organisms (<GMO>),我從沒聽過 | 我聽過，但沒辦法說明它到底是什麼 | 我知道一些，能說明大致的問題 | 我很熟悉，能清楚說明 | valid skip (filter rule) | system missing | not administered/not applicable | invalid | no response,I have never heard of this | I have heard about this but I would not be able to explain what it is really about | I know something about this and could explain the general issue | I am familiar with this and I would be able to explain this well | valid skip (filter rule) | system missing | not administered/not applicable | invalid | no response,,,Table I.B1.5.6
TC421Q04DA,TC421,環境議題認識程度,Students' environmental awareness,您對以下環境議題的了解程度如何?,How informed are you about the following environmental issues?,核廢料,官方,Nuclear waste,我從沒聽過 | 我聽過，但沒辦法說明它到底是什麼 | 我知道一些，能說明大致的問題 | 我很熟悉，能清楚說明 | valid skip (filter rule) | system missing | not administered/not applicable | invalid | no response,I have never heard of this | I have heard about this but I would not be able to explain what it is really about | I know something about this and could explain the general issue | I am familiar with this and I would be able to explain this well | valid skip (filter rule) | system missing | not administered/not applicable | invalid | no response,我從沒聽過=3.97 | 我聽過，但沒辦法說明它到底是什麼=29.4 | 我知道一些，能說明大致的問題=55.91 | 我很熟悉，能清楚說明=10.72,我從沒聽過=13.92 | 我聽過，但沒辦法說明它到底是什麼=40.61 | 我知道一些，能說明大致的問題=33.25 | 我很熟悉，能清楚說明=12.22,Table I.B1.5.6
TC421Q05DA,TC421,環境議題認識程度,Students' environmental awareness,您對以下環境議題的了解程度如何?,How informed are you about the following environmental issues?,砍伐森林以用於其他土地用途的後果,官方,The consequences of clearing forests for other land use,我從沒聽過 | 我聽過，但沒辦法說明它到底是什麼 | 我知道一些，能說明大致的問題 | 我很熟悉，能清楚說明 | valid skip (filter rule) | system missing | not administered/not applicable | invalid | no response,I have never heard of this | I have heard about this but I would not be able to explain what it is really about | I know something about this and could explain the general issue | I am familiar with this and I would be able to explain this well | valid skip (filter rule) | system missing | not administered/not applicable | invalid | no response,我從沒聽過=3.94 | 我聽過，但沒辦法說明它到底是什麼=17.44 | 我知道一些，能說明大致的問題=60.94 | 我很熟悉，能清楚說明=17.68,我從沒聽過=9.92 | 我聽過，但沒辦法說明它到底是什麼=22.9 | 我知道一些，能說明大致的問題=41.28 | 我很熟悉，能清楚說明=25.89,Table I.B1.5.6
TC421Q06DA,TC421,環境議題認識程度,Students' environmental awareness,您對以下環境議題的了解程度如何?,How informed are you about the following environmental issues?,空氣污染,官方,Air pollution,我從沒聽過 | 我聽過，但沒辦法說明它到底是什麼 | 我知道一些，能說明大致的問題 | 我很熟悉，能清楚說明 | valid skip (filter rule) | system missing | not administered/not applicable | invalid | no response,I have never heard of this | I have heard about this but I would not be able to explain what it is really about | I know something about this and could explain the general issue | I am familiar with this and I would be able to explain this well | valid skip (filter rule) | system missing | not administered/not applicable | invalid | no response,,,Table I.B1.5.6
TC421Q07DA,TC421,環境議題認識程度,Students' environmental awareness,您對以下環境議題的了解程度如何?,How informed are you about the following environmental issues?,能源短缺,官方,Energy shortages,我從沒聽過 | 我聽過，但沒辦法說明它到底是什麼 | 我知道一些，能說明大致的問題 | 我很熟悉，能清楚說明 | valid skip (filter rule) | system missing | not administered/not applicable | invalid | no response,I have never heard of this | I have heard about this but I would not be able to explain what it is really about | I know something about this and could explain the general issue | I am familiar with this and I would be able to explain this well | valid skip (filter rule) | system missing | not administered/not applicable | invalid | no response,,,Table I.B1.5.6
TC421Q08DA,TC421,環境議題認識程度,Students' environmental awareness,您對以下環境議題的了解程度如何?,How informed are you about the following environmental issues?,動植物滅絕,官方,Extinction of plants and animals,我從沒聽過 | 我聽過，但沒辦法說明它到底是什麼 | 我知道一些，能說明大致的問題 | 我很熟悉，能清楚說明 | valid skip (filter rule) | system missing | not administered/not applicable | invalid | no response,I have never heard of this | I have heard about this but I would not be able to explain what it is really about | I know something about this and could explain the general issue | I am familiar with this and I would be able to explain this well | valid skip (filter rule) | system missing | not administered/not applicable | invalid | no response,我從沒聽過=2.99 | 我聽過，但沒辦法說明它到底是什麼=17.5 | 我知道一些，能說明大致的問題=61.8 | 我很熟悉，能清楚說明=17.71,我從沒聽過=5.98 | 我聽過，但沒辦法說明它到底是什麼=18.99 | 我知道一些，能說明大致的問題=45.1 | 我很熟悉，能清楚說明=29.93,Table I.B1.5.6
TC421Q09DA,TC421,環境議題認識程度,Students' environmental awareness,您對以下環境議題的了解程度如何?,How informed are you about the following environmental issues?,生物多樣性喪失,官方,Loss of biodiversity,我從沒聽過 | 我聽過，但沒辦法說明它到底是什麼 | 我知道一些，能說明大致的問題 | 我很熟悉，能清楚說明 | valid skip (filter rule) | system missing | not administered/not applicable | invalid | no response,I have never heard of this | I have heard about this but I would not be able to explain what it is really about | I know something about this and could explain the general issue | I am familiar with this and I would be able to explain this well | valid skip (filter rule) | system missing | not administered/not applicable | invalid | no response,,,Table I.B1.5.6
TC421Q10DA,TC421,環境議題認識程度,Students' environmental awareness,您對以下環境議題的了解程度如何?,How informed are you about the following environmental issues?,水資源短缺,官方,Water shortages,我從沒聽過 | 我聽過，但沒辦法說明它到底是什麼 | 我知道一些，能說明大致的問題 | 我很熟悉，能清楚說明 | valid skip (filter rule) | system missing | not administered/not applicable | invalid | no response,I have never heard of this | I have heard about this but I would not be able to explain what it is really about | I know something about this and could explain the general issue | I am familiar with this and I would be able to explain this well | valid skip (filter rule) | system missing | not administered/not applicable | invalid | no response,我從沒聽過=2.85 | 我聽過，但沒辦法說明它到底是什麼=14.79 | 我知道一些，能說明大致的問題=62.76 | 我很熟悉，能清楚說明=19.6,我從沒聽過=7.7 | 我聽過，但沒辦法說明它到底是什麼=24.26 | 我知道一些，能說明大致的問題=43.13 | 我很熟悉，能清楚說明=24.91,Table I.B1.5.6
TC421Q11DA,TC421,環境議題認識程度,Students' environmental awareness,您對以下環境議題的了解程度如何?,How informed are you about the following environmental issues?,水污染,官方,Water pollution,我從沒聽過 | 我聽過，但沒辦法說明它到底是什麼 | 我知道一些，能說明大致的問題 | 我很熟悉，能清楚說明 | valid skip (filter rule) | system missing | not administered/not applicable | invalid | no response,I have never heard of this | I have heard about this but I would not be able to explain what it is really about | I know something about this and could explain the general issue | I am familiar with this and I would be able to explain this well | valid skip (filter rule) | system missing | not administered/not applicable | invalid | no response,,,Table I.B1.5.6
TC421Q12DA,TC421,環境議題認識程度,Students' environmental awareness,您對以下環境議題的了解程度如何?,How informed are you about the following environmental issues?,塑膠污染的影響,官方,Effects of plastic pollution,我從沒聽過 | 我聽過，但沒辦法說明它到底是什麼 | 我知道一些，能說明大致的問題 | 我很熟悉，能清楚說明 | valid skip (filter rule) | system missing | not administered/not applicable | invalid | no response,I have never heard of this | I have heard about this but I would not be able to explain what it is really about | I know something about this and could explain the general issue | I am familiar with this and I would be able to explain this well | valid skip (filter rule) | system missing | not administered/not applicable | invalid | no response,我從沒聽過=2.91 | 我聽過，但沒辦法說明它到底是什麼=13.06 | 我知道一些，能說明大致的問題=62.68 | 我很熟悉，能清楚說明=21.35,我從沒聽過=5.81 | 我聽過，但沒辦法說明它到底是什麼=18.09 | 我知道一些，能說明大致的問題=43.53 | 我很熟悉，能清楚說明=32.57,Table I.B1.5.6
TC421Q13DA,TC421,環境議題認識程度,Students' environmental awareness,您對以下環境議題的了解程度如何?,How informed are you about the following environmental issues?,食物浪費的原因,官方,Causes of food waste,我從沒聽過 | 我聽過，但沒辦法說明它到底是什麼 | 我知道一些，能說明大致的問題 | 我很熟悉，能清楚說明 | valid skip (filter rule) | system missing | not administered/not applicable | invalid | no response,I have never heard of this | I have heard about this but I would not be able to explain what it is really about | I know something about this and could explain the general issue | I am familiar with this and I would be able to explain this well | valid skip (filter rule) | system missing | not administered/not applicable | invalid | no response,,,Table I.B1.5.6
TC421Q14DA,TC421,環境議題認識程度,Students' environmental awareness,您對以下環境議題的了解程度如何?,How informed are you about the following environmental issues?,再生能源的優點,官方,Advantages of renewable energy,我從沒聽過 | 我聽過，但沒辦法說明它到底是什麼 | 我知道一些，能說明大致的問題 | 我很熟悉，能清楚說明 | valid skip (filter rule) | system missing | not administered/not applicable | invalid | no response,I have never heard of this | I have heard about this but I would not be able to explain what it is really about | I know something about this and could explain the general issue | I am familiar with this and I would be able to explain this well | valid skip (filter rule) | system missing | not administered/not applicable | invalid | no response,,,Table I.B1.5.6
TC424Q01DA,TC424,參與環境相關活動,Students' participation in environment-related activities,在過去 12 個月中，您有多常參與以下環保行動？,How often have you participated in the following environmental actions in the last 12 months?,參加與環境議題有關的和平遊行或集會,官方,Joined a peaceful march or rally related to an environmental issue,完全不會 | 有時 | Frequently | Very frequently | valid skip (filter rule) | system missing | not administered/not applicable | invalid | no response,Not at all | Sometimes | Frequently | Very frequently | valid skip (filter rule) | system missing | not administered/not applicable | invalid | no response,從不=77.94 | 一次=13.98 | 幾次=6.1 | 很多次=1.98,從不=77.87 | 一次=12.15 | 幾次=7.84 | 很多次=2.13,Table I.B1.5.24
TC424Q03DA,TC424,參與環境相關活動,Students' participation in environment-related activities,在過去 12 個月中，您有多常參與以下環保行動？,How often have you participated in the following environmental actions in the last 12 months?,在社群媒體發佈對某個環境議題的擔憂,官方,Posted concerns about an environmental issue on social media,完全不會 | 有時 | Frequently | Very frequently | valid skip (filter rule) | system missing | not administered/not applicable | invalid | no response,Not at all | Sometimes | Frequently | Very frequently | valid skip (filter rule) | system missing | not administered/not applicable | invalid | no response,從不=69.73 | 一次=14.62 | 幾次=12.44 | 很多次=3.2,從不=76.97 | 一次=11.68 | 幾次=9.14 | 很多次=2.21,Table I.B1.5.24
TC424Q06DA,TC424,參與環境相關活動,Students' participation in environment-related activities,在過去 12 個月中，您有多常參與以下環保行動？,How often have you participated in the following environmental actions in the last 12 months?,購買產品時考慮其永續性,官方,Made purchases based on how sustainable the products are,完全不會 | 有時 | Frequently | Very frequently | valid skip (filter rule) | system missing | not administered/not applicable | invalid | no response,Not at all | Sometimes | Frequently | Very frequently | valid skip (filter rule) | system missing | not administered/not applicable | invalid | no response,從不=46.65 | 一次=18.42 | 幾次=26.92 | 很多次=8.01,從不=45.68 | 一次=16.94 | 幾次=27.66 | 很多次=9.71,Table I.B1.5.24
TC424Q12DA,TC424,參與環境相關活動,Students' participation in environment-related activities,在過去 12 個月中，您有多常參與以下環保行動？,How often have you participated in the following environmental actions in the last 12 months?,為了減少對環境的影響，停止食用某些食物,官方,Stopped eating certain foods to minimize some impacts on the environment,完全不會 | 有時 | Frequently | Very frequently | valid skip (filter rule) | system missing | not administered/not applicable | invalid | no response,Not at all | Sometimes | Frequently | Very frequently | valid skip (filter rule) | system missing | not administered/not applicable | invalid | no response,從不=56.41 | 一次=16.92 | 幾次=20.89 | 很多次=5.78,從不=60.27 | 一次=15.1 | 幾次=18.24 | 很多次=6.39,Table I.B1.5.24
TC424Q14DA,TC424,參與環境相關活動,Students' participation in environment-related activities,在過去 12 個月中，您有多常參與以下環保行動？,How often have you participated in the following environmental actions in the last 12 months?,與朋友和家人討論如何對環境產生正面影響,官方,Discussed with friends and family how to have a positive impact on the environment,完全不會 | 有時 | Frequently | Very frequently | valid skip (filter rule) | system missing | not administered/not applicable | invalid | no response,Not at all | Sometimes | Frequently | Very frequently | valid skip (filter rule) | system missing | not administered/not applicable | invalid | no response,從不=47.35 | 一次=21.22 | 幾次=23.99 | 很多次=7.44,從不=44.45 | 一次=20.67 | 幾次=25.15 | 很多次=9.73,Table I.B1.5.24
TC425Q01DA,TC425,,,您是否避免教授以下任何主題，因為您認為它們太具爭議性？,Do you avoid teaching any of the following topics because you consider them to be too controversial?,氣候變遷,官方,Climate Change,是 | 否 | valid skip (filter rule) | system missing | not administered/not applicable | invalid | no response,Yes | No | valid skip (filter rule) | system missing | not administered/not applicable | invalid | no response,,,
TC425Q02DA,TC425,,,您是否避免教授以下任何主題，因為您認為它們太具爭議性？,Do you avoid teaching any of the following topics because you consider them to be too controversial?,演化,官方,Evolution,是 | 否 | valid skip (filter rule) | system missing | not administered/not applicable | invalid | no response,Yes | No | valid skip (filter rule) | system missing | not administered/not applicable | invalid | no response,,,
TC425Q03DA,TC425,,,您是否避免教授以下任何主題，因為您認為它們太具爭議性？,Do you avoid teaching any of the following topics because you consider them to be too controversial?,大爆炸及宇宙的起源,官方,Big bang and origin of the universe,是 | 否 | valid skip (filter rule) | system missing | not administered/not applicable | invalid | no response,Yes | No | valid skip (filter rule) | system missing | not administered/not applicable | invalid | no response,,,
TC425Q04DA,TC425,,,您是否避免教授以下任何主題，因為您認為它們太具爭議性？,Do you avoid teaching any of the following topics because you consider them to be too controversial?,環境惡化,官方,Environmental degradation,是 | 否 | valid skip (filter rule) | system missing | not administered/not applicable | invalid | no response,Yes | No | valid skip (filter rule) | system missing | not administered/not applicable | invalid | no response,,,
TC425Q05DA,TC425,,,您是否避免教授以下任何主題，因為您認為它們太具爭議性？,Do you avoid teaching any of the following topics because you consider them to be too controversial?,肉食或素食的飲食,官方,Meat-based or vegetarian diets,是 | 否 | valid skip (filter rule) | system missing | not administered/not applicable | invalid | no response,Yes | No | valid skip (filter rule) | system missing | not administered/not applicable | invalid | no response,,,
TC425Q09DA,TC425,,,您是否避免教授以下任何主題，因為您認為它們太具爭議性？,Do you avoid teaching any of the following topics because you consider them to be too controversial?,您國家的環境政策和／或實踐,官方,Your country’s environmental policies and/or practices,是 | 否 | valid skip (filter rule) | system missing | not administered/not applicable | invalid | no response,Yes | No | valid skip (filter rule) | system missing | not administered/not applicable | invalid | no response,,,
TC425Q10DA,TC425,,,您是否避免教授以下任何主題，因為您認為它們太具爭議性？,Do you avoid teaching any of the following topics because you consider them to be too controversial?,其他國家的環境政策和／或實踐,官方,Other country’s environmental policies and/or practices,是 | 否 | valid skip (filter rule) | system missing | not administered/not applicable | invalid | no response,Yes | No | valid skip (filter rule) | system missing | not administered/not applicable | invalid | no response,,,
TC426Q01DA,TC426,,,以下敘述是有關在科學教學中使用數位資源的優點。您有多同意或不,The statements below are about the advantages of using <digital resources> in teaching science. How strongly do you agree or disagree with these statements?,數位資源增加學生參與度,官方,<Digital resources> increase student engagement.,非常不同意 | 不同意 | 同意 | 非常同意 | valid skip (filter rule) | system missing | not administered/not applicable | invalid | no response,Strongly disagree | Disagree | Agree | Strongly agree | valid skip (filter rule) | system missing | not administered/not applicable | invalid | no response,,,
TC426Q02DA,TC426,,,以下敘述是有關在科學教學中使用數位資源的優點。您有多同意或不,The statements below are about the advantages of using <digital resources> in teaching science. How strongly do you agree or disagree with these statements?,數位資源讓學生接觸更多資訊來源,官方,<Digital resources> let students access more sources of information.,非常不同意 | 不同意 | 同意 | 非常同意 | valid skip (filter rule) | system missing | not administered/not applicable | invalid | no response,Strongly disagree | Disagree | Agree | Strongly agree | valid skip (filter rule) | system missing | not administered/not applicable | invalid | no response,,,
TC426Q03DA,TC426,,,以下敘述是有關在科學教學中使用數位資源的優點。您有多同意或不,The statements below are about the advantages of using <digital resources> in teaching science. How strongly do you agree or disagree with these statements?,數位資源促進學生間的協作,官方,<Digital resources> promote collaboration among students.,非常不同意 | 不同意 | 同意 | 非常同意 | valid skip (filter rule) | system missing | not administered/not applicable | invalid | no response,Strongly disagree | Disagree | Agree | Strongly agree | valid skip (filter rule) | system missing | not administered/not applicable | invalid | no response,,,
TC426Q04DA,TC426,,,以下敘述是有關在科學教學中使用數位資源的優點。您有多同意或不,The statements below are about the advantages of using <digital resources> in teaching science. How strongly do you agree or disagree with these statements?,數位資源增進與學生的溝通,官方,<Digital resources> improve communication with the students.,非常不同意 | 不同意 | 同意 | 非常同意 | valid skip (filter rule) | system missing | not administered/not applicable | invalid | no response,Strongly disagree | Disagree | Agree | Strongly agree | valid skip (filter rule) | system missing | not administered/not applicable | invalid | no response,,,
TC426Q05DA,TC426,,,以下敘述是有關在科學教學中使用數位資源的優點。您有多同意或不,The statements below are about the advantages of using <digital resources> in teaching science. How strongly do you agree or disagree with these statements?,數位資源有益於監督學生的學習和思考過程,官方,<Digital resources> are useful to monitor students’ learning and reasoning processes.,非常不同意 | 不同意 | 同意 | 非常同意 | valid skip (filter rule) | system missing | not administered/not applicable | invalid | no response,Strongly disagree | Disagree | Agree | Strongly agree | valid skip (filter rule) | system missing | not administered/not applicable | invalid | no response,,,
TC426Q06DA,TC426,,,以下敘述是有關在科學教學中使用數位資源的優點。您有多同意或不,The statements below are about the advantages of using <digital resources> in teaching science. How strongly do you agree or disagree with these statements?,數位資源有助於更好地評量學生的技能,官方,<Digital resources> help better assess students’ skills.,非常不同意 | 不同意 | 同意 | 非常同意 | valid skip (filter rule) | system missing | not administered/not applicable | invalid | no response,Strongly disagree | Disagree | Agree | Strongly agree | valid skip (filter rule) | system missing | not administered/not applicable | invalid | no response,,,
TC426Q09DA,TC426,,,以下敘述是有關在科學教學中使用數位資源的優點。您有多同意或不,The statements below are about the advantages of using <digital resources> in teaching science. How strongly do you agree or disagree with these statements?,數位資源幫助學生透過多媒體簡報（例如：模擬、虛擬現實）來掌握複雜的概念,官方,<Digital resources> help students grasp complex concepts through multimedia presentations (e.g. s,非常不同意 | 不同意 | 同意 | 非常同意 | valid skip (filter rule) | system missing | not administered/not applicable | invalid | no response,Strongly disagree | Disagree | Agree | Strongly agree | valid skip (filter rule) | system missing | not administered/not applicable | invalid | no response,,,
TC428Q01DA,TC428,,,您有多常要求學生在您的自然科學課堂中或寫家庭作業時做以下任務,How often do you instruct your students to do the following tasks in your Science lessons or when completing homework?,使用數位資源讓學生觀察自然系統或現象,官方,Use <digital resources> to make students observe a natural system or phenomenon,從不或幾乎從不 | 大約一年一到兩次 | 大約一個月一到兩次 | 大約一週一到兩次 | 每天或幾乎每天,Never or almost never | About once or twice a year | About once or twice a month | About once or twice a week | Every day or almost every day,,,
TC428Q04DA,TC428,,,您有多常要求學生在您的自然科學課堂中或寫家庭作業時做以下任務,How often do you instruct your students to do the following tasks in your Science lessons or when completing homework?,使用數位資源來收集、記錄和分析數據,官方,"Use <digital resources> to collect, record, and analyse data",從不或幾乎從不 | 大約一年一到兩次 | 大約一個月一到兩次 | 大約一週一到兩次 | 每天或幾乎每天,Never or almost never | About once or twice a year | About once or twice a month | About once or twice a week | Every day or almost every day,,,
TC428Q05DA,TC428,,,您有多常要求學生在您的自然科學課堂中或寫家庭作業時做以下任務,How often do you instruct your students to do the following tasks in your Science lessons or when completing homework?,使用數位資源來模擬和建模（例如：NetLogo）,官方,"Use <digital resources> for simulations and modelling (e.g. <GeoGebra>, <NetLogo>),",從不或幾乎從不 | 大約一年一到兩次 | 大約一個月一到兩次 | 大約一週一到兩次 | 每天或幾乎每天,Never or almost never | About once or twice a year | About once or twice a month | About once or twice a week | Every day or almost every day,,,
TC428Q07DA,TC428,,,您有多常要求學生在您的自然科學課堂中或寫家庭作業時做以下任務,How often do you instruct your students to do the following tasks in your Science lessons or when completing homework?,使用數位資源寫程式或做演算法（例如 Scratch 等）,官方,"Use <digital resources> for coding or algorithm activities (e.g. <Scratch>, etc.)",從不或幾乎從不 | 大約一年一到兩次 | 大約一個月一到兩次 | 大約一週一到兩次 | 每天或幾乎每天,Never or almost never | About once or twice a year | About once or twice a month | About once or twice a week | Every day or almost every day,,,
TC429Q01DA,TC429,,,下列情況有多常在您的課堂中發生？,How often do these situations occur in your lessons?,我向學生說明課堂或學習單元的學習目標,官方,I explain the learning goals for the lesson or study unit to students.,從不或幾乎從不 | 部分課堂 | Many lessons | Every lesson or almost every lesson | valid skip (filter rule) | system missing | not administered/not applicable | invalid | no response,Never or almost never | Some lessons | Many lessons | Every lesson or almost every lesson | valid skip (filter rule) | system missing | not administered/not applicable | invalid | no response,,,
TC429Q03DA,TC429,,,下列情況有多常在您的課堂中發生？,How often do these situations occur in your lessons?,我與學生一起執行任務時（例如分析文章、設計實驗），詳細說明我的想法,官方,"I talk through my thinking when carrying out tasks with students (e.g. analysing a text, designing an experiment).",從不或幾乎從不 | 部分課堂 | Many lessons | Every lesson or almost every lesson | valid skip (filter rule) | system missing | not administered/not applicable | invalid | no response,Never or almost never | Some lessons | Many lessons | Every lesson or almost every lesson | valid skip (filter rule) | system missing | not administered/not applicable | invalid | no response,,,
TC429Q05DA,TC429,,,下列情況有多常在您的課堂中發生？,How often do these situations occur in your lessons?,我要求學生在開始任務前，先確認完成任務所需要的資源,官方,I ask students to identify what resources they will need to complete a task before they get started.,從不或幾乎從不 | 部分課堂 | Many lessons | Every lesson or almost every lesson | valid skip (filter rule) | system missing | not administered/not applicable | invalid | no response,Never or almost never | Some lessons | Many lessons | Every lesson or almost every lesson | valid skip (filter rule) | system missing | not administered/not applicable | invalid | no response,,,
TC430Q01DA,TC430,,,,In what language do you teach <science> to students in <national modal grade for 15-year-olds>?,,,<PISA reading test language>,是 | 否 | valid skip (filter rule) | system missing | not administered/not applicable | invalid | no response,Yes | No | valid skip (filter rule) | system missing | not administered/not applicable | invalid | no response,,,
TC430Q02DA,TC430,,,,In what language do you teach <science> to students in <national modal grade for 15-year-olds>?,,,<English²>,是 | 否 | valid skip (filter rule) | system missing | not administered/not applicable | invalid | no response,Yes | No | valid skip (filter rule) | system missing | not administered/not applicable | invalid | no response,,,
TC430Q03DA,TC430,,,,In what language do you teach <science> to students in <national modal grade for 15-year-olds>?,,,Other language,是 | 否 | valid skip (filter rule) | system missing | not administered/not applicable | invalid | no response,Yes | No | valid skip (filter rule) | system missing | not administered/not applicable | invalid | no response,,,
